Domain Code,Domain,Area Code (M49),Area,Element Code,Element,Item Code (CPC),Item,Year Code,Year,Unit,Value,Flag,Flag Description,Note
"QCL","Crops and livestock products","356","India","5412","Yield","01371","Almonds, in shell","2011","2011","kg/ha","608.7","A","Official value",""
"QCL","Crops and livestock products","356","India","5412","Yield","01371","Almonds, in shell","2012","2012","kg/ha","181.8","A","Official value",""
"QCL","Crops and livestock products","356","India","5412","Yield","01371","Almonds, in shell","2013","2013","kg/ha","428.6","A","Official value",""
"QCL","Crops and livestock products","356","India","5412","Yield","01371","Almonds, in shell","2014","2014","kg/ha","619","A","Official value",""
"QCL","Crops and livestock products","356","India","5412","Yield","01371","Almonds, in shell","2015","2015","kg/ha","476.2","A","Official value",""
"QCL","Crops and livestock products","356","India","5412","Yield","01371","Almonds, in shell","2016","2016","kg/ha","678.9","A","Official value",""
"QCL","Crops and livestock products","356","India","5412","Yield","01371","Almonds, in shell","2017","2017","kg/ha","584.8","A","Official value",""
"QCL","Crops and livestock products","356","India","5412","Yield","01371","Almonds, in shell","2018","2018","kg/ha","1293.3","A","Official value",""
"QCL","Crops and livestock products","356","India","5412","Yield","01371","Almonds, in shell","2019","2019","kg/ha","1051.3","A","Official value",""
"QCL","Crops and livestock products","356","India","5412","Yield","01371","Almonds, in shell","2020","2020","kg/ha","1214.4","A","Official value",""
"QCL","Crops and livestock products","356","India","5412","Yield","01371","Almonds, in shell","2021","2021","kg/ha","1110.9","A","Official value",""
"QCL","Crops and livestock products","356","India","5412","Yield","01371","Almonds, in shell","2022","2022","kg/ha","1171.6","A","Official value",""
"QCL","Crops and livestock products","356","India","5412","Yield","01371","Almonds, in shell","2023","2023","kg/ha","1252.5","A","Official value",""
"QCL","Crops and livestock products","356","India","5412","Yield","01371","Almonds, in shell","2024","2024","kg/ha","1275.3","A","Official value",""
"QCL","Crops and livestock products","356","India","5412","Yield","01654","Anise, badian, coriander, cumin, caraway, fennel and juniper berries, raw","1961","1961","kg/ha","500","E","Estimated value",""
"QCL","Crops and livestock products","356","India","5412","Yield","01654","Anise, badian, coriander, cumin, caraway, fennel and juniper berries, raw","1962","1962","kg/ha","500","E","Estimated value",""
"QCL","Crops and livestock products","356","India","5412","Yield","01654","Anise, badian, coriander, cumin, caraway, fennel and juniper berries, raw","1963","1963","kg/ha","500","E","Estimated value",""
"QCL","Crops and livestock products","356","India","5412","Yield","01654","Anise, badian, coriander, cumin, caraway, fennel and juniper berries, raw","1964","1964","kg/ha","500","E","Estimated value",""
"QCL","Crops and livestock products","356","India","5412","Yield","01654","Anise, badian, coriander, cumin, caraway, fennel and juniper berries, raw","1965","1965","kg/ha","500","E","Estimated value",""
"QCL","Crops and livestock products","356","India","5412","Yield","01654","Anise, badian, coriander, cumin, caraway, fennel and juniper berries, raw","1966","1966","kg/ha","494.8","E","Estimated value",""
"QCL","Crops and livestock products","356","India","5412","Yield","01654","Anise, badian, coriander, cumin, caraway, fennel and juniper berries, raw","1967","1967","kg/ha","494.8","E","Estimated value",""
"QCL","Crops and livestock products","356","India","5412","Yield","01654","Anise, badian, coriander, cumin, caraway, fennel and juniper berries, raw","1968","1968","kg/ha","494.8","E","Estimated value",""
"QCL","Crops and livestock products","356","India","5412","Yield","01654","Anise, badian, coriander, cumin, caraway, fennel and juniper berries, raw","1969","1969","kg/ha","452.6","E","Estimated value",""
"QCL","Crops and livestock products","356","India","5412","Yield","01654","Anise, badian, coriander, cumin, caraway, fennel and juniper berries, raw","1970","1970","kg/ha","452.6","E","Estimated value",""
"QCL","Crops and livestock products","356","India","5412","Yield","01654","Anise, badian, coriander, cumin, caraway, fennel and juniper berries, raw","1971","1971","kg/ha","452.6","E","Estimated value",""
"QCL","Crops and livestock products","356","India","5412","Yield","01654","Anise, badian, coriander, cumin, caraway, fennel and juniper berries, raw","1972","1972","kg/ha","432.7","E","Estimated value",""
"QCL","Crops and livestock products","356","India","5412","Yield","01654","Anise, badian, coriander, cumin, caraway, fennel and juniper berries, raw","1973","1973","kg/ha","432.7","E","Estimated value",""
"QCL","Crops and livestock products","356","India","5412","Yield","01654","Anise, badian, coriander, cumin, caraway, fennel and juniper berries, raw","1974","1974","kg/ha","432.7","E","Estimated value",""
"QCL","Crops and livestock products","356","India","5412","Yield","01654","Anise, badian, coriander, cumin, caraway, fennel and juniper berries, raw","1975","1975","kg/ha","436.1","A","Official value",""
"QCL","Crops and livestock products","356","India","5412","Yield","01654","Anise, badian, coriander, cumin, caraway, fennel and juniper berries, raw","1976","1976","kg/ha","467.9","A","Official value",""
"QCL","Crops and livestock products","356","India","5412","Yield","01654","Anise, badian, coriander, cumin, caraway, fennel and juniper berries, raw","1977","1977","kg/ha","615","A","Official value",""
"QCL","Crops and livestock products","356","India","5412","Yield","01654","Anise, badian, coriander, cumin, caraway, fennel and juniper berries, raw","1978","1978","kg/ha","503.6","A","Official value",""
"QCL","Crops and livestock products","356","India","5412","Yield","01654","Anise, badian, coriander, cumin, caraway, fennel and juniper berries, raw","1979","1979","kg/ha","508.4","A","Official value",""
"QCL","Crops and livestock products","356","India","5412","Yield","01654","Anise, badian, coriander, cumin, caraway, fennel and juniper berries, raw","1980","1980","kg/ha","569.8","A","Official value",""
"QCL","Crops and livestock products","356","India","5412","Yield","01654","Anise, badian, coriander, cumin, caraway, fennel and juniper berries, raw","1981","1981","kg/ha","593.3","A","Official value",""
"QCL","Crops and livestock products","356","India","5412","Yield","01654","Anise, badian, coriander, cumin, caraway, fennel and juniper berries, raw","1982","1982","kg/ha","500.8","A","Official value",""
"QCL","Crops and livestock products","356","India","5412","Yield","01654","Anise, badian, coriander, cumin, caraway, fennel and juniper berries, raw","1983","1983","kg/ha","640","A","Official value",""
"QCL","Crops and livestock products","356","India","5412","Yield","01654","Anise, badian, coriander, cumin, caraway, fennel and juniper berries, raw","1984","1984","kg/ha","605.3","A","Official value",""
"QCL","Crops and livestock products","356","India","5412","Yield","01654","Anise, badian, coriander, cumin, caraway, fennel and juniper berries, raw","1985","1985","kg/ha","526.5","A","Official value",""
"QCL","Crops and livestock products","356","India","5412","Yield","01654","Anise, badian, coriander, cumin, caraway, fennel and juniper berries, raw","1986","1986","kg/ha","532","A","Official value",""
"QCL","Crops and livestock products","356","India","5412","Yield","01654","Anise, badian, coriander, cumin, caraway, fennel and juniper berries, raw","1987","1987","kg/ha","462.2","A","Official value",""
"QCL","Crops and livestock products","356","India","5412","Yield","01654","Anise, badian, coriander, cumin, caraway, fennel and juniper berries, raw","1988","1988","kg/ha","544.1","A","Official value",""
"QCL","Crops and livestock products","356","India","5412","Yield","01654","Anise, badian, coriander, cumin, caraway, fennel and juniper berries, raw","1989","1989","kg/ha","396","A","Official value",""
"QCL","Crops and livestock products","356","India","5412","Yield","01654","Anise, badian, coriander, cumin, caraway, fennel and juniper berries, raw","1990","1990","kg/ha","591.2","A","Official value",""
"QCL","Crops and livestock products","356","India","5412","Yield","01654","Anise, badian, coriander, cumin, caraway, fennel and juniper berries, raw","1991","1991","kg/ha","479.7","A","Official value",""
"QCL","Crops and livestock products","356","India","5412","Yield","01654","Anise, badian, coriander, cumin, caraway, fennel and juniper berries, raw","1992","1992","kg/ha","465.8","A","Official value",""
"QCL","Crops and livestock products","356","India","5412","Yield","01654","Anise, badian, coriander, cumin, caraway, fennel and juniper berries, raw","1993","1993","kg/ha","474.2","A","Official value",""
"QCL","Crops and livestock products","356","India","5412","Yield","01654","Anise, badian, coriander, cumin, caraway, fennel and juniper berries, raw","1994","1994","kg/ha","428","A","Official value",""
"QCL","Crops and livestock products","356","India","5412","Yield","01654","Anise, badian, coriander, cumin, caraway, fennel and juniper berries, raw","1995","1995","kg/ha","427","A","Official value",""
"QCL","Crops and livestock products","356","India","5412","Yield","01654","Anise, badian, coriander, cumin, caraway, fennel and juniper berries, raw","1996","1996","kg/ha","448","A","Official value",""
"QCL","Crops and livestock products","356","India","5412","Yield","01654","Anise, badian, coriander, cumin, caraway, fennel and juniper berries, raw","1997","1997","kg/ha","511.2","A","Official value",""
"QCL","Crops and livestock products","356","India","5412","Yield","01654","Anise, badian, coriander, cumin, caraway, fennel and juniper berries, raw","1998","1998","kg/ha","503.2","A","Official value",""
"QCL","Crops and livestock products","356","India","5412","Yield","01654","Anise, badian, coriander, cumin, caraway, fennel and juniper berries, raw","1999","1999","kg/ha","524.9","A","Official value",""
"QCL","Crops and livestock products","356","India","5412","Yield","01654","Anise, badian, coriander, cumin, caraway, fennel and juniper berries, raw","2000","2000","kg/ha","483.9","A","Official value",""
"QCL","Crops and livestock products","356","India","5412","Yield","01654","Anise, badian, coriander, cumin, caraway, fennel and juniper berries, raw","2001","2001","kg/ha","572.4","A","Official value",""
"QCL","Crops and livestock products","356","India","5412","Yield","01654","Anise, badian, coriander, cumin, caraway, fennel and juniper berries, raw","2002","2002","kg/ha","566.8","A","Official value",""
"QCL","Crops and livestock products","356","India","5412","Yield","01654","Anise, badian, coriander, cumin, caraway, fennel and juniper berries, raw","2003","2003","kg/ha","405.5","A","Official value",""
"QCL","Crops and livestock products","356","India","5412","Yield","01654","Anise, badian, coriander, cumin, caraway, fennel and juniper berries, raw","2004","2004","kg/ha","673.5","A","Official value",""
"QCL","Crops and livestock products","356","India","5412","Yield","01654","Anise, badian, coriander, cumin, caraway, fennel and juniper berries, raw","2005","2005","kg/ha","619.4","A","Official value",""
"QCL","Crops and livestock products","356","India","5412","Yield","01654","Anise, badian, coriander, cumin, caraway, fennel and juniper berries, raw","2006","2006","kg/ha","605","A","Official value",""
"QCL","Crops and livestock products","356","India","5412","Yield","01654","Anise, badian, coriander, cumin, caraway, fennel and juniper berries, raw","2007","2007","kg/ha","585.7","A","Official value",""
"QCL","Crops and livestock products","356","India","5412","Yield","01654","Anise, badian, coriander, cumin, caraway, fennel and juniper berries, raw","2008","2008","kg/ha","633.5","A","Official value",""
"QCL","Crops and livestock products","356","India","5412","Yield","01654","Anise, badian, coriander, cumin, caraway, fennel and juniper berries, raw","2009","2009","kg/ha","548.3","A","Official value",""
"QCL","Crops and livestock products","356","India","5412","Yield","01654","Anise, badian, coriander, cumin, caraway, fennel and juniper berries, raw","2010","2010","kg/ha","570.8","A","Official value",""
"QCL","Crops and livestock products","356","India","5412","Yield","01654","Anise, badian, coriander, cumin, caraway, fennel and juniper berries, raw","2011","2011","kg/ha","819.9","A","Official value",""
"QCL","Crops and livestock products","356","India","5412","Yield","01654","Anise, badian, coriander, cumin, caraway, fennel and juniper berries, raw","2012","2012","kg/ha","854.6","A","Official value",""
"QCL","Crops and livestock products","356","India","5412","Yield","01654","Anise, badian, coriander, cumin, caraway, fennel and juniper berries, raw","2013","2013","kg/ha","857.7","A","Official value",""
"QCL","Crops and livestock products","356","India","5412","Yield","01654","Anise, badian, coriander, cumin, caraway, fennel and juniper berries, raw","2014","2014","kg/ha","659.9","A","Official value",""
"QCL","Crops and livestock products","356","India","5412","Yield","01654","Anise, badian, coriander, cumin, caraway, fennel and juniper berries, raw","2015","2015","kg/ha","680.2","A","Official value",""
"QCL","Crops and livestock products","356","India","5412","Yield","01654","Anise, badian, coriander, cumin, caraway, fennel and juniper berries, raw","2016","2016","kg/ha","830.8","A","Official value",""
"QCL","Crops and livestock products","356","India","5412","Yield","01654","Anise, badian, coriander, cumin, caraway, fennel and juniper berries, raw","2017","2017","kg/ha","989","A","Official value",""
"QCL","Crops and livestock products","356","India","5412","Yield","01654","Anise, badian, coriander, cumin, caraway, fennel and juniper berries, raw","2018","2018","kg/ha","961","A","Official value",""
"QCL","Crops and livestock products","356","India","5412","Yield","01654","Anise, badian, coriander, cumin, caraway, fennel and juniper berries, raw","2019","2019","kg/ha","912.4","A","Official value",""
"QCL","Crops and livestock products","356","India","5412","Yield","01654","Anise, badian, coriander, cumin, caraway, fennel and juniper berries, raw","2020","2020","kg/ha","928.5","A","Official value",""
"QCL","Crops and livestock products","356","India","5412","Yield","01654","Anise, badian, coriander, cumin, caraway, fennel and juniper berries, raw","2021","2021","kg/ha","998.4","A","Official value",""
"QCL","Crops and livestock products","356","India","5412","Yield","01654","Anise, badian, coriander, cumin, caraway, fennel and juniper berries, raw","2022","2022","kg/ha","945.4","A","Official value",""
"QCL","Crops and livestock products","356","India","5412","Yield","01654","Anise, badian, coriander, cumin, caraway, fennel and juniper berries, raw","2023","2023","kg/ha","980.8","A","Official value",""
"QCL","Crops and livestock products","356","India","5412","Yield","01654","Anise, badian, coriander, cumin, caraway, fennel and juniper berries, raw","2024","2024","kg/ha","992.8","A","Official value",""
"QCL","Crops and livestock products","356","India","5412","Yield","01341","Apples","1961","1961","kg/ha","4157.3","E","Estimated value",""
"QCL","Crops and livestock products","356","India","5412","Yield","01341","Apples","1962","1962","kg/ha","4155.8","E","Estimated value",""
"QCL","Crops and livestock products","356","India","5412","Yield","01341","Apples","1963","1963","kg/ha","4154.3","E","Estimated value",""
"QCL","Crops and livestock products","356","India","5412","Yield","01341","Apples","1964","1964","kg/ha","4150.9","E","Estimated value",""
"QCL","Crops and livestock products","356","India","5412","Yield","01341","Apples","1965","1965","kg/ha","4147.5","E","Estimated value",""
"QCL","Crops and livestock products","356","India","5412","Yield","01341","Apples","1966","1966","kg/ha","4148.9","E","Estimated value",""
"QCL","Crops and livestock products","356","India","5412","Yield","01341","Apples","1967","1967","kg/ha","4150.3","E","Estimated value",""
"QCL","Crops and livestock products","356","India","5412","Yield","01341","Apples","1968","1968","kg/ha","4147.6","E","Estimated value",""
"QCL","Crops and livestock products","356","India","5412","Yield","01341","Apples","1969","1969","kg/ha","4144.3","E","Estimated value",""
"QCL","Crops and livestock products","356","India","5412","Yield","01341","Apples","1970","1970","kg/ha","4146.7","E","Estimated value",""
"QCL","Crops and livestock products","356","India","5412","Yield","01341","Apples","1971","1971","kg/ha","4150.9","E","Estimated value",""
"QCL","Crops and livestock products","356","India","5412","Yield","01341","Apples","1972","1972","kg/ha","4727.1","E","Estimated value",""
"QCL","Crops and livestock products","356","India","5412","Yield","01341","Apples","1973","1973","kg/ha","5088.9","E","Estimated value",""
"QCL","Crops and livestock products","356","India","5412","Yield","01341","Apples","1974","1974","kg/ha","5456.2","E","Estimated value",""
"QCL","Crops and livestock products","356","India","5412","Yield","01341","Apples","1975","1975","kg/ha","4408","E","Estimated value",""
"QCL","Crops and livestock products","356","India","5412","Yield","01341","Apples","1976","1976","kg/ha","4149.4","E","Estimated value",""
"QCL","Crops and livestock products","356","India","5412","Yield","01341","Apples","1977","1977","kg/ha","4139.9","A","Official value",""
"QCL","Crops and livestock products","356","India","5412","Yield","01341","Apples","1978","1978","kg/ha","4338.3","A","Official value",""
"QCL","Crops and livestock products","356","India","5412","Yield","01341","Apples","1979","1979","kg/ha","5078","A","Official value",""
"QCL","Crops and livestock products","356","India","5412","Yield","01341","Apples","1980","1980","kg/ha","4737.2","A","Official value",""
"QCL","Crops and livestock products","356","India","5412","Yield","01341","Apples","1981","1981","kg/ha","5632.9","A","Official value",""
"QCL","Crops and livestock products","356","India","5412","Yield","01341","Apples","1982","1982","kg/ha","6029.1","A","Official value",""
"QCL","Crops and livestock products","356","India","5412","Yield","01341","Apples","1983","1983","kg/ha","5977.4","A","Official value",""
"QCL","Crops and livestock products","356","India","5412","Yield","01341","Apples","1984","1984","kg/ha","5977.3","A","Official value",""
"QCL","Crops and livestock products","356","India","5412","Yield","01341","Apples","1985","1985","kg/ha","5977.3","A","Official value",""
"QCL","Crops and livestock products","356","India","5412","Yield","01341","Apples","1986","1986","kg/ha","7624.2","E","Estimated value",""
"QCL","Crops and livestock products","356","India","5412","Yield","01341","Apples","1987","1987","kg/ha","4831.1","A","Official value",""
"QCL","Crops and livestock products","356","India","5412","Yield","01341","Apples","1988","1988","kg/ha","5377.6","A","Official value",""
"QCL","Crops and livestock products","356","India","5412","Yield","01341","Apples","1989","1989","kg/ha","5808","A","Official value",""
"QCL","Crops and livestock products","356","India","5412","Yield","01341","Apples","1990","1990","kg/ha","5843.5","A","Official value",""
"QCL","Crops and livestock products","356","India","5412","Yield","01341","Apples","1991","1991","kg/ha","6068","A","Official value",""
"QCL","Crops and livestock products","356","India","5412","Yield","01341","Apples","1992","1992","kg/ha","5899.1","A","Official value",""
"QCL","Crops and livestock products","356","India","5412","Yield","01341","Apples","1993","1993","kg/ha","6108.3","A","Official value",""
"QCL","Crops and livestock products","356","India","5412","Yield","01341","Apples","1994","1994","kg/ha","6500","A","Official value",""
"QCL","Crops and livestock products","356","India","5412","Yield","01341","Apples","1995","1995","kg/ha","5714.3","A","Official value",""
"QCL","Crops and livestock products","356","India","5412","Yield","01341","Apples","1996","1996","kg/ha","5579.8","A","Official value",""
"QCL","Crops and livestock products","356","India","5412","Yield","01341","Apples","1997","1997","kg/ha","5875.1","A","Official value",""
"QCL","Crops and livestock products","356","India","5412","Yield","01341","Apples","1998","1998","kg/ha","5800.2","A","Official value",""
"QCL","Crops and livestock products","356","India","5412","Yield","01341","Apples","1999","1999","kg/ha","5974","A","Official value",""
"QCL","Crops and livestock products","356","India","5412","Yield","01341","Apples","2000","2000","kg/ha","4565.2","A","Official value",""
"QCL","Crops and livestock products","356","India","5412","Yield","01341","Apples","2001","2001","kg/ha","5125","A","Official value",""
"QCL","Crops and livestock products","356","India","5412","Yield","01341","Apples","2002","2002","kg/ha","4833.3","A","Official value",""
"QCL","Crops and livestock products","356","India","5412","Yield","01341","Apples","2003","2003","kg/ha","5880","A","Official value",""
"QCL","Crops and livestock products","356","India","5412","Yield","01341","Apples","2004","2004","kg/ha","7562.6","A","Official value",""
"QCL","Crops and livestock products","356","India","5412","Yield","01341","Apples","2005","2005","kg/ha","7537.9","A","Official value",""
"QCL","Crops and livestock products","356","India","5412","Yield","01341","Apples","2006","2006","kg/ha","8005.3","A","Official value",""
"QCL","Crops and livestock products","356","India","5412","Yield","01341","Apples","2007","2007","kg/ha","6444.4","A","Official value",""
"QCL","Crops and livestock products","356","India","5412","Yield","01341","Apples","2008","2008","kg/ha","7579.5","A","Official value",""
"QCL","Crops and livestock products","356","India","5412","Yield","01341","Apples","2009","2009","kg/ha","7244.5","A","Official value",""
"QCL","Crops and livestock products","356","India","5412","Yield","01341","Apples","2010","2010","kg/ha","6282.1","A","Official value",""
"QCL","Crops and livestock products","356","India","5412","Yield","01341","Apples","2011","2011","kg/ha","10000","A","Official value",""
"QCL","Crops and livestock products","356","India","5412","Yield","01341","Apples","2012","2012","kg/ha","6845","A","Official value",""
"QCL","Crops and livestock products","356","India","5412","Yield","01341","Apples","2013","2013","kg/ha","6137.8","A","Official value",""
"QCL","Crops and livestock products","356","India","5412","Yield","01341","Apples","2014","2014","kg/ha","7978.8","A","Official value",""
"QCL","Crops and livestock products","356","India","5412","Yield","01341","Apples","2015","2015","kg/ha","6689.7","A","Official value",""
"QCL","Crops and livestock products","356","India","5412","Yield","01341","Apples","2016","2016","kg/ha","9101.1","A","Official value",""
"QCL","Crops and livestock products","356","India","5412","Yield","01341","Apples","2017","2017","kg/ha","7426.2","A","Official value",""
"QCL","Crops and livestock products","356","India","5412","Yield","01341","Apples","2018","2018","kg/ha","7730.9","A","Official value",""
"QCL","Crops and livestock products","356","India","5412","Yield","01341","Apples","2019","2019","kg/ha","7519.5","A","Official value",""
"QCL","Crops and livestock products","356","India","5412","Yield","01341","Apples","2020","2020","kg/ha","9077.4","A","Official value",""
"QCL","Crops and livestock products","356","India","5412","Yield","01341","Apples","2021","2021","kg/ha","7271.6","A","Official value",""
"QCL","Crops and livestock products","356","India","5412","Yield","01341","Apples","2022","2022","kg/ha","8219","A","Official value",""
"QCL","Crops and livestock products","356","India","5412","Yield","01341","Apples","2023","2023","kg/ha","9460.5","A","Official value",""
"QCL","Crops and livestock products","356","India","5412","Yield","01341","Apples","2024","2024","kg/ha","8634.1","A","Official value",""
"QCL","Crops and livestock products","356","India","5412","Yield","01343","Apricots","1961","1961","kg/ha","2758.6","E","Estimated value",""
"QCL","Crops and livestock products","356","India","5412","Yield","01343","Apricots","1962","1962","kg/ha","3074.1","E","Estimated value",""
"QCL","Crops and livestock products","356","India","5412","Yield","01343","Apricots","1963","1963","kg/ha","3035.7","E","Estimated value",""
"QCL","Crops and livestock products","356","India","5412","Yield","01343","Apricots","1964","1964","kg/ha","3034.5","E","Estimated value",""
"QCL","Crops and livestock products","356","India","5412","Yield","01343","Apricots","1965","1965","kg/ha","3066.7","E","Estimated value",""
"QCL","Crops and livestock products","356","India","5412","Yield","01343","Apricots","1966","1966","kg/ha","3064.5","E","Estimated value",""
"QCL","Crops and livestock products","356","India","5412","Yield","01343","Apricots","1967","1967","kg/ha","3062.5","E","Estimated value",""
"QCL","Crops and livestock products","356","India","5412","Yield","01343","Apricots","1968","1968","kg/ha","3029.4","E","Estimated value",""
"QCL","Crops and livestock products","356","India","5412","Yield","01343","Apricots","1969","1969","kg/ha","3000","E","Estimated value",""
"QCL","Crops and livestock products","356","India","5412","Yield","01343","Apricots","1970","1970","kg/ha","3000","E","Estimated value",""
"QCL","Crops and livestock products","356","India","5412","Yield","01343","Apricots","1971","1971","kg/ha","3142.9","E","Estimated value",""
"QCL","Crops and livestock products","356","India","5412","Yield","01343","Apricots","1972","1972","kg/ha","3000","E","Estimated value",""
"QCL","Crops and livestock products","356","India","5412","Yield","01343","Apricots","1973","1973","kg/ha","3055.6","E","Estimated value",""
"QCL","Crops and livestock products","356","India","5412","Yield","01343","Apricots","1974","1974","kg/ha","3026.3","E","Estimated value",""
"QCL","Crops and livestock products","356","India","5412","Yield","01343","Apricots","1975","1975","kg/ha","3166.7","E","Estimated value",""
"QCL","Crops and livestock products","356","India","5412","Yield","01343","Apricots","1976","1976","kg/ha","3030.3","E","Estimated value",""
"QCL","Crops and livestock products","356","India","5412","Yield","01343","Apricots","1977","1977","kg/ha","2963","E","Estimated value",""
"QCL","Crops and livestock products","356","India","5412","Yield","01343","Apricots","1978","1978","kg/ha","2963","E","Estimated value",""
"QCL","Crops and livestock products","356","India","5412","Yield","01343","Apricots","1979","1979","kg/ha","2916.7","E","Estimated value",""
"QCL","Crops and livestock products","356","India","5412","Yield","01343","Apricots","1980","1980","kg/ha","3250","E","Estimated value",""
"QCL","Crops and livestock products","356","India","5412","Yield","01343","Apricots","1981","1981","kg/ha","3000","E","Estimated value",""
"QCL","Crops and livestock products","356","India","5412","Yield","01343","Apricots","1982","1982","kg/ha","2941.2","E","Estimated value",""
"QCL","Crops and livestock products","356","India","5412","Yield","01343","Apricots","1983","1983","kg/ha","2894.7","E","Estimated value",""
"QCL","Crops and livestock products","356","India","5412","Yield","01343","Apricots","1984","1984","kg/ha","2941.2","E","Estimated value",""
"QCL","Crops and livestock products","356","India","5412","Yield","01343","Apricots","1985","1985","kg/ha","3000","E","Estimated value",""
"QCL","Crops and livestock products","356","India","5412","Yield","01343","Apricots","1986","1986","kg/ha","3000","E","Estimated value",""
"QCL","Crops and livestock products","356","India","5412","Yield","01343","Apricots","1987","1987","kg/ha","3000","E","Estimated value",""
"QCL","Crops and livestock products","356","India","5412","Yield","01343","Apricots","1988","1988","kg/ha","2900","E","Estimated value",""
"QCL","Crops and livestock products","356","India","5412","Yield","01343","Apricots","1989","1989","kg/ha","2941.2","E","Estimated value",""
"QCL","Crops and livestock products","356","India","5412","Yield","01343","Apricots","1990","1990","kg/ha","3000","E","Estimated value",""
"QCL","Crops and livestock products","356","India","5412","Yield","01343","Apricots","1991","1991","kg/ha","2952.4","E","Estimated value",""
"QCL","Crops and livestock products","356","India","5412","Yield","01343","Apricots","1992","1992","kg/ha","2954.5","E","Estimated value",""
"QCL","Crops and livestock products","356","India","5412","Yield","01343","Apricots","1993","1993","kg/ha","2956.5","E","Estimated value",""
"QCL","Crops and livestock products","356","India","5412","Yield","01343","Apricots","1994","1994","kg/ha","2916.7","E","Estimated value",""
"QCL","Crops and livestock products","356","India","5412","Yield","01343","Apricots","1995","1995","kg/ha","2897.7","E","Estimated value",""
"QCL","Crops and livestock products","356","India","5412","Yield","01343","Apricots","1996","1996","kg/ha","2896.8","E","Estimated value",""
"QCL","Crops and livestock products","356","India","5412","Yield","01343","Apricots","1997","1997","kg/ha","2887.8","E","Estimated value",""
"QCL","Crops and livestock products","356","India","5412","Yield","01343","Apricots","1998","1998","kg/ha","2877.3","E","Estimated value",""
"QCL","Crops and livestock products","356","India","5412","Yield","01343","Apricots","1999","1999","kg/ha","2866.9","E","Estimated value",""
"QCL","Crops and livestock products","356","India","5412","Yield","01343","Apricots","2000","2000","kg/ha","2856.4","E","Estimated value",""
"QCL","Crops and livestock products","356","India","5412","Yield","01343","Apricots","2001","2001","kg/ha","2846","E","Estimated value",""
"QCL","Crops and livestock products","356","India","5412","Yield","01343","Apricots","2002","2002","kg/ha","2835.5","E","Estimated value",""
"QCL","Crops and livestock products","356","India","5412","Yield","01343","Apricots","2003","2003","kg/ha","2825.1","E","Estimated value",""
"QCL","Crops and livestock products","356","India","5412","Yield","01343","Apricots","2004","2004","kg/ha","2820.4","E","Estimated value",""
"QCL","Crops and livestock products","356","India","5412","Yield","01343","Apricots","2005","2005","kg/ha","2821.6","E","Estimated value",""
"QCL","Crops and livestock products","356","India","5412","Yield","01343","Apricots","2006","2006","kg/ha","2822.8","E","Estimated value",""
"QCL","Crops and livestock products","356","India","5412","Yield","01343","Apricots","2007","2007","kg/ha","2824","E","Estimated value",""
"QCL","Crops and livestock products","356","India","5412","Yield","01343","Apricots","2008","2008","kg/ha","2825.1","E","Estimated value",""
"QCL","Crops and livestock products","356","India","5412","Yield","01343","Apricots","2009","2009","kg/ha","2826.3","E","Estimated value",""
"QCL","Crops and livestock products","356","India","5412","Yield","01343","Apricots","2010","2010","kg/ha","2827.5","E","Estimated value",""
"QCL","Crops and livestock products","356","India","5412","Yield","01343","Apricots","2011","2011","kg/ha","2828.7","E","Estimated value",""
"QCL","Crops and livestock products","356","India","5412","Yield","01343","Apricots","2012","2012","kg/ha","2829.9","E","Estimated value",""
"QCL","Crops and livestock products","356","India","5412","Yield","01343","Apricots","2013","2013","kg/ha","2831","E","Estimated value",""
"QCL","Crops and livestock products","356","India","5412","Yield","01343","Apricots","2014","2014","kg/ha","2823.1","E","Estimated value",""
"QCL","Crops and livestock products","356","India","5412","Yield","01343","Apricots","2015","2015","kg/ha","2814.7","E","Estimated value",""
"QCL","Crops and livestock products","356","India","5412","Yield","01343","Apricots","2016","2016","kg/ha","2818.9","E","Estimated value",""
"QCL","Crops and livestock products","356","India","5412","Yield","01343","Apricots","2017","2017","kg/ha","2826","E","Estimated value",""
"QCL","Crops and livestock products","356","India","5412","Yield","01343","Apricots","2018","2018","kg/ha","2825.9","E","Estimated value",""
"QCL","Crops and livestock products","356","India","5412","Yield","01343","Apricots","2019","2019","kg/ha","2825.8","E","Estimated value",""
"QCL","Crops and livestock products","356","India","5412","Yield","01343","Apricots","2020","2020","kg/ha","2825.9","E","Estimated value",""
"QCL","Crops and livestock products","356","India","5412","Yield","01343","Apricots","2021","2021","kg/ha","2825.9","E","Estimated value",""
"QCL","Crops and livestock products","356","India","5412","Yield","01343","Apricots","2022","2022","kg/ha","2825.9","E","Estimated value",""
"QCL","Crops and livestock products","356","India","5412","Yield","01343","Apricots","2023","2023","kg/ha","2825.9","E","Estimated value",""
"QCL","Crops and livestock products","356","India","5412","Yield","01343","Apricots","2024","2024","kg/ha","2825.9","E","Estimated value",""
"QCL","Crops and livestock products","356","India","5412","Yield","01379.01","Areca nuts","1961","1961","kg/ha","888.9","E","Estimated value",""
"QCL","Crops and livestock products","356","India","5412","Yield","01379.01","Areca nuts","1962","1962","kg/ha","888.9","E","Estimated value",""
"QCL","Crops and livestock products","356","India","5412","Yield","01379.01","Areca nuts","1963","1963","kg/ha","888.9","E","Estimated value",""
"QCL","Crops and livestock products","356","India","5412","Yield","01379.01","Areca nuts","1964","1964","kg/ha","888.9","E","Estimated value",""
"QCL","Crops and livestock products","356","India","5412","Yield","01379.01","Areca nuts","1965","1965","kg/ha","862.6","A","Official value",""
"QCL","Crops and livestock products","356","India","5412","Yield","01379.01","Areca nuts","1966","1966","kg/ha","868.6","A","Official value",""
"QCL","Crops and livestock products","356","India","5412","Yield","01379.01","Areca nuts","1967","1967","kg/ha","915.5","A","Official value",""
"QCL","Crops and livestock products","356","India","5412","Yield","01379.01","Areca nuts","1968","1968","kg/ha","918.4","A","Official value",""
"QCL","Crops and livestock products","356","India","5412","Yield","01379.01","Areca nuts","1969","1969","kg/ha","891.7","A","Official value",""
"QCL","Crops and livestock products","356","India","5412","Yield","01379.01","Areca nuts","1970","1970","kg/ha","856.9","A","Official value",""
"QCL","Crops and livestock products","356","India","5412","Yield","01379.01","Areca nuts","1971","1971","kg/ha","842.8","A","Official value",""
"QCL","Crops and livestock products","356","India","5412","Yield","01379.01","Areca nuts","1972","1972","kg/ha","863.5","A","Official value",""
"QCL","Crops and livestock products","356","India","5412","Yield","01379.01","Areca nuts","1973","1973","kg/ha","828.8","A","Official value",""
"QCL","Crops and livestock products","356","India","5412","Yield","01379.01","Areca nuts","1974","1974","kg/ha","907.3","A","Official value",""
"QCL","Crops and livestock products","356","India","5412","Yield","01379.01","Areca nuts","1975","1975","kg/ha","870.5","A","Official value",""
"QCL","Crops and livestock products","356","India","5412","Yield","01379.01","Areca nuts","1976","1976","kg/ha","901.4","A","Official value",""
"QCL","Crops and livestock products","356","India","5412","Yield","01379.01","Areca nuts","1977","1977","kg/ha","917.4","A","Official value",""
"QCL","Crops and livestock products","356","India","5412","Yield","01379.01","Areca nuts","1978","1978","kg/ha","1025.8","A","Official value",""
"QCL","Crops and livestock products","356","India","5412","Yield","01379.01","Areca nuts","1979","1979","kg/ha","1015.1","A","Official value",""
"QCL","Crops and livestock products","356","India","5412","Yield","01379.01","Areca nuts","1980","1980","kg/ha","1004.4","A","Official value",""
"QCL","Crops and livestock products","356","India","5412","Yield","01379.01","Areca nuts","1981","1981","kg/ha","1057.8","A","Official value",""
"QCL","Crops and livestock products","356","India","5412","Yield","01379.01","Areca nuts","1982","1982","kg/ha","1066.3","A","Official value",""
"QCL","Crops and livestock products","356","India","5412","Yield","01379.01","Areca nuts","1983","1983","kg/ha","1097.1","A","Official value",""
"QCL","Crops and livestock products","356","India","5412","Yield","01379.01","Areca nuts","1984","1984","kg/ha","1018.3","A","Official value",""
"QCL","Crops and livestock products","356","India","5412","Yield","01379.01","Areca nuts","1985","1985","kg/ha","1179","A","Official value",""
"QCL","Crops and livestock products","356","India","5412","Yield","01379.01","Areca nuts","1986","1986","kg/ha","1164.9","A","Official value",""
"QCL","Crops and livestock products","356","India","5412","Yield","01379.01","Areca nuts","1987","1987","kg/ha","1124.2","A","Official value",""
"QCL","Crops and livestock products","356","India","5412","Yield","01379.01","Areca nuts","1988","1988","kg/ha","1134.6","A","Official value",""
"QCL","Crops and livestock products","356","India","5412","Yield","01379.01","Areca nuts","1989","1989","kg/ha","1218.8","A","Official value",""
"QCL","Crops and livestock products","356","India","5412","Yield","01379.01","Areca nuts","1990","1990","kg/ha","1199.5","A","Official value",""
"QCL","Crops and livestock products","356","India","5412","Yield","01379.01","Areca nuts","1991","1991","kg/ha","1099.1","A","Official value",""
"QCL","Crops and livestock products","356","India","5412","Yield","01379.01","Areca nuts","1992","1992","kg/ha","1096.5","A","Official value",""
"QCL","Crops and livestock products","356","India","5412","Yield","01379.01","Areca nuts","1993","1993","kg/ha","1131.1","A","Official value",""
"QCL","Crops and livestock products","356","India","5412","Yield","01379.01","Areca nuts","1994","1994","kg/ha","1151.2","A","Official value",""
"QCL","Crops and livestock products","356","India","5412","Yield","01379.01","Areca nuts","1995","1995","kg/ha","1187.8","A","Official value",""
"QCL","Crops and livestock products","356","India","5412","Yield","01379.01","Areca nuts","1996","1996","kg/ha","1158.8","A","Official value",""
"QCL","Crops and livestock products","356","India","5412","Yield","01379.01","Areca nuts","1997","1997","kg/ha","1178","A","Official value",""
"QCL","Crops and livestock products","356","India","5412","Yield","01379.01","Areca nuts","1998","1998","kg/ha","1242.6","A","Official value",""
"QCL","Crops and livestock products","356","India","5412","Yield","01379.01","Areca nuts","1999","1999","kg/ha","1107.1","A","Official value",""
"QCL","Crops and livestock products","356","India","5412","Yield","01379.01","Areca nuts","2000","2000","kg/ha","1137.9","A","Official value",""
"QCL","Crops and livestock products","356","India","5412","Yield","01379.01","Areca nuts","2001","2001","kg/ha","1137.9","A","Official value",""
"QCL","Crops and livestock products","356","India","5412","Yield","01379.01","Areca nuts","2002","2002","kg/ha","1379.3","A","Official value",""
"QCL","Crops and livestock products","356","India","5412","Yield","01379.01","Areca nuts","2003","2003","kg/ha","1176.9","A","Official value",""
"QCL","Crops and livestock products","356","India","5412","Yield","01379.01","Areca nuts","2004","2004","kg/ha","1203.3","A","Official value",""
"QCL","Crops and livestock products","356","India","5412","Yield","01379.01","Areca nuts","2005","2005","kg/ha","1242.7","A","Official value",""
"QCL","Crops and livestock products","356","India","5412","Yield","01379.01","Areca nuts","2006","2006","kg/ha","1267.6","A","Official value",""
"QCL","Crops and livestock products","356","India","5412","Yield","01379.01","Areca nuts","2007","2007","kg/ha","1262.9","A","Official value",""
"QCL","Crops and livestock products","356","India","5412","Yield","01379.01","Areca nuts","2008","2008","kg/ha","1231.2","A","Official value",""
"QCL","Crops and livestock products","356","India","5412","Yield","01379.01","Areca nuts","2009","2009","kg/ha","1243.3","A","Official value",""
"QCL","Crops and livestock products","356","India","5412","Yield","01379.01","Areca nuts","2010","2010","kg/ha","1194.7","A","Official value",""
"QCL","Crops and livestock products","356","India","5412","Yield","01379.01","Areca nuts","2011","2011","kg/ha","1194.7","A","Official value",""
"QCL","Crops and livestock products","356","India","5412","Yield","01379.01","Areca nuts","2012","2012","kg/ha","1467.7","A","Official value",""
"QCL","Crops and livestock products","356","India","5412","Yield","01379.01","Areca nuts","2013","2013","kg/ha","1365.5","A","Official value",""
"QCL","Crops and livestock products","356","India","5412","Yield","01379.01","Areca nuts","2014","2014","kg/ha","1376.1","A","Official value",""
"QCL","Crops and livestock products","356","India","5412","Yield","01379.01","Areca nuts","2015","2015","kg/ha","1660","A","Official value",""
"QCL","Crops and livestock products","356","India","5412","Yield","01379.01","Areca nuts","2016","2016","kg/ha","1506.3","A","Official value",""
"QCL","Crops and livestock products","356","India","5412","Yield","01379.01","Areca nuts","2017","2017","kg/ha","1589","A","Official value",""
"QCL","Crops and livestock products","356","India","5412","Yield","01379.01","Areca nuts","2018","2018","kg/ha","1676.1","A","Official value",""
"QCL","Crops and livestock products","356","India","5412","Yield","01379.01","Areca nuts","2019","2019","kg/ha","1726.1","A","Official value",""
"QCL","Crops and livestock products","356","India","5412","Yield","01379.01","Areca nuts","2020","2020","kg/ha","1850.1","A","Official value",""
"QCL","Crops and livestock products","356","India","5412","Yield","01379.01","Areca nuts","2021","2021","kg/ha","1968.5","A","Official value",""
"QCL","Crops and livestock products","356","India","5412","Yield","01379.01","Areca nuts","2022","2022","kg/ha","1962.3","A","Official value",""
"QCL","Crops and livestock products","356","India","5412","Yield","01379.01","Areca nuts","2023","2023","kg/ha","1459.5","A","Official value",""
"QCL","Crops and livestock products","356","India","5412","Yield","01379.01","Areca nuts","2024","2024","kg/ha","1486.2","A","Official value",""
"QCL","Crops and livestock products","356","India","5412","Yield","01312","Bananas","1961","1961","kg/ha","13678.8","A","Official value",""
"QCL","Crops and livestock products","356","India","5412","Yield","01312","Bananas","1962","1962","kg/ha","13397.8","A","Official value",""
"QCL","Crops and livestock products","356","India","5412","Yield","01312","Bananas","1963","1963","kg/ha","13476.7","A","Official value",""
"QCL","Crops and livestock products","356","India","5412","Yield","01312","Bananas","1964","1964","kg/ha","13555.6","A","Official value",""
"QCL","Crops and livestock products","356","India","5412","Yield","01312","Bananas","1965","1965","kg/ha","15502.4","A","Official value",""
"QCL","Crops and livestock products","356","India","5412","Yield","01312","Bananas","1966","1966","kg/ha","16325.4","A","Official value",""
"QCL","Crops and livestock products","356","India","5412","Yield","01312","Bananas","1967","1967","kg/ha","15399","A","Official value",""
"QCL","Crops and livestock products","356","India","5412","Yield","01312","Bananas","1968","1968","kg/ha","14204.5","A","Official value",""
"QCL","Crops and livestock products","356","India","5412","Yield","01312","Bananas","1969","1969","kg/ha","13805.5","A","Official value",""
"QCL","Crops and livestock products","356","India","5412","Yield","01312","Bananas","1970","1970","kg/ha","12903.3","A","Official value",""
"QCL","Crops and livestock products","356","India","5412","Yield","01312","Bananas","1971","1971","kg/ha","15016","A","Official value",""
"QCL","Crops and livestock products","356","India","5412","Yield","01312","Bananas","1972","1972","kg/ha","14539.7","A","Official value",""
"QCL","Crops and livestock products","356","India","5412","Yield","01312","Bananas","1973","1973","kg/ha","14215","A","Official value",""
"QCL","Crops and livestock products","356","India","5412","Yield","01312","Bananas","1974","1974","kg/ha","13920.5","A","Official value",""
"QCL","Crops and livestock products","356","India","5412","Yield","01312","Bananas","1975","1975","kg/ha","14732.1","A","Official value",""
"QCL","Crops and livestock products","356","India","5412","Yield","01312","Bananas","1976","1976","kg/ha","15289.7","A","Official value",""
"QCL","Crops and livestock products","356","India","5412","Yield","01312","Bananas","1977","1977","kg/ha","15795.8","A","Official value",""
"QCL","Crops and livestock products","356","India","5412","Yield","01312","Bananas","1978","1978","kg/ha","16992.9","A","Official value",""
"QCL","Crops and livestock products","356","India","5412","Yield","01312","Bananas","1979","1979","kg/ha","15574","A","Official value",""
"QCL","Crops and livestock products","356","India","5412","Yield","01312","Bananas","1980","1980","kg/ha","14946.8","A","Official value",""
"QCL","Crops and livestock products","356","India","5412","Yield","01312","Bananas","1981","1981","kg/ha","15744.2","A","Official value",""
"QCL","Crops and livestock products","356","India","5412","Yield","01312","Bananas","1982","1982","kg/ha","14816.8","A","Official value",""
"QCL","Crops and livestock products","356","India","5412","Yield","01312","Bananas","1983","1983","kg/ha","16428.8","A","Official value",""
"QCL","Crops and livestock products","356","India","5412","Yield","01312","Bananas","1984","1984","kg/ha","17388","A","Official value",""
"QCL","Crops and livestock products","356","India","5412","Yield","01312","Bananas","1985","1985","kg/ha","17706.3","A","Official value",""
"QCL","Crops and livestock products","356","India","5412","Yield","01312","Bananas","1986","1986","kg/ha","19034","A","Official value",""
"QCL","Crops and livestock products","356","India","5412","Yield","01312","Bananas","1987","1987","kg/ha","19282.8","A","Official value",""
"QCL","Crops and livestock products","356","India","5412","Yield","01312","Bananas","1988","1988","kg/ha","11979.8","A","Official value",""
"QCL","Crops and livestock products","356","India","5412","Yield","01312","Bananas","1989","1989","kg/ha","19258.4","A","Official value",""
"QCL","Crops and livestock products","356","India","5412","Yield","01312","Bananas","1990","1990","kg/ha","19597.3","A","Official value",""
"QCL","Crops and livestock products","356","India","5412","Yield","01312","Bananas","1991","1991","kg/ha","20742.5","A","Official value",""
"QCL","Crops and livestock products","356","India","5412","Yield","01312","Bananas","1992","1992","kg/ha","20054.1","A","Official value",""
"QCL","Crops and livestock products","356","India","5412","Yield","01312","Bananas","1993","1993","kg/ha","22967.7","A","Official value",""
"QCL","Crops and livestock products","356","India","5412","Yield","01312","Bananas","1994","1994","kg/ha","24231.3","A","Official value",""
"QCL","Crops and livestock products","356","India","5412","Yield","01312","Bananas","1995","1995","kg/ha","23789.7","A","Official value",""
"QCL","Crops and livestock products","356","India","5412","Yield","01312","Bananas","1996","1996","kg/ha","23513.7","A","Official value",""
"QCL","Crops and livestock products","356","India","5412","Yield","01312","Bananas","1997","1997","kg/ha","29843.4","A","Official value",""
"QCL","Crops and livestock products","356","India","5412","Yield","01312","Bananas","1998","1998","kg/ha","32826.1","A","Official value",""
"QCL","Crops and livestock products","356","India","5412","Yield","01312","Bananas","1999","1999","kg/ha","34306.1","A","Official value",""
"QCL","Crops and livestock products","356","India","5412","Yield","01312","Bananas","2000","2000","kg/ha","30098.6","A","Official value",""
"QCL","Crops and livestock products","356","India","5412","Yield","01312","Bananas","2001","2001","kg/ha","30480.3","A","Official value",""
"QCL","Crops and livestock products","356","India","5412","Yield","01312","Bananas","2002","2002","kg/ha","27991.6","A","Official value",""
"QCL","Crops and livestock products","356","India","5412","Yield","01312","Bananas","2003","2003","kg/ha","27791","A","Official value",""
"QCL","Crops and livestock products","356","India","5412","Yield","01312","Bananas","2004","2004","kg/ha","28399.8","A","Official value",""
"QCL","Crops and livestock products","356","India","5412","Yield","01312","Bananas","2005","2005","kg/ha","33165.6","A","Official value",""
"QCL","Crops and livestock products","356","India","5412","Yield","01312","Bananas","2006","2006","kg/ha","34753.1","A","Official value",""
"QCL","Crops and livestock products","356","India","5412","Yield","01312","Bananas","2007","2007","kg/ha","36205.2","A","Official value",""
"QCL","Crops and livestock products","356","India","5412","Yield","01312","Bananas","2008","2008","kg/ha","36977.4","A","Official value",""
"QCL","Crops and livestock products","356","India","5412","Yield","01312","Bananas","2009","2009","kg/ha","34362.6","A","Official value",""
"QCL","Crops and livestock products","356","India","5412","Yield","01312","Bananas","2010","2010","kg/ha","35879.5","A","Official value",""
"QCL","Crops and livestock products","356","India","5412","Yield","01312","Bananas","2011","2011","kg/ha","35725.2","A","Official value",""
"QCL","Crops and livestock products","356","India","5412","Yield","01312","Bananas","2012","2012","kg/ha","34161.1","A","Official value",""
"QCL","Crops and livestock products","356","India","5412","Yield","01312","Bananas","2013","2013","kg/ha","34642","A","Official value",""
"QCL","Crops and livestock products","356","India","5412","Yield","01312","Bananas","2014","2014","kg/ha","37036.7","A","Official value",""
"QCL","Crops and livestock products","356","India","5412","Yield","01312","Bananas","2015","2015","kg/ha","35548.7","A","Official value",""
"QCL","Crops and livestock products","356","India","5412","Yield","01312","Bananas","2016","2016","kg/ha","34643.3","A","Official value",""
"QCL","Crops and livestock products","356","India","5412","Yield","01312","Bananas","2017","2017","kg/ha","35438.4","A","Official value",""
"QCL","Crops and livestock products","356","India","5412","Yield","01312","Bananas","2018","2018","kg/ha","34850.7","A","Official value",""
"QCL","Crops and livestock products","356","India","5412","Yield","01312","Bananas","2019","2019","kg/ha","35173.2","A","Official value",""
"QCL","Crops and livestock products","356","India","5412","Yield","01312","Bananas","2020","2020","kg/ha","36340","A","Official value",""
"QCL","Crops and livestock products","356","India","5412","Yield","01312","Bananas","2021","2021","kg/ha","35781.4","A","Official value",""
"QCL","Crops and livestock products","356","India","5412","Yield","01312","Bananas","2022","2022","kg/ha","35854.6","A","Official value",""
"QCL","Crops and livestock products","356","India","5412","Yield","01312","Bananas","2023","2023","kg/ha","36835","A","Official value",""
"QCL","Crops and livestock products","356","India","5412","Yield","01312","Bananas","2024","2024","kg/ha","39658","A","Official value",""
"QCL","Crops and livestock products","356","India","5412","Yield","0115","Barley","1961","1961","kg/ha","879.6","A","Official value",""
"QCL","Crops and livestock products","356","India","5412","Yield","0115","Barley","1962","1962","kg/ha","951.1","A","Official value",""
"QCL","Crops and livestock products","356","India","5412","Yield","0115","Barley","1963","1963","kg/ha","801.6","A","Official value",""
"QCL","Crops and livestock products","356","India","5412","Yield","0115","Barley","1964","1964","kg/ha","734.7","A","Official value",""
"QCL","Crops and livestock products","356","India","5412","Yield","0115","Barley","1965","1965","kg/ha","940","A","Official value",""
"QCL","Crops and livestock products","356","India","5412","Yield","0115","Barley","1966","1966","kg/ha","902.3","A","Official value",""
"QCL","Crops and livestock products","356","India","5412","Yield","0115","Barley","1967","1967","kg/ha","831.4","A","Official value",""
"QCL","Crops and livestock products","356","India","5412","Yield","0115","Barley","1968","1968","kg/ha","1038","A","Official value",""
"QCL","Crops and livestock products","356","India","5412","Yield","0115","Barley","1969","1969","kg/ha","878.8","A","Official value",""
"QCL","Crops and livestock products","356","India","5412","Yield","0115","Barley","1970","1970","kg/ha","982.4","A","Official value",""
"QCL","Crops and livestock products","356","India","5412","Yield","0115","Barley","1971","1971","kg/ha","1090","A","Official value",""
"QCL","Crops and livestock products","356","India","5412","Yield","0115","Barley","1972","1972","kg/ha","1049.6","A","Official value",""
"QCL","Crops and livestock products","356","India","5412","Yield","0115","Barley","1973","1973","kg/ha","971.5","A","Official value",""
"QCL","Crops and livestock products","356","India","5412","Yield","0115","Barley","1974","1974","kg/ha","894.7","A","Official value",""
"QCL","Crops and livestock products","356","India","5412","Yield","0115","Barley","1975","1975","kg/ha","1086.6","A","Official value",""
"QCL","Crops and livestock products","356","India","5412","Yield","0115","Barley","1976","1976","kg/ha","1139.2","A","Official value",""
"QCL","Crops and livestock products","356","India","5412","Yield","0115","Barley","1977","1977","kg/ha","1045.7","A","Official value",""
"QCL","Crops and livestock products","356","India","5412","Yield","0115","Barley","1978","1978","kg/ha","1154.8","A","Official value",""
"QCL","Crops and livestock products","356","India","5412","Yield","0115","Barley","1979","1979","kg/ha","1171.9","A","Official value",""
"QCL","Crops and livestock products","356","India","5412","Yield","0115","Barley","1980","1980","kg/ha","916.7","A","Official value",""
"QCL","Crops and livestock products","356","India","5412","Yield","0115","Barley","1981","1981","kg/ha","1269","A","Official value",""
"QCL","Crops and livestock products","356","India","5412","Yield","0115","Barley","1982","1982","kg/ha","1153.5","A","Official value",""
"QCL","Crops and livestock products","356","India","5412","Yield","0115","Barley","1983","1983","kg/ha","1259","A","Official value",""
"QCL","Crops and livestock products","356","India","5412","Yield","0115","Barley","1984","1984","kg/ha","1323.2","A","Official value",""
"QCL","Crops and livestock products","356","India","5412","Yield","0115","Barley","1985","1985","kg/ha","1241.6","A","Official value",""
"QCL","Crops and livestock products","356","India","5412","Yield","0115","Barley","1986","1986","kg/ha","1433.7","A","Official value",""
"QCL","Crops and livestock products","356","India","5412","Yield","0115","Barley","1987","1987","kg/ha","1363.1","A","Official value",""
"QCL","Crops and livestock products","356","India","5412","Yield","0115","Barley","1988","1988","kg/ha","1379.9","A","Official value",""
"QCL","Crops and livestock products","356","India","5412","Yield","0115","Barley","1989","1989","kg/ha","1592.5","A","Official value",""
"QCL","Crops and livestock products","356","India","5412","Yield","0115","Barley","1990","1990","kg/ha","1499.8","A","Official value",""
"QCL","Crops and livestock products","356","India","5412","Yield","0115","Barley","1991","1991","kg/ha","1696.5","A","Official value",""
"QCL","Crops and livestock products","356","India","5412","Yield","0115","Barley","1992","1992","kg/ha","1780.8","A","Official value",""
"QCL","Crops and livestock products","356","India","5412","Yield","0115","Barley","1993","1993","kg/ha","1651.8","A","Official value",""
"QCL","Crops and livestock products","356","India","5412","Yield","0115","Barley","1994","1994","kg/ha","1653.1","A","Official value",""
"QCL","Crops and livestock products","356","India","5412","Yield","0115","Barley","1995","1995","kg/ha","1440.3","A","Official value",""
"QCL","Crops and livestock products","356","India","5412","Yield","0115","Barley","1996","1996","kg/ha","1832.5","A","Official value",""
"QCL","Crops and livestock products","356","India","5412","Yield","0115","Barley","1997","1997","kg/ha","1930.3","A","Official value",""
"QCL","Crops and livestock products","356","India","5412","Yield","0115","Barley","1998","1998","kg/ha","1957.8","A","Official value",""
"QCL","Crops and livestock products","356","India","5412","Yield","0115","Barley","1999","1999","kg/ha","1939.7","A","Official value",""
"QCL","Crops and livestock products","356","India","5412","Yield","0115","Barley","2000","2000","kg/ha","1997.2","A","Official value",""
"QCL","Crops and livestock products","356","India","5412","Yield","0115","Barley","2001","2001","kg/ha","1840","A","Official value",""
"QCL","Crops and livestock products","356","India","5412","Yield","0115","Barley","2002","2002","kg/ha","2160","A","Official value",""
"QCL","Crops and livestock products","356","India","5412","Yield","0115","Barley","2003","2003","kg/ha","2006","A","Official value",""
"QCL","Crops and livestock products","356","India","5412","Yield","0115","Barley","2004","2004","kg/ha","1975","A","Official value",""
"QCL","Crops and livestock products","356","India","5412","Yield","0115","Barley","2005","2005","kg/ha","1958","A","Official value",""
"QCL","Crops and livestock products","356","India","5412","Yield","0115","Barley","2006","2006","kg/ha","1937.8","A","Official value",""
"QCL","Crops and livestock products","356","India","5412","Yield","0115","Barley","2007","2007","kg/ha","2058.2","A","Official value",""
"QCL","Crops and livestock products","356","India","5412","Yield","0115","Barley","2008","2008","kg/ha","1991.4","A","Official value",""
"QCL","Crops and livestock products","356","India","5412","Yield","0115","Barley","2009","2009","kg/ha","2393.5","A","Official value",""
"QCL","Crops and livestock products","356","India","5412","Yield","0115","Barley","2010","2010","kg/ha","2171.7","A","Official value",""
"QCL","Crops and livestock products","356","India","5412","Yield","0115","Barley","2011","2011","kg/ha","2357.4","A","Official value",""
"QCL","Crops and livestock products","356","India","5412","Yield","0115","Barley","2012","2012","kg/ha","2519.4","A","Official value",""
"QCL","Crops and livestock products","356","India","5412","Yield","0115","Barley","2013","2013","kg/ha","2518","A","Official value",""
"QCL","Crops and livestock products","356","India","5412","Yield","0115","Barley","2014","2014","kg/ha","2717.1","A","Official value",""
"QCL","Crops and livestock products","356","India","5412","Yield","0115","Barley","2015","2015","kg/ha","2281.5","A","Official value",""
"QCL","Crops and livestock products","356","India","5412","Yield","0115","Barley","2016","2016","kg/ha","2440.7","A","Official value",""
"QCL","Crops and livestock products","356","India","5412","Yield","0115","Barley","2017","2017","kg/ha","2662.8","A","Official value",""
"QCL","Crops and livestock products","356","India","5412","Yield","0115","Barley","2018","2018","kg/ha","2694.9","A","Official value",""
"QCL","Crops and livestock products","356","India","5412","Yield","0115","Barley","2019","2019","kg/ha","2837.2","A","Official value",""
"QCL","Crops and livestock products","356","India","5412","Yield","0115","Barley","2020","2020","kg/ha","2920.5","A","Official value",""
"QCL","Crops and livestock products","356","India","5412","Yield","0115","Barley","2021","2021","kg/ha","2795.7","A","Official value",""
"QCL","Crops and livestock products","356","India","5412","Yield","0115","Barley","2022","2022","kg/ha","3025.1","A","Official value",""
"QCL","Crops and livestock products","356","India","5412","Yield","0115","Barley","2023","2023","kg/ha","3044.5","A","Official value",""
"QCL","Crops and livestock products","356","India","5412","Yield","0115","Barley","2024","2024","kg/ha","3082.1","A","Official value",""
"QCL","Crops and livestock products","356","India","5412","Yield","01701","Beans, dry","1961","1961","kg/ha","257.7","A","Official value",""
"QCL","Crops and livestock products","356","India","5412","Yield","01701","Beans, dry","1962","1962","kg/ha","268.3","A","Official value",""
"QCL","Crops and livestock products","356","India","5412","Yield","01701","Beans, dry","1963","1963","kg/ha","259.3","A","Official value",""
"QCL","Crops and livestock products","356","India","5412","Yield","01701","Beans, dry","1964","1964","kg/ha","280.9","A","Official value",""
"QCL","Crops and livestock products","356","India","5412","Yield","01701","Beans, dry","1965","1965","kg/ha","240.1","A","Official value",""
"QCL","Crops and livestock products","356","India","5412","Yield","01701","Beans, dry","1966","1966","kg/ha","233","A","Official value",""
"QCL","Crops and livestock products","356","India","5412","Yield","01701","Beans, dry","1967","1967","kg/ha","265.9","A","Official value",""
"QCL","Crops and livestock products","356","India","5412","Yield","01701","Beans, dry","1968","1968","kg/ha","251.8","A","Official value",""
"QCL","Crops and livestock products","356","India","5412","Yield","01701","Beans, dry","1969","1969","kg/ha","269.9","A","Official value",""
"QCL","Crops and livestock products","356","India","5412","Yield","01701","Beans, dry","1970","1970","kg/ha","309","A","Official value",""
"QCL","Crops and livestock products","356","India","5412","Yield","01701","Beans, dry","1971","1971","kg/ha","270.3","A","Official value",""
"QCL","Crops and livestock products","356","India","5412","Yield","01701","Beans, dry","1972","1972","kg/ha","233.2","A","Official value",""
"QCL","Crops and livestock products","356","India","5412","Yield","01701","Beans, dry","1973","1973","kg/ha","309.1","A","Official value",""
"QCL","Crops and livestock products","356","India","5412","Yield","01701","Beans, dry","1974","1974","kg/ha","260.1","A","Official value",""
"QCL","Crops and livestock products","356","India","5412","Yield","01701","Beans, dry","1975","1975","kg/ha","316.3","A","Official value",""
"QCL","Crops and livestock products","356","India","5412","Yield","01701","Beans, dry","1976","1976","kg/ha","300.2","A","Official value",""
"QCL","Crops and livestock products","356","India","5412","Yield","01701","Beans, dry","1977","1977","kg/ha","329.7","A","Official value",""
"QCL","Crops and livestock products","356","India","5412","Yield","01701","Beans, dry","1978","1978","kg/ha","303.7","A","Official value",""
"QCL","Crops and livestock products","356","India","5412","Yield","01701","Beans, dry","1979","1979","kg/ha","243.6","A","Official value",""
"QCL","Crops and livestock products","356","India","5412","Yield","01701","Beans, dry","1980","1980","kg/ha","295.9","A","Official value",""
"QCL","Crops and livestock products","356","India","5412","Yield","01701","Beans, dry","1981","1981","kg/ha","325.7","A","Official value",""
"QCL","Crops and livestock products","356","India","5412","Yield","01701","Beans, dry","1982","1982","kg/ha","330","A","Official value",""
"QCL","Crops and livestock products","356","India","5412","Yield","01701","Beans, dry","1983","1983","kg/ha","384.2","A","Official value",""
"QCL","Crops and livestock products","356","India","5412","Yield","01701","Beans, dry","1984","1984","kg/ha","343.7","A","Official value",""
"QCL","Crops and livestock products","356","India","5412","Yield","01701","Beans, dry","1985","1985","kg/ha","330.7","A","Official value",""
"QCL","Crops and livestock products","356","India","5412","Yield","01701","Beans, dry","1986","1986","kg/ha","328.7","A","Official value",""
"QCL","Crops and livestock products","356","India","5412","Yield","01701","Beans, dry","1987","1987","kg/ha","371.9","A","Official value",""
"QCL","Crops and livestock products","356","India","5412","Yield","01701","Beans, dry","1988","1988","kg/ha","428.3","A","Official value",""
"QCL","Crops and livestock products","356","India","5412","Yield","01701","Beans, dry","1989","1989","kg/ha","402.6","A","Official value",""
"QCL","Crops and livestock products","356","India","5412","Yield","01701","Beans, dry","1990","1990","kg/ha","417.2","A","Official value",""
"QCL","Crops and livestock products","356","India","5412","Yield","01701","Beans, dry","1991","1991","kg/ha","437.6","A","Official value",""
"QCL","Crops and livestock products","356","India","5412","Yield","01701","Beans, dry","1992","1992","kg/ha","506.4","A","Official value",""
"QCL","Crops and livestock products","356","India","5412","Yield","01701","Beans, dry","1993","1993","kg/ha","455.2","A","Official value",""
"QCL","Crops and livestock products","356","India","5412","Yield","01701","Beans, dry","1994","1994","kg/ha","466.6","A","Official value",""
"QCL","Crops and livestock products","356","India","5412","Yield","01701","Beans, dry","1995","1995","kg/ha","448.2","A","Official value",""
"QCL","Crops and livestock products","356","India","5412","Yield","01701","Beans, dry","1996","1996","kg/ha","499","A","Official value",""
"QCL","Crops and livestock products","356","India","5412","Yield","01701","Beans, dry","1997","1997","kg/ha","470.1","A","Official value",""
"QCL","Crops and livestock products","356","India","5412","Yield","01701","Beans, dry","1998","1998","kg/ha","431.6","A","Official value",""
"QCL","Crops and livestock products","356","India","5412","Yield","01701","Beans, dry","1999","1999","kg/ha","470.2","A","Official value",""
"QCL","Crops and livestock products","356","India","5412","Yield","01701","Beans, dry","2000","2000","kg/ha","463.1","A","Official value",""
"QCL","Crops and livestock products","356","India","5412","Yield","01701","Beans, dry","2001","2001","kg/ha","454.1","A","Official value",""
"QCL","Crops and livestock products","356","India","5412","Yield","01701","Beans, dry","2002","2002","kg/ha","434.1","A","Official value",""
"QCL","Crops and livestock products","356","India","5412","Yield","01701","Beans, dry","2003","2003","kg/ha","526.9","A","Official value",""
"QCL","Crops and livestock products","356","India","5412","Yield","01701","Beans, dry","2004","2004","kg/ha","418","A","Official value",""
"QCL","Crops and livestock products","356","India","5412","Yield","01701","Beans, dry","2005","2005","kg/ha","426","A","Official value",""
"QCL","Crops and livestock products","356","India","5412","Yield","01701","Beans, dry","2006","2006","kg/ha","463.3","A","Official value",""
"QCL","Crops and livestock products","356","India","5412","Yield","01701","Beans, dry","2007","2007","kg/ha","518.6","A","Official value",""
"QCL","Crops and livestock products","356","India","5412","Yield","01701","Beans, dry","2008","2008","kg/ha","462.9","A","Official value",""
"QCL","Crops and livestock products","356","India","5412","Yield","01701","Beans, dry","2009","2009","kg/ha","382.8","A","Official value",""
"QCL","Crops and livestock products","356","India","5412","Yield","01701","Beans, dry","2010","2010","kg/ha","606.4","A","Official value",""
"QCL","Crops and livestock products","356","India","5412","Yield","01701","Beans, dry","2011","2011","kg/ha","549.5","A","Official value",""
"QCL","Crops and livestock products","356","India","5412","Yield","01701","Beans, dry","2012","2012","kg/ha","592.4","A","Official value",""
"QCL","Crops and livestock products","356","India","5412","Yield","01701","Beans, dry","2013","2013","kg/ha","585.6","A","Official value",""
"QCL","Crops and livestock products","356","India","5412","Yield","01701","Beans, dry","2014","2014","kg/ha","641.1","A","Official value",""
"QCL","Crops and livestock products","356","India","5412","Yield","01701","Beans, dry","2015","2015","kg/ha","589.9","A","Official value",""
"QCL","Crops and livestock products","356","India","5412","Yield","01701","Beans, dry","2016","2016","kg/ha","620","A","Official value",""
"QCL","Crops and livestock products","356","India","5412","Yield","01701","Beans, dry","2017","2017","kg/ha","640.4","A","Official value",""
"QCL","Crops and livestock products","356","India","5412","Yield","01701","Beans, dry","2018","2018","kg/ha","596.2","A","Official value",""
"QCL","Crops and livestock products","356","India","5412","Yield","01701","Beans, dry","2019","2019","kg/ha","579.7","A","Official value",""
"QCL","Crops and livestock products","356","India","5412","Yield","01701","Beans, dry","2020","2020","kg/ha","625.1","A","Official value",""
"QCL","Crops and livestock products","356","India","5412","Yield","01701","Beans, dry","2021","2021","kg/ha","597.8","A","Official value",""
"QCL","Crops and livestock products","356","India","5412","Yield","01701","Beans, dry","2022","2022","kg/ha","730.4","A","Official value",""
"QCL","Crops and livestock products","356","India","5412","Yield","01701","Beans, dry","2023","2023","kg/ha","719.4","A","Official value",""
"QCL","Crops and livestock products","356","India","5412","Yield","01701","Beans, dry","2024","2024","kg/ha","682.2","E","Estimated value",""
"QCL","Crops and livestock products","356","India","5412","Yield","01212","Cabbages","1961","1961","kg/ha","13714.3","E","Estimated value",""
"QCL","Crops and livestock products","356","India","5412","Yield","01212","Cabbages","1962","1962","kg/ha","13409.1","E","Estimated value",""
"QCL","Crops and livestock products","356","India","5412","Yield","01212","Cabbages","1963","1963","kg/ha","13260.9","E","Estimated value",""
"QCL","Crops and livestock products","356","India","5412","Yield","01212","Cabbages","1964","1964","kg/ha","13125","E","Estimated value",""
"QCL","Crops and livestock products","356","India","5412","Yield","01212","Cabbages","1965","1965","kg/ha","13000","E","Estimated value",""
"QCL","Crops and livestock products","356","India","5412","Yield","01212","Cabbages","1966","1966","kg/ha","12963","E","Estimated value",""
"QCL","Crops and livestock products","356","India","5412","Yield","01212","Cabbages","1967","1967","kg/ha","13333.3","E","Estimated value",""
"QCL","Crops and livestock products","356","India","5412","Yield","01212","Cabbages","1968","1968","kg/ha","13157.9","E","Estimated value",""
"QCL","Crops and livestock products","356","India","5412","Yield","01212","Cabbages","1969","1969","kg/ha","13333.3","E","Estimated value",""
"QCL","Crops and livestock products","356","India","5412","Yield","01212","Cabbages","1970","1970","kg/ha","13461.5","E","Estimated value",""
"QCL","Crops and livestock products","356","India","5412","Yield","01212","Cabbages","1971","1971","kg/ha","13559.3","E","Estimated value",""
"QCL","Crops and livestock products","356","India","5412","Yield","01212","Cabbages","1972","1972","kg/ha","13636.4","E","Estimated value",""
"QCL","Crops and livestock products","356","India","5412","Yield","01212","Cabbages","1973","1973","kg/ha","13698.6","E","Estimated value",""
"QCL","Crops and livestock products","356","India","5412","Yield","01212","Cabbages","1974","1974","kg/ha","13750","E","Estimated value",""
"QCL","Crops and livestock products","356","India","5412","Yield","01212","Cabbages","1975","1975","kg/ha","13793.1","E","Estimated value",""
"QCL","Crops and livestock products","356","India","5412","Yield","01212","Cabbages","1976","1976","kg/ha","13829.8","E","Estimated value",""
"QCL","Crops and livestock products","356","India","5412","Yield","01212","Cabbages","1977","1977","kg/ha","13861.4","E","Estimated value",""
"QCL","Crops and livestock products","356","India","5412","Yield","01212","Cabbages","1978","1978","kg/ha","13888.9","E","Estimated value",""
"QCL","Crops and livestock products","356","India","5412","Yield","01212","Cabbages","1979","1979","kg/ha","13913","E","Estimated value",""
"QCL","Crops and livestock products","356","India","5412","Yield","01212","Cabbages","1980","1980","kg/ha","14049.6","E","Estimated value",""
"QCL","Crops and livestock products","356","India","5412","Yield","01212","Cabbages","1981","1981","kg/ha","14062.5","E","Estimated value",""
"QCL","Crops and livestock products","356","India","5412","Yield","01212","Cabbages","1982","1982","kg/ha","14179.1","E","Estimated value",""
"QCL","Crops and livestock products","356","India","5412","Yield","01212","Cabbages","1983","1983","kg/ha","14184.4","E","Estimated value",""
"QCL","Crops and livestock products","356","India","5412","Yield","01212","Cabbages","1984","1984","kg/ha","14189.2","E","Estimated value",""
"QCL","Crops and livestock products","356","India","5412","Yield","01212","Cabbages","1985","1985","kg/ha","14189.2","E","Estimated value",""
"QCL","Crops and livestock products","356","India","5412","Yield","01212","Cabbages","1986","1986","kg/ha","14193.5","E","Estimated value",""
"QCL","Crops and livestock products","356","India","5412","Yield","01212","Cabbages","1987","1987","kg/ha","14193.5","E","Estimated value",""
"QCL","Crops and livestock products","356","India","5412","Yield","01212","Cabbages","1988","1988","kg/ha","14422","A","Official value",""
"QCL","Crops and livestock products","356","India","5412","Yield","01212","Cabbages","1989","1989","kg/ha","14151.8","A","Official value",""
"QCL","Crops and livestock products","356","India","5412","Yield","01212","Cabbages","1990","1990","kg/ha","14137.5","A","Official value",""
"QCL","Crops and livestock products","356","India","5412","Yield","01212","Cabbages","1991","1991","kg/ha","15679.2","A","Official value",""
"QCL","Crops and livestock products","356","India","5412","Yield","01212","Cabbages","1992","1992","kg/ha","20184.1","A","Official value",""
"QCL","Crops and livestock products","356","India","5412","Yield","01212","Cabbages","1993","1993","kg/ha","15608.7","A","Official value",""
"QCL","Crops and livestock products","356","India","5412","Yield","01212","Cabbages","1994","1994","kg/ha","17772.7","A","Official value",""
"QCL","Crops and livestock products","356","India","5412","Yield","01212","Cabbages","1995","1995","kg/ha","19157.3","E","Estimated value",""
"QCL","Crops and livestock products","356","India","5412","Yield","01212","Cabbages","1996","1996","kg/ha","20511.1","E","Estimated value",""
"QCL","Crops and livestock products","356","India","5412","Yield","01212","Cabbages","1997","1997","kg/ha","21835.2","E","Estimated value",""
"QCL","Crops and livestock products","356","India","5412","Yield","01212","Cabbages","1998","1998","kg/ha","23130.4","A","Official value",""
"QCL","Crops and livestock products","356","India","5412","Yield","01212","Cabbages","1999","1999","kg/ha","23416.7","A","Official value",""
"QCL","Crops and livestock products","356","India","5412","Yield","01212","Cabbages","2000","2000","kg/ha","22878","A","Official value",""
"QCL","Crops and livestock products","356","India","5412","Yield","01212","Cabbages","2001","2001","kg/ha","22438.9","A","Official value",""
"QCL","Crops and livestock products","356","India","5412","Yield","01212","Cabbages","2002","2002","kg/ha","22000","A","Official value",""
"QCL","Crops and livestock products","356","India","5412","Yield","01212","Cabbages","2003","2003","kg/ha","23062.4","A","Official value",""
"QCL","Crops and livestock products","356","India","5412","Yield","01212","Cabbages","2004","2004","kg/ha","21931","A","Official value",""
"QCL","Crops and livestock products","356","India","5412","Yield","01212","Cabbages","2005","2005","kg/ha","21242.2","A","Official value",""
"QCL","Crops and livestock products","356","India","5412","Yield","01212","Cabbages","2006","2006","kg/ha","22237.9","A","Official value",""
"QCL","Crops and livestock products","356","India","5412","Yield","01212","Cabbages","2007","2007","kg/ha","22425.7","A","Official value",""
"QCL","Crops and livestock products","356","India","5412","Yield","01212","Cabbages","2008","2008","kg/ha","22218","A","Official value",""
"QCL","Crops and livestock products","356","India","5412","Yield","01212","Cabbages","2009","2009","kg/ha","22145.7","A","Official value",""
"QCL","Crops and livestock products","356","India","5412","Yield","01212","Cabbages","2010","2010","kg/ha","24230.9","A","Official value",""
"QCL","Crops and livestock products","356","India","5412","Yield","01212","Cabbages","2011","2011","kg/ha","21542","A","Official value",""
"QCL","Crops and livestock products","356","India","5412","Yield","01212","Cabbages","2012","2012","kg/ha","21569.2","A","Official value",""
"QCL","Crops and livestock products","356","India","5412","Yield","01212","Cabbages","2013","2013","kg/ha","22940.9","A","Official value",""
"QCL","Crops and livestock products","356","India","5412","Yield","01212","Cabbages","2014","2014","kg/ha","22590.1","A","Official value",""
"QCL","Crops and livestock products","356","India","5412","Yield","01212","Cabbages","2015","2015","kg/ha","22240.9","A","Official value",""
"QCL","Crops and livestock products","356","India","5412","Yield","01212","Cabbages","2016","2016","kg/ha","22350.3","A","Official value",""
"QCL","Crops and livestock products","356","India","5412","Yield","01212","Cabbages","2017","2017","kg/ha","22296.2","A","Official value",""
"QCL","Crops and livestock products","356","India","5412","Yield","01212","Cabbages","2018","2018","kg/ha","22649.1","A","Official value",""
"QCL","Crops and livestock products","356","India","5412","Yield","01212","Cabbages","2019","2019","kg/ha","22817.5","A","Official value",""
"QCL","Crops and livestock products","356","India","5412","Yield","01212","Cabbages","2020","2020","kg/ha","23122.2","A","Official value",""
"QCL","Crops and livestock products","356","India","5412","Yield","01212","Cabbages","2021","2021","kg/ha","23203.9","A","Official value",""
"QCL","Crops and livestock products","356","India","5412","Yield","01212","Cabbages","2022","2022","kg/ha","23227","A","Official value",""
"QCL","Crops and livestock products","356","India","5412","Yield","01212","Cabbages","2023","2023","kg/ha","23207.9","A","Official value",""
"QCL","Crops and livestock products","356","India","5412","Yield","01212","Cabbages","2024","2024","kg/ha","23583.4","A","Official value",""
"QCL","Crops and livestock products","356","India","5412","Yield","01229","Cantaloupes and other melons","1961","1961","kg/ha","13684.2","E","Estimated value",""
"QCL","Crops and livestock products","356","India","5412","Yield","01229","Cantaloupes and other melons","1962","1962","kg/ha","13775.5","E","Estimated value",""
"QCL","Crops and livestock products","356","India","5412","Yield","01229","Cantaloupes and other melons","1963","1963","kg/ha","14000","E","Estimated value",""
"QCL","Crops and livestock products","356","India","5412","Yield","01229","Cantaloupes and other melons","1964","1964","kg/ha","14285.7","E","Estimated value",""
"QCL","Crops and livestock products","356","India","5412","Yield","01229","Cantaloupes and other melons","1965","1965","kg/ha","14220.2","E","Estimated value",""
"QCL","Crops and livestock products","356","India","5412","Yield","01229","Cantaloupes and other melons","1966","1966","kg/ha","14347.8","E","Estimated value",""
"QCL","Crops and livestock products","356","India","5412","Yield","01229","Cantaloupes and other melons","1967","1967","kg/ha","15000","E","Estimated value",""
"QCL","Crops and livestock products","356","India","5412","Yield","01229","Cantaloupes and other melons","1968","1968","kg/ha","14640","E","Estimated value",""
"QCL","Crops and livestock products","356","India","5412","Yield","01229","Cantaloupes and other melons","1969","1969","kg/ha","15079.4","E","Estimated value",""
"QCL","Crops and livestock products","356","India","5412","Yield","01229","Cantaloupes and other melons","1970","1970","kg/ha","15000","E","Estimated value",""
"QCL","Crops and livestock products","356","India","5412","Yield","01229","Cantaloupes and other melons","1971","1971","kg/ha","14285.7","E","Estimated value",""
"QCL","Crops and livestock products","356","India","5412","Yield","01229","Cantaloupes and other melons","1972","1972","kg/ha","14666.7","E","Estimated value",""
"QCL","Crops and livestock products","356","India","5412","Yield","01229","Cantaloupes and other melons","1973","1973","kg/ha","14838.7","E","Estimated value",""
"QCL","Crops and livestock products","356","India","5412","Yield","01229","Cantaloupes and other melons","1974","1974","kg/ha","15625","E","Estimated value",""
"QCL","Crops and livestock products","356","India","5412","Yield","01229","Cantaloupes and other melons","1975","1975","kg/ha","15882.4","E","Estimated value",""
"QCL","Crops and livestock products","356","India","5412","Yield","01229","Cantaloupes and other melons","1976","1976","kg/ha","16176.5","E","Estimated value",""
"QCL","Crops and livestock products","356","India","5412","Yield","01229","Cantaloupes and other melons","1977","1977","kg/ha","16111.1","E","Estimated value",""
"QCL","Crops and livestock products","356","India","5412","Yield","01229","Cantaloupes and other melons","1978","1978","kg/ha","16756.8","E","Estimated value",""
"QCL","Crops and livestock products","356","India","5412","Yield","01229","Cantaloupes and other melons","1979","1979","kg/ha","17000","E","Estimated value",""
"QCL","Crops and livestock products","356","India","5412","Yield","01229","Cantaloupes and other melons","1980","1980","kg/ha","17209.3","E","Estimated value",""
"QCL","Crops and livestock products","356","India","5412","Yield","01229","Cantaloupes and other melons","1981","1981","kg/ha","18181.8","E","Estimated value",""
"QCL","Crops and livestock products","356","India","5412","Yield","01229","Cantaloupes and other melons","1982","1982","kg/ha","18723.4","E","Estimated value",""
"QCL","Crops and livestock products","356","India","5412","Yield","01229","Cantaloupes and other melons","1983","1983","kg/ha","18800","E","Estimated value",""
"QCL","Crops and livestock products","356","India","5412","Yield","01229","Cantaloupes and other melons","1984","1984","kg/ha","18867.9","E","Estimated value",""
"QCL","Crops and livestock products","356","India","5412","Yield","01229","Cantaloupes and other melons","1985","1985","kg/ha","18928.6","E","Estimated value",""
"QCL","Crops and livestock products","356","India","5412","Yield","01229","Cantaloupes and other melons","1986","1986","kg/ha","19642.9","E","Estimated value",""
"QCL","Crops and livestock products","356","India","5412","Yield","01229","Cantaloupes and other melons","1987","1987","kg/ha","20000","E","Estimated value",""
"QCL","Crops and livestock products","356","India","5412","Yield","01229","Cantaloupes and other melons","1988","1988","kg/ha","20339","E","Estimated value",""
"QCL","Crops and livestock products","356","India","5412","Yield","01229","Cantaloupes and other melons","1989","1989","kg/ha","20333.3","E","Estimated value",""
"QCL","Crops and livestock products","356","India","5412","Yield","01229","Cantaloupes and other melons","1990","1990","kg/ha","20163.9","E","Estimated value",""
"QCL","Crops and livestock products","356","India","5412","Yield","01229","Cantaloupes and other melons","1991","1991","kg/ha","21827.6","X","Value from external organization",""
"QCL","Crops and livestock products","356","India","5412","Yield","01229","Cantaloupes and other melons","1992","1992","kg/ha","20000","E","Estimated value",""
"QCL","Crops and livestock products","356","India","5412","Yield","01229","Cantaloupes and other melons","1993","1993","kg/ha","20042.1","E","Estimated value",""
"QCL","Crops and livestock products","356","India","5412","Yield","01229","Cantaloupes and other melons","1994","1994","kg/ha","20592.4","E","Estimated value",""
"QCL","Crops and livestock products","356","India","5412","Yield","01229","Cantaloupes and other melons","1995","1995","kg/ha","20661","E","Estimated value",""
"QCL","Crops and livestock products","356","India","5412","Yield","01229","Cantaloupes and other melons","1996","1996","kg/ha","20447.3","E","Estimated value",""
"QCL","Crops and livestock products","356","India","5412","Yield","01229","Cantaloupes and other melons","1997","1997","kg/ha","20796.6","E","Estimated value",""
"QCL","Crops and livestock products","356","India","5412","Yield","01229","Cantaloupes and other melons","1998","1998","kg/ha","20857.8","E","Estimated value",""
"QCL","Crops and livestock products","356","India","5412","Yield","01229","Cantaloupes and other melons","1999","1999","kg/ha","20916.5","E","Estimated value",""
"QCL","Crops and livestock products","356","India","5412","Yield","01229","Cantaloupes and other melons","2000","2000","kg/ha","20476.2","E","Estimated value",""
"QCL","Crops and livestock products","356","India","5412","Yield","01229","Cantaloupes and other melons","2001","2001","kg/ha","21021.3","E","Estimated value",""
"QCL","Crops and livestock products","356","India","5412","Yield","01229","Cantaloupes and other melons","2002","2002","kg/ha","21085.7","E","Estimated value",""
"QCL","Crops and livestock products","356","India","5412","Yield","01229","Cantaloupes and other melons","2003","2003","kg/ha","21217.1","E","Estimated value",""
"QCL","Crops and livestock products","356","India","5412","Yield","01229","Cantaloupes and other melons","2004","2004","kg/ha","21347","E","Estimated value",""
"QCL","Crops and livestock products","356","India","5412","Yield","01229","Cantaloupes and other melons","2005","2005","kg/ha","21454.1","E","Estimated value",""
"QCL","Crops and livestock products","356","India","5412","Yield","01229","Cantaloupes and other melons","2006","2006","kg/ha","21549.9","E","Estimated value",""
"QCL","Crops and livestock products","356","India","5412","Yield","01229","Cantaloupes and other melons","2007","2007","kg/ha","21647.3","E","Estimated value",""
"QCL","Crops and livestock products","356","India","5412","Yield","01229","Cantaloupes and other melons","2008","2008","kg/ha","21744.6","E","Estimated value",""
"QCL","Crops and livestock products","356","India","5412","Yield","01229","Cantaloupes and other melons","2009","2009","kg/ha","21841.6","E","Estimated value",""
"QCL","Crops and livestock products","356","India","5412","Yield","01229","Cantaloupes and other melons","2010","2010","kg/ha","21938.1","E","Estimated value",""
"QCL","Crops and livestock products","356","India","5412","Yield","01229","Cantaloupes and other melons","2011","2011","kg/ha","18731.6","A","Official value",""
"QCL","Crops and livestock products","356","India","5412","Yield","01229","Cantaloupes and other melons","2012","2012","kg/ha","20815.8","A","Official value",""
"QCL","Crops and livestock products","356","India","5412","Yield","01229","Cantaloupes and other melons","2013","2013","kg/ha","20666.7","A","Official value",""
"QCL","Crops and livestock products","356","India","5412","Yield","01229","Cantaloupes and other melons","2014","2014","kg/ha","20567.6","A","Official value",""
"QCL","Crops and livestock products","356","India","5412","Yield","01229","Cantaloupes and other melons","2015","2015","kg/ha","20547.6","A","Official value",""
"QCL","Crops and livestock products","356","India","5412","Yield","01229","Cantaloupes and other melons","2016","2016","kg/ha","20777.8","A","Official value",""
"QCL","Crops and livestock products","356","India","5412","Yield","01229","Cantaloupes and other melons","2017","2017","kg/ha","21940","A","Official value",""
"QCL","Crops and livestock products","356","India","5412","Yield","01229","Cantaloupes and other melons","2018","2018","kg/ha","22796.3","A","Official value",""
"QCL","Crops and livestock products","356","India","5412","Yield","01229","Cantaloupes and other melons","2019","2019","kg/ha","22210.5","A","Official value",""
"QCL","Crops and livestock products","356","India","5412","Yield","01229","Cantaloupes and other melons","2020","2020","kg/ha","22426.2","A","Official value",""
"QCL","Crops and livestock products","356","India","5412","Yield","01229","Cantaloupes and other melons","2021","2021","kg/ha","19706.7","A","Official value",""
"QCL","Crops and livestock products","356","India","5412","Yield","01229","Cantaloupes and other melons","2022","2022","kg/ha","22029.4","A","Official value",""
"QCL","Crops and livestock products","356","India","5412","Yield","01229","Cantaloupes and other melons","2023","2023","kg/ha","22029.4","A","Official value",""
"QCL","Crops and livestock products","356","India","5412","Yield","01229","Cantaloupes and other melons","2024","2024","kg/ha","23129.3","A","Official value",""
"QCL","Crops and livestock products","356","India","5412","Yield","01251","Carrots and turnips","1961","1961","kg/ha","8000","E","Estimated value",""
"QCL","Crops and livestock products","356","India","5412","Yield","01251","Carrots and turnips","1962","1962","kg/ha","8235.3","E","Estimated value",""
"QCL","Crops and livestock products","356","India","5412","Yield","01251","Carrots and turnips","1963","1963","kg/ha","8222.2","E","Estimated value",""
"QCL","Crops and livestock products","356","India","5412","Yield","01251","Carrots and turnips","1964","1964","kg/ha","8526.3","E","Estimated value",""
"QCL","Crops and livestock products","356","India","5412","Yield","01251","Carrots and turnips","1965","1965","kg/ha","8500","E","Estimated value",""
"QCL","Crops and livestock products","356","India","5412","Yield","01251","Carrots and turnips","1966","1966","kg/ha","8803.8","E","Estimated value",""
"QCL","Crops and livestock products","356","India","5412","Yield","01251","Carrots and turnips","1967","1967","kg/ha","8807.3","E","Estimated value",""
"QCL","Crops and livestock products","356","India","5412","Yield","01251","Carrots and turnips","1968","1968","kg/ha","8849.6","E","Estimated value",""
"QCL","Crops and livestock products","356","India","5412","Yield","01251","Carrots and turnips","1969","1969","kg/ha","9322","E","Estimated value",""
"QCL","Crops and livestock products","356","India","5412","Yield","01251","Carrots and turnips","1970","1970","kg/ha","9333.3","E","Estimated value",""
"QCL","Crops and livestock products","356","India","5412","Yield","01251","Carrots and turnips","1971","1971","kg/ha","9677.4","E","Estimated value",""
"QCL","Crops and livestock products","356","India","5412","Yield","01251","Carrots and turnips","1972","1972","kg/ha","9687.5","E","Estimated value",""
"QCL","Crops and livestock products","356","India","5412","Yield","01251","Carrots and turnips","1973","1973","kg/ha","9699.2","E","Estimated value",""
"QCL","Crops and livestock products","356","India","5412","Yield","01251","Carrots and turnips","1974","1974","kg/ha","10000","E","Estimated value",""
"QCL","Crops and livestock products","356","India","5412","Yield","01251","Carrots and turnips","1975","1975","kg/ha","10000","E","Estimated value",""
"QCL","Crops and livestock products","356","India","5412","Yield","01251","Carrots and turnips","1976","1976","kg/ha","11034.5","E","Estimated value",""
"QCL","Crops and livestock products","356","India","5412","Yield","01251","Carrots and turnips","1977","1977","kg/ha","11000","E","Estimated value",""
"QCL","Crops and livestock products","356","India","5412","Yield","01251","Carrots and turnips","1978","1978","kg/ha","10967.7","E","Estimated value",""
"QCL","Crops and livestock products","356","India","5412","Yield","01251","Carrots and turnips","1979","1979","kg/ha","11500","E","Estimated value",""
"QCL","Crops and livestock products","356","India","5412","Yield","01251","Carrots and turnips","1980","1980","kg/ha","11481.5","E","Estimated value",""
"QCL","Crops and livestock products","356","India","5412","Yield","01251","Carrots and turnips","1981","1981","kg/ha","11533.7","E","Estimated value",""
"QCL","Crops and livestock products","356","India","5412","Yield","01251","Carrots and turnips","1982","1982","kg/ha","11904.8","E","Estimated value",""
"QCL","Crops and livestock products","356","India","5412","Yield","01251","Carrots and turnips","1983","1983","kg/ha","12000","E","Estimated value",""
"QCL","Crops and livestock products","356","India","5412","Yield","01251","Carrots and turnips","1984","1984","kg/ha","12971.4","E","Estimated value",""
"QCL","Crops and livestock products","356","India","5412","Yield","01251","Carrots and turnips","1985","1985","kg/ha","13055.6","E","Estimated value",""
"QCL","Crops and livestock products","356","India","5412","Yield","01251","Carrots and turnips","1986","1986","kg/ha","13513.5","E","Estimated value",""
"QCL","Crops and livestock products","356","India","5412","Yield","01251","Carrots and turnips","1987","1987","kg/ha","13684.2","E","Estimated value",""
"QCL","Crops and livestock products","356","India","5412","Yield","01251","Carrots and turnips","1988","1988","kg/ha","13948.7","E","Estimated value",""
"QCL","Crops and livestock products","356","India","5412","Yield","01251","Carrots and turnips","1989","1989","kg/ha","13959.4","E","Estimated value",""
"QCL","Crops and livestock products","356","India","5412","Yield","01251","Carrots and turnips","1990","1990","kg/ha","14000","E","Estimated value",""
"QCL","Crops and livestock products","356","India","5412","Yield","01251","Carrots and turnips","1991","1991","kg/ha","14261.6","X","Value from external organization",""
"QCL","Crops and livestock products","356","India","5412","Yield","01251","Carrots and turnips","1992","1992","kg/ha","14350.5","E","Estimated value",""
"QCL","Crops and livestock products","356","India","5412","Yield","01251","Carrots and turnips","1993","1993","kg/ha","14472.8","E","Estimated value",""
"QCL","Crops and livestock products","356","India","5412","Yield","01251","Carrots and turnips","1994","1994","kg/ha","14570.3","E","Estimated value",""
"QCL","Crops and livestock products","356","India","5412","Yield","01251","Carrots and turnips","1995","1995","kg/ha","14658.5","E","Estimated value",""
"QCL","Crops and livestock products","356","India","5412","Yield","01251","Carrots and turnips","1996","1996","kg/ha","14743.3","E","Estimated value",""
"QCL","Crops and livestock products","356","India","5412","Yield","01251","Carrots and turnips","1997","1997","kg/ha","14826.9","E","Estimated value",""
"QCL","Crops and livestock products","356","India","5412","Yield","01251","Carrots and turnips","1998","1998","kg/ha","14910.2","E","Estimated value",""
"QCL","Crops and livestock products","356","India","5412","Yield","01251","Carrots and turnips","1999","1999","kg/ha","14993.4","E","Estimated value",""
"QCL","Crops and livestock products","356","India","5412","Yield","01251","Carrots and turnips","2000","2000","kg/ha","15076.7","E","Estimated value",""
"QCL","Crops and livestock products","356","India","5412","Yield","01251","Carrots and turnips","2001","2001","kg/ha","15159.9","E","Estimated value",""
"QCL","Crops and livestock products","356","India","5412","Yield","01251","Carrots and turnips","2002","2002","kg/ha","15336","E","Estimated value",""
"QCL","Crops and livestock products","356","India","5412","Yield","01251","Carrots and turnips","2003","2003","kg/ha","15512.1","E","Estimated value",""
"QCL","Crops and livestock products","356","India","5412","Yield","01251","Carrots and turnips","2004","2004","kg/ha","15688.3","E","Estimated value",""
"QCL","Crops and livestock products","356","India","5412","Yield","01251","Carrots and turnips","2005","2005","kg/ha","15864.5","E","Estimated value",""
"QCL","Crops and livestock products","356","India","5412","Yield","01251","Carrots and turnips","2006","2006","kg/ha","16040.8","E","Estimated value",""
"QCL","Crops and livestock products","356","India","5412","Yield","01251","Carrots and turnips","2007","2007","kg/ha","16217.2","E","Estimated value",""
"QCL","Crops and livestock products","356","India","5412","Yield","01251","Carrots and turnips","2008","2008","kg/ha","16393.6","E","Estimated value",""
"QCL","Crops and livestock products","356","India","5412","Yield","01251","Carrots and turnips","2009","2009","kg/ha","16570.2","E","Estimated value",""
"QCL","Crops and livestock products","356","India","5412","Yield","01251","Carrots and turnips","2010","2010","kg/ha","16746.8","E","Estimated value",""
"QCL","Crops and livestock products","356","India","5412","Yield","01251","Carrots and turnips","2011","2011","kg/ha","17017.9","A","Official value",""
"QCL","Crops and livestock products","356","India","5412","Yield","01251","Carrots and turnips","2012","2012","kg/ha","18596.8","A","Official value",""
"QCL","Crops and livestock products","356","India","5412","Yield","01251","Carrots and turnips","2013","2013","kg/ha","17890.6","A","Official value",""
"QCL","Crops and livestock products","356","India","5412","Yield","01251","Carrots and turnips","2014","2014","kg/ha","17322.6","A","Official value",""
"QCL","Crops and livestock products","356","India","5412","Yield","01251","Carrots and turnips","2015","2015","kg/ha","15125","A","Official value",""
"QCL","Crops and livestock products","356","India","5412","Yield","01251","Carrots and turnips","2016","2016","kg/ha","16262.7","A","Official value",""
"QCL","Crops and livestock products","356","India","5412","Yield","01251","Carrots and turnips","2017","2017","kg/ha","15650.8","A","Official value",""
"QCL","Crops and livestock products","356","India","5412","Yield","01251","Carrots and turnips","2018","2018","kg/ha","17078.9","A","Official value",""
"QCL","Crops and livestock products","356","India","5412","Yield","01251","Carrots and turnips","2019","2019","kg/ha","17297.8","A","Official value",""
"QCL","Crops and livestock products","356","India","5412","Yield","01251","Carrots and turnips","2020","2020","kg/ha","17414.3","A","Official value",""
"QCL","Crops and livestock products","356","India","5412","Yield","01251","Carrots and turnips","2021","2021","kg/ha","17386.4","A","Official value",""
"QCL","Crops and livestock products","356","India","5412","Yield","01251","Carrots and turnips","2022","2022","kg/ha","17101.6","A","Official value",""
"QCL","Crops and livestock products","356","India","5412","Yield","01251","Carrots and turnips","2023","2023","kg/ha","19557.6","A","Official value",""
"QCL","Crops and livestock products","356","India","5412","Yield","01251","Carrots and turnips","2024","2024","kg/ha","22208.9","A","Official value",""
"QCL","Crops and livestock products","356","India","5412","Yield","01372","Cashew nuts, in shell","1961","1961","kg/ha","425","E","Estimated value",""
"QCL","Crops and livestock products","356","India","5412","Yield","01372","Cashew nuts, in shell","1962","1962","kg/ha","440","E","Estimated value",""
"QCL","Crops and livestock products","356","India","5412","Yield","01372","Cashew nuts, in shell","1963","1963","kg/ha","427.9","E","Estimated value",""
"QCL","Crops and livestock products","356","India","5412","Yield","01372","Cashew nuts, in shell","1964","1964","kg/ha","441.9","E","Estimated value",""
"QCL","Crops and livestock products","356","India","5412","Yield","01372","Cashew nuts, in shell","1965","1965","kg/ha","434.8","E","Estimated value",""
"QCL","Crops and livestock products","356","India","5412","Yield","01372","Cashew nuts, in shell","1966","1966","kg/ha","430.2","A","Official value",""
"QCL","Crops and livestock products","356","India","5412","Yield","01372","Cashew nuts, in shell","1967","1967","kg/ha","458.5","A","Official value",""
"QCL","Crops and livestock products","356","India","5412","Yield","01372","Cashew nuts, in shell","1968","1968","kg/ha","461.1","A","Official value",""
"QCL","Crops and livestock products","356","India","5412","Yield","01372","Cashew nuts, in shell","1969","1969","kg/ha","453.3","A","Official value",""
"QCL","Crops and livestock products","356","India","5412","Yield","01372","Cashew nuts, in shell","1970","1970","kg/ha","438.6","A","Official value",""
"QCL","Crops and livestock products","356","India","5412","Yield","01372","Cashew nuts, in shell","1971","1971","kg/ha","420.2","A","Official value",""
"QCL","Crops and livestock products","356","India","5412","Yield","01372","Cashew nuts, in shell","1972","1972","kg/ha","406.2","A","Official value",""
"QCL","Crops and livestock products","356","India","5412","Yield","01372","Cashew nuts, in shell","1973","1973","kg/ha","395.3","A","Official value",""
"QCL","Crops and livestock products","356","India","5412","Yield","01372","Cashew nuts, in shell","1974","1974","kg/ha","386","A","Official value",""
"QCL","Crops and livestock products","356","India","5412","Yield","01372","Cashew nuts, in shell","1975","1975","kg/ha","399.1","A","Official value",""
"QCL","Crops and livestock products","356","India","5412","Yield","01372","Cashew nuts, in shell","1976","1976","kg/ha","431.2","A","Official value",""
"QCL","Crops and livestock products","356","India","5412","Yield","01372","Cashew nuts, in shell","1977","1977","kg/ha","432.4","A","Official value",""
"QCL","Crops and livestock products","356","India","5412","Yield","01372","Cashew nuts, in shell","1978","1978","kg/ha","428.4","A","Official value",""
"QCL","Crops and livestock products","356","India","5412","Yield","01372","Cashew nuts, in shell","1979","1979","kg/ha","409.4","A","Official value",""
"QCL","Crops and livestock products","356","India","5412","Yield","01372","Cashew nuts, in shell","1980","1980","kg/ha","402.9","A","Official value",""
"QCL","Crops and livestock products","356","India","5412","Yield","01372","Cashew nuts, in shell","1981","1981","kg/ha","398.8","A","Official value",""
"QCL","Crops and livestock products","356","India","5412","Yield","01372","Cashew nuts, in shell","1982","1982","kg/ha","406.9","A","Official value",""
"QCL","Crops and livestock products","356","India","5412","Yield","01372","Cashew nuts, in shell","1983","1983","kg/ha","409","A","Official value",""
"QCL","Crops and livestock products","356","India","5412","Yield","01372","Cashew nuts, in shell","1984","1984","kg/ha","420.1","A","Official value",""
"QCL","Crops and livestock products","356","India","5412","Yield","01372","Cashew nuts, in shell","1985","1985","kg/ha","434.2","A","Official value",""
"QCL","Crops and livestock products","356","India","5412","Yield","01372","Cashew nuts, in shell","1986","1986","kg/ha","452.3","A","Official value",""
"QCL","Crops and livestock products","356","India","5412","Yield","01372","Cashew nuts, in shell","1987","1987","kg/ha","469.6","A","Official value",""
"QCL","Crops and livestock products","356","India","5412","Yield","01372","Cashew nuts, in shell","1988","1988","kg/ha","493.5","A","Official value",""
"QCL","Crops and livestock products","356","India","5412","Yield","01372","Cashew nuts, in shell","1989","1989","kg/ha","518.3","A","Official value",""
"QCL","Crops and livestock products","356","India","5412","Yield","01372","Cashew nuts, in shell","1990","1990","kg/ha","538","A","Official value",""
"QCL","Crops and livestock products","356","India","5412","Yield","01372","Cashew nuts, in shell","1991","1991","kg/ha","553.9","A","Official value",""
"QCL","Crops and livestock products","356","India","5412","Yield","01372","Cashew nuts, in shell","1992","1992","kg/ha","572.2","A","Official value",""
"QCL","Crops and livestock products","356","India","5412","Yield","01372","Cashew nuts, in shell","1993","1993","kg/ha","625","A","Official value",""
"QCL","Crops and livestock products","356","India","5412","Yield","01372","Cashew nuts, in shell","1994","1994","kg/ha","619.5","A","Official value",""
"QCL","Crops and livestock products","356","India","5412","Yield","01372","Cashew nuts, in shell","1995","1995","kg/ha","557.4","A","Official value",""
"QCL","Crops and livestock products","356","India","5412","Yield","01372","Cashew nuts, in shell","1996","1996","kg/ha","658","A","Official value",""
"QCL","Crops and livestock products","356","India","5412","Yield","01372","Cashew nuts, in shell","1997","1997","kg/ha","652.5","A","Official value",""
"QCL","Crops and livestock products","356","India","5412","Yield","01372","Cashew nuts, in shell","1998","1998","kg/ha","533.3","A","Official value",""
"QCL","Crops and livestock products","356","India","5412","Yield","01372","Cashew nuts, in shell","1999","1999","kg/ha","651.6","A","Official value",""
"QCL","Crops and livestock products","356","India","5412","Yield","01372","Cashew nuts, in shell","2000","2000","kg/ha","758","A","Official value",""
"QCL","Crops and livestock products","356","India","5412","Yield","01372","Cashew nuts, in shell","2001","2001","kg/ha","642.9","A","Official value",""
"QCL","Crops and livestock products","356","India","5412","Yield","01372","Cashew nuts, in shell","2002","2002","kg/ha","626.7","A","Official value",""
"QCL","Crops and livestock products","356","India","5412","Yield","01372","Cashew nuts, in shell","2003","2003","kg/ha","649.4","A","Official value",""
"QCL","Crops and livestock products","356","India","5412","Yield","01372","Cashew nuts, in shell","2004","2004","kg/ha","685.9","A","Official value",""
"QCL","Crops and livestock products","356","India","5412","Yield","01372","Cashew nuts, in shell","2005","2005","kg/ha","663.4","A","Official value",""
"QCL","Crops and livestock products","356","India","5412","Yield","01372","Cashew nuts, in shell","2006","2006","kg/ha","684.6","A","Official value",""
"QCL","Crops and livestock products","356","India","5412","Yield","01372","Cashew nuts, in shell","2007","2007","kg/ha","726","A","Official value",""
"QCL","Crops and livestock products","356","India","5412","Yield","01372","Cashew nuts, in shell","2008","2008","kg/ha","766.1","A","Official value",""
"QCL","Crops and livestock products","356","India","5412","Yield","01372","Cashew nuts, in shell","2009","2009","kg/ha","778.3","A","Official value",""
"QCL","Crops and livestock products","356","India","5412","Yield","01372","Cashew nuts, in shell","2010","2010","kg/ha","664.1","A","Official value",""
"QCL","Crops and livestock products","356","India","5412","Yield","01372","Cashew nuts, in shell","2011","2011","kg/ha","707.7","A","Official value",""
"QCL","Crops and livestock products","356","India","5412","Yield","01372","Cashew nuts, in shell","2012","2012","kg/ha","740.6","A","Official value",""
"QCL","Crops and livestock products","356","India","5412","Yield","01372","Cashew nuts, in shell","2013","2013","kg/ha","759.1","A","Official value",""
"QCL","Crops and livestock products","356","India","5412","Yield","01372","Cashew nuts, in shell","2014","2014","kg/ha","744.8","A","Official value",""
"QCL","Crops and livestock products","356","India","5412","Yield","01372","Cashew nuts, in shell","2015","2015","kg/ha","723.3","A","Official value",""
"QCL","Crops and livestock products","356","India","5412","Yield","01372","Cashew nuts, in shell","2016","2016","kg/ha","647.7","A","Official value",""
"QCL","Crops and livestock products","356","India","5412","Yield","01372","Cashew nuts, in shell","2017","2017","kg/ha","761.8","A","Official value",""
"QCL","Crops and livestock products","356","India","5412","Yield","01372","Cashew nuts, in shell","2018","2018","kg/ha","769.3","A","Official value",""
"QCL","Crops and livestock products","356","India","5412","Yield","01372","Cashew nuts, in shell","2019","2019","kg/ha","672.4","A","Official value",""
"QCL","Crops and livestock products","356","India","5412","Yield","01372","Cashew nuts, in shell","2020","2020","kg/ha","624.9","A","Official value",""
"QCL","Crops and livestock products","356","India","5412","Yield","01372","Cashew nuts, in shell","2021","2021","kg/ha","636.8","A","Official value",""
"QCL","Crops and livestock products","356","India","5412","Yield","01372","Cashew nuts, in shell","2022","2022","kg/ha","635.1","A","Official value",""
"QCL","Crops and livestock products","356","India","5412","Yield","01372","Cashew nuts, in shell","2023","2023","kg/ha","654.4","A","Official value",""
"QCL","Crops and livestock products","356","India","5412","Yield","01372","Cashew nuts, in shell","2024","2024","kg/ha","662.9","A","Official value",""
"QCL","Crops and livestock products","356","India","5412","Yield","01520.01","Cassava, fresh","1961","1961","kg/ha","7186.1","A","Official value",""
"QCL","Crops and livestock products","356","India","5412","Yield","01520.01","Cassava, fresh","1962","1962","kg/ha","7139.6","A","Official value",""
"QCL","Crops and livestock products","356","India","5412","Yield","01520.01","Cassava, fresh","1963","1963","kg/ha","7113.4","A","Official value",""
"QCL","Crops and livestock products","356","India","5412","Yield","01520.01","Cassava, fresh","1964","1964","kg/ha","11569.7","A","Official value",""
"QCL","Crops and livestock products","356","India","5412","Yield","01520.01","Cassava, fresh","1965","1965","kg/ha","12637.5","A","Official value",""
"QCL","Crops and livestock products","356","India","5412","Yield","01520.01","Cassava, fresh","1966","1966","kg/ha","12793.4","A","Official value",""
"QCL","Crops and livestock products","356","India","5412","Yield","01520.01","Cassava, fresh","1967","1967","kg/ha","13162.1","A","Official value",""
"QCL","Crops and livestock products","356","India","5412","Yield","01520.01","Cassava, fresh","1968","1968","kg/ha","13378.6","A","Official value",""
"QCL","Crops and livestock products","356","India","5412","Yield","01520.01","Cassava, fresh","1969","1969","kg/ha","12917.5","A","Official value",""
"QCL","Crops and livestock products","356","India","5412","Yield","01520.01","Cassava, fresh","1970","1970","kg/ha","14787.6","A","Official value",""
"QCL","Crops and livestock products","356","India","5412","Yield","01520.01","Cassava, fresh","1971","1971","kg/ha","14859.8","A","Official value",""
"QCL","Crops and livestock products","356","India","5412","Yield","01520.01","Cassava, fresh","1972","1972","kg/ha","17036.8","A","Official value",""
"QCL","Crops and livestock products","356","India","5412","Yield","01520.01","Cassava, fresh","1973","1973","kg/ha","17542.4","A","Official value",""
"QCL","Crops and livestock products","356","India","5412","Yield","01520.01","Cassava, fresh","1974","1974","kg/ha","17438.6","A","Official value",""
"QCL","Crops and livestock products","356","India","5412","Yield","01520.01","Cassava, fresh","1975","1975","kg/ha","16320.7","A","Official value",""
"QCL","Crops and livestock products","356","India","5412","Yield","01520.01","Cassava, fresh","1976","1976","kg/ha","16934.4","A","Official value",""
"QCL","Crops and livestock products","356","India","5412","Yield","01520.01","Cassava, fresh","1977","1977","kg/ha","16524.1","A","Official value",""
"QCL","Crops and livestock products","356","India","5412","Yield","01520.01","Cassava, fresh","1978","1978","kg/ha","15875.8","A","Official value",""
"QCL","Crops and livestock products","356","India","5412","Yield","01520.01","Cassava, fresh","1979","1979","kg/ha","16736.1","A","Official value",""
"QCL","Crops and livestock products","356","India","5412","Yield","01520.01","Cassava, fresh","1980","1980","kg/ha","16610.7","A","Official value",""
"QCL","Crops and livestock products","356","India","5412","Yield","01520.01","Cassava, fresh","1981","1981","kg/ha","18292.1","A","Official value",""
"QCL","Crops and livestock products","356","India","5412","Yield","01520.01","Cassava, fresh","1982","1982","kg/ha","16373.8","A","Official value",""
"QCL","Crops and livestock products","356","India","5412","Yield","01520.01","Cassava, fresh","1983","1983","kg/ha","17708.6","A","Official value",""
"QCL","Crops and livestock products","356","India","5412","Yield","01520.01","Cassava, fresh","1984","1984","kg/ha","18428.9","A","Official value",""
"QCL","Crops and livestock products","356","India","5412","Yield","01520.01","Cassava, fresh","1985","1985","kg/ha","18546","A","Official value",""
"QCL","Crops and livestock products","356","India","5412","Yield","01520.01","Cassava, fresh","1986","1986","kg/ha","17716","A","Official value",""
"QCL","Crops and livestock products","356","India","5412","Yield","01520.01","Cassava, fresh","1987","1987","kg/ha","18147","A","Official value",""
"QCL","Crops and livestock products","356","India","5412","Yield","01520.01","Cassava, fresh","1988","1988","kg/ha","20180.7","A","Official value",""
"QCL","Crops and livestock products","356","India","5412","Yield","01520.01","Cassava, fresh","1989","1989","kg/ha","19384.7","A","Official value",""
"QCL","Crops and livestock products","356","India","5412","Yield","01520.01","Cassava, fresh","1990","1990","kg/ha","20538.1","A","Official value",""
"QCL","Crops and livestock products","356","India","5412","Yield","01520.01","Cassava, fresh","1991","1991","kg/ha","21892.5","A","Official value",""
"QCL","Crops and livestock products","356","India","5412","Yield","01520.01","Cassava, fresh","1992","1992","kg/ha","23246.3","A","Official value",""
"QCL","Crops and livestock products","356","India","5412","Yield","01520.01","Cassava, fresh","1993","1993","kg/ha","23043","A","Official value",""
"QCL","Crops and livestock products","356","India","5412","Yield","01520.01","Cassava, fresh","1994","1994","kg/ha","24527.7","A","Official value",""
"QCL","Crops and livestock products","356","India","5412","Yield","01520.01","Cassava, fresh","1995","1995","kg/ha","25277.5","A","Official value",""
"QCL","Crops and livestock products","356","India","5412","Yield","01520.01","Cassava, fresh","1996","1996","kg/ha","23852.8","A","Official value",""
"QCL","Crops and livestock products","356","India","5412","Yield","01520.01","Cassava, fresh","1997","1997","kg/ha","22111.7","A","Official value",""
"QCL","Crops and livestock products","356","India","5412","Yield","01520.01","Cassava, fresh","1998","1998","kg/ha","25281.5","A","Official value",""
"QCL","Crops and livestock products","356","India","5412","Yield","01520.01","Cassava, fresh","1999","1999","kg/ha","23952.3","A","Official value",""
"QCL","Crops and livestock products","356","India","5412","Yield","01520.01","Cassava, fresh","2000","2000","kg/ha","26908.7","A","Official value",""
"QCL","Crops and livestock products","356","India","5412","Yield","01520.01","Cassava, fresh","2001","2001","kg/ha","26699.8","A","Official value",""
"QCL","Crops and livestock products","356","India","5412","Yield","01520.01","Cassava, fresh","2002","2002","kg/ha","27274.6","A","Official value",""
"QCL","Crops and livestock products","356","India","5412","Yield","01520.01","Cassava, fresh","2003","2003","kg/ha","26213.5","A","Official value",""
"QCL","Crops and livestock products","356","India","5412","Yield","01520.01","Cassava, fresh","2004","2004","kg/ha","27043.6","A","Official value",""
"QCL","Crops and livestock products","356","India","5412","Yield","01520.01","Cassava, fresh","2005","2005","kg/ha","30497.8","A","Official value",""
"QCL","Crops and livestock products","356","India","5412","Yield","01520.01","Cassava, fresh","2006","2006","kg/ha","32113.2","A","Official value",""
"QCL","Crops and livestock products","356","India","5412","Yield","01520.01","Cassava, fresh","2007","2007","kg/ha","32220.4","A","Official value",""
"QCL","Crops and livestock products","356","India","5412","Yield","01520.01","Cassava, fresh","2008","2008","kg/ha","33540.7","A","Official value",""
"QCL","Crops and livestock products","356","India","5412","Yield","01520.01","Cassava, fresh","2009","2009","kg/ha","34343.3","A","Official value",""
"QCL","Crops and livestock products","356","India","5412","Yield","01520.01","Cassava, fresh","2010","2010","kg/ha","34755.5","A","Official value",""
"QCL","Crops and livestock products","356","India","5412","Yield","01520.01","Cassava, fresh","2011","2011","kg/ha","36477","A","Official value",""
"QCL","Crops and livestock products","356","India","5412","Yield","01520.01","Cassava, fresh","2012","2012","kg/ha","38581.8","A","Official value",""
"QCL","Crops and livestock products","356","India","5412","Yield","01520.01","Cassava, fresh","2013","2013","kg/ha","34959.4","A","Official value",""
"QCL","Crops and livestock products","356","India","5412","Yield","01520.01","Cassava, fresh","2014","2014","kg/ha","35655.5","A","Official value",""
"QCL","Crops and livestock products","356","India","5412","Yield","01520.01","Cassava, fresh","2015","2015","kg/ha","21024","A","Official value",""
"QCL","Crops and livestock products","356","India","5412","Yield","01520.01","Cassava, fresh","2016","2016","kg/ha","21294.1","A","Official value",""
"QCL","Crops and livestock products","356","India","5412","Yield","01520.01","Cassava, fresh","2017","2017","kg/ha","20959.8","A","Official value",""
"QCL","Crops and livestock products","356","India","5412","Yield","01520.01","Cassava, fresh","2018","2018","kg/ha","28612.7","A","Official value",""
"QCL","Crops and livestock products","356","India","5412","Yield","01520.01","Cassava, fresh","2019","2019","kg/ha","30527.6","A","Official value",""
"QCL","Crops and livestock products","356","India","5412","Yield","01520.01","Cassava, fresh","2020","2020","kg/ha","35028.9","A","Official value",""
"QCL","Crops and livestock products","356","India","5412","Yield","01520.01","Cassava, fresh","2021","2021","kg/ha","37929","A","Official value",""
"QCL","Crops and livestock products","356","India","5412","Yield","01520.01","Cassava, fresh","2022","2022","kg/ha","36122.1","A","Official value",""
"QCL","Crops and livestock products","356","India","5412","Yield","01520.01","Cassava, fresh","2023","2023","kg/ha","35771.1","A","Official value",""
"QCL","Crops and livestock products","356","India","5412","Yield","01520.01","Cassava, fresh","2024","2024","kg/ha","35574.1","A","Official value",""
"QCL","Crops and livestock products","356","India","5412","Yield","01447","Castor oil seeds","1961","1961","kg/ha","224.3","A","Official value",""
"QCL","Crops and livestock products","356","India","5412","Yield","01447","Castor oil seeds","1962","1962","kg/ha","211.1","A","Official value",""
"QCL","Crops and livestock products","356","India","5412","Yield","01447","Castor oil seeds","1963","1963","kg/ha","210.7","A","Official value",""
"QCL","Crops and livestock products","356","India","5412","Yield","01447","Castor oil seeds","1964","1964","kg/ha","242.6","A","Official value",""
"QCL","Crops and livestock products","356","India","5412","Yield","01447","Castor oil seeds","1965","1965","kg/ha","197","A","Official value",""
"QCL","Crops and livestock products","356","India","5412","Yield","01447","Castor oil seeds","1966","1966","kg/ha","273.9","A","Official value",""
"QCL","Crops and livestock products","356","India","5412","Yield","01447","Castor oil seeds","1967","1967","kg/ha","275.8","A","Official value",""
"QCL","Crops and livestock products","356","India","5412","Yield","01447","Castor oil seeds","1968","1968","kg/ha","293.8","A","Official value",""
"QCL","Crops and livestock products","356","India","5412","Yield","01447","Castor oil seeds","1969","1969","kg/ha","306","A","Official value",""
"QCL","Crops and livestock products","356","India","5412","Yield","01447","Castor oil seeds","1970","1970","kg/ha","310.3","A","Official value",""
"QCL","Crops and livestock products","356","India","5412","Yield","01447","Castor oil seeds","1971","1971","kg/ha","339.7","A","Official value",""
"QCL","Crops and livestock products","356","India","5412","Yield","01447","Castor oil seeds","1972","1972","kg/ha","341","A","Official value",""
"QCL","Crops and livestock products","356","India","5412","Yield","01447","Castor oil seeds","1973","1973","kg/ha","419.1","A","Official value",""
"QCL","Crops and livestock products","356","India","5412","Yield","01447","Castor oil seeds","1974","1974","kg/ha","356.4","A","Official value",""
"QCL","Crops and livestock products","356","India","5412","Yield","01447","Castor oil seeds","1975","1975","kg/ha","381.2","A","Official value",""
"QCL","Crops and livestock products","356","India","5412","Yield","01447","Castor oil seeds","1976","1976","kg/ha","361","A","Official value",""
"QCL","Crops and livestock products","356","India","5412","Yield","01447","Castor oil seeds","1977","1977","kg/ha","572","A","Official value",""
"QCL","Crops and livestock products","356","India","5412","Yield","01447","Castor oil seeds","1978","1978","kg/ha","513.3","A","Official value",""
"QCL","Crops and livestock products","356","India","5412","Yield","01447","Castor oil seeds","1979","1979","kg/ha","516","A","Official value",""
"QCL","Crops and livestock products","356","India","5412","Yield","01447","Castor oil seeds","1980","1980","kg/ha","410.9","A","Official value",""
"QCL","Crops and livestock products","356","India","5412","Yield","01447","Castor oil seeds","1981","1981","kg/ha","556.1","A","Official value",""
"QCL","Crops and livestock products","356","India","5412","Yield","01447","Castor oil seeds","1982","1982","kg/ha","593.9","A","Official value",""
"QCL","Crops and livestock products","356","India","5412","Yield","01447","Castor oil seeds","1983","1983","kg/ha","648.9","A","Official value",""
"QCL","Crops and livestock products","356","India","5412","Yield","01447","Castor oil seeds","1984","1984","kg/ha","700.4","A","Official value",""
"QCL","Crops and livestock products","356","India","5412","Yield","01447","Castor oil seeds","1985","1985","kg/ha","484.3","A","Official value",""
"QCL","Crops and livestock products","356","India","5412","Yield","01447","Castor oil seeds","1986","1986","kg/ha","398.7","A","Official value",""
"QCL","Crops and livestock products","356","India","5412","Yield","01447","Castor oil seeds","1987","1987","kg/ha","407.1","A","Official value",""
"QCL","Crops and livestock products","356","India","5412","Yield","01447","Castor oil seeds","1988","1988","kg/ha","658.2","A","Official value",""
"QCL","Crops and livestock products","356","India","5412","Yield","01447","Castor oil seeds","1989","1989","kg/ha","736.4","A","Official value",""
"QCL","Crops and livestock products","356","India","5412","Yield","01447","Castor oil seeds","1990","1990","kg/ha","884.2","A","Official value",""
"QCL","Crops and livestock products","356","India","5412","Yield","01447","Castor oil seeds","1991","1991","kg/ha","810.2","A","Official value",""
"QCL","Crops and livestock products","356","India","5412","Yield","01447","Castor oil seeds","1992","1992","kg/ha","944.5","A","Official value",""
"QCL","Crops and livestock products","356","India","5412","Yield","01447","Castor oil seeds","1993","1993","kg/ha","927.4","A","Official value",""
"QCL","Crops and livestock products","356","India","5412","Yield","01447","Castor oil seeds","1994","1994","kg/ha","1084.8","A","Official value",""
"QCL","Crops and livestock products","356","India","5412","Yield","01447","Castor oil seeds","1995","1995","kg/ha","985.2","A","Official value",""
"QCL","Crops and livestock products","356","India","5412","Yield","01447","Castor oil seeds","1996","1996","kg/ha","1228.4","A","Official value",""
"QCL","Crops and livestock products","356","India","5412","Yield","01447","Castor oil seeds","1997","1997","kg/ha","1293.5","A","Official value",""
"QCL","Crops and livestock products","356","India","5412","Yield","01447","Castor oil seeds","1998","1998","kg/ha","1230.4","A","Official value",""
"QCL","Crops and livestock products","356","India","5412","Yield","01447","Castor oil seeds","1999","1999","kg/ha","984","A","Official value",""
"QCL","Crops and livestock products","356","India","5412","Yield","01447","Castor oil seeds","2000","2000","kg/ha","815.4","A","Official value",""
"QCL","Crops and livestock products","356","India","5412","Yield","01447","Castor oil seeds","2001","2001","kg/ha","909.4","A","Official value",""
"QCL","Crops and livestock products","356","India","5412","Yield","01447","Castor oil seeds","2002","2002","kg/ha","733.3","A","Official value",""
"QCL","Crops and livestock products","356","India","5412","Yield","01447","Castor oil seeds","2003","2003","kg/ha","1111","A","Official value",""
"QCL","Crops and livestock products","356","India","5412","Yield","01447","Castor oil seeds","2004","2004","kg/ha","1063.4","A","Official value",""
"QCL","Crops and livestock products","356","India","5412","Yield","01447","Castor oil seeds","2005","2005","kg/ha","1148.8","A","Official value",""
"QCL","Crops and livestock products","356","India","5412","Yield","01447","Castor oil seeds","2006","2006","kg/ha","1213.5","A","Official value",""
"QCL","Crops and livestock products","356","India","5412","Yield","01447","Castor oil seeds","2007","2007","kg/ha","1339","A","Official value",""
"QCL","Crops and livestock products","356","India","5412","Yield","01447","Castor oil seeds","2008","2008","kg/ha","1351.9","A","Official value",""
"QCL","Crops and livestock products","356","India","5412","Yield","01447","Castor oil seeds","2009","2009","kg/ha","1366.2","A","Official value",""
"QCL","Crops and livestock products","356","India","5412","Yield","01447","Castor oil seeds","2010","2010","kg/ha","1533.9","A","Official value",""
"QCL","Crops and livestock products","356","India","5412","Yield","01447","Castor oil seeds","2011","2011","kg/ha","1560.2","A","Official value",""
"QCL","Crops and livestock products","356","India","5412","Yield","01447","Castor oil seeds","2012","2012","kg/ha","1591.7","A","Official value",""
"QCL","Crops and livestock products","356","India","5412","Yield","01447","Castor oil seeds","2013","2013","kg/ha","1623.9","A","Official value",""
"QCL","Crops and livestock products","356","India","5412","Yield","01447","Castor oil seeds","2014","2014","kg/ha","1716.7","A","Official value",""
"QCL","Crops and livestock products","356","India","5412","Yield","01447","Castor oil seeds","2015","2015","kg/ha","1651.5","A","Official value",""
"QCL","Crops and livestock products","356","India","5412","Yield","01447","Castor oil seeds","2016","2016","kg/ha","1703.7","A","Official value",""
"QCL","Crops and livestock products","356","India","5412","Yield","01447","Castor oil seeds","2017","2017","kg/ha","1902.1","A","Official value",""
"QCL","Crops and livestock products","356","India","5412","Yield","01447","Castor oil seeds","2018","2018","kg/ha","1592.8","A","Official value",""
"QCL","Crops and livestock products","356","India","5412","Yield","01447","Castor oil seeds","2019","2019","kg/ha","1760.5","A","Official value",""
"QCL","Crops and livestock products","356","India","5412","Yield","01447","Castor oil seeds","2020","2020","kg/ha","1855.7","A","Official value",""
"QCL","Crops and livestock products","356","India","5412","Yield","01447","Castor oil seeds","2021","2021","kg/ha","1948","A","Official value",""
"QCL","Crops and livestock products","356","India","5412","Yield","01447","Castor oil seeds","2022","2022","kg/ha","1942.3","A","Official value",""
"QCL","Crops and livestock products","356","India","5412","Yield","01447","Castor oil seeds","2023","2023","kg/ha","1881.5","A","Official value",""
"QCL","Crops and livestock products","356","India","5412","Yield","01447","Castor oil seeds","2024","2024","kg/ha","1917.6","A","Official value",""
"QCL","Crops and livestock products","356","India","5412","Yield","01213","Cauliflowers and broccoli","1961","1961","kg/ha","10073.2","E","Estimated value",""
"QCL","Crops and livestock products","356","India","5412","Yield","01213","Cauliflowers and broccoli","1962","1962","kg/ha","10000","E","Estimated value",""
"QCL","Crops and livestock products","356","India","5412","Yield","01213","Cauliflowers and broccoli","1963","1963","kg/ha","10250","E","Estimated value",""
"QCL","Crops and livestock products","356","India","5412","Yield","01213","Cauliflowers and broccoli","1964","1964","kg/ha","10000","E","Estimated value",""
"QCL","Crops and livestock products","356","India","5412","Yield","01213","Cauliflowers and broccoli","1965","1965","kg/ha","10400","E","Estimated value",""
"QCL","Crops and livestock products","356","India","5412","Yield","01213","Cauliflowers and broccoli","1966","1966","kg/ha","10000","E","Estimated value",""
"QCL","Crops and livestock products","356","India","5412","Yield","01213","Cauliflowers and broccoli","1967","1967","kg/ha","10833.3","E","Estimated value",""
"QCL","Crops and livestock products","356","India","5412","Yield","01213","Cauliflowers and broccoli","1968","1968","kg/ha","10714.3","E","Estimated value",""
"QCL","Crops and livestock products","356","India","5412","Yield","01213","Cauliflowers and broccoli","1969","1969","kg/ha","11250","E","Estimated value",""
"QCL","Crops and livestock products","356","India","5412","Yield","01213","Cauliflowers and broccoli","1970","1970","kg/ha","10555.6","E","Estimated value",""
"QCL","Crops and livestock products","356","India","5412","Yield","01213","Cauliflowers and broccoli","1971","1971","kg/ha","11111.1","E","Estimated value",""
"QCL","Crops and livestock products","356","India","5412","Yield","01213","Cauliflowers and broccoli","1972","1972","kg/ha","11000","E","Estimated value",""
"QCL","Crops and livestock products","356","India","5412","Yield","01213","Cauliflowers and broccoli","1973","1973","kg/ha","11000","E","Estimated value",""
"QCL","Crops and livestock products","356","India","5412","Yield","01213","Cauliflowers and broccoli","1974","1974","kg/ha","11818.2","E","Estimated value",""
"QCL","Crops and livestock products","356","India","5412","Yield","01213","Cauliflowers and broccoli","1975","1975","kg/ha","11818.2","E","Estimated value",""
"QCL","Crops and livestock products","356","India","5412","Yield","01213","Cauliflowers and broccoli","1976","1976","kg/ha","11666.7","E","Estimated value",""
"QCL","Crops and livestock products","356","India","5412","Yield","01213","Cauliflowers and broccoli","1977","1977","kg/ha","11538.5","E","Estimated value",""
"QCL","Crops and livestock products","356","India","5412","Yield","01213","Cauliflowers and broccoli","1978","1978","kg/ha","11428.6","E","Estimated value",""
"QCL","Crops and livestock products","356","India","5412","Yield","01213","Cauliflowers and broccoli","1979","1979","kg/ha","12000","E","Estimated value",""
"QCL","Crops and livestock products","356","India","5412","Yield","01213","Cauliflowers and broccoli","1980","1980","kg/ha","11875","E","Estimated value",""
"QCL","Crops and livestock products","356","India","5412","Yield","01213","Cauliflowers and broccoli","1981","1981","kg/ha","11764.7","E","Estimated value",""
"QCL","Crops and livestock products","356","India","5412","Yield","01213","Cauliflowers and broccoli","1982","1982","kg/ha","12222.2","E","Estimated value",""
"QCL","Crops and livestock products","356","India","5412","Yield","01213","Cauliflowers and broccoli","1983","1983","kg/ha","12105.3","E","Estimated value",""
"QCL","Crops and livestock products","356","India","5412","Yield","01213","Cauliflowers and broccoli","1984","1984","kg/ha","12631.6","E","Estimated value",""
"QCL","Crops and livestock products","356","India","5412","Yield","01213","Cauliflowers and broccoli","1985","1985","kg/ha","13000","E","Estimated value",""
"QCL","Crops and livestock products","356","India","5412","Yield","01213","Cauliflowers and broccoli","1986","1986","kg/ha","13500","E","Estimated value",""
"QCL","Crops and livestock products","356","India","5412","Yield","01213","Cauliflowers and broccoli","1987","1987","kg/ha","13809.5","E","Estimated value",""
"QCL","Crops and livestock products","356","India","5412","Yield","01213","Cauliflowers and broccoli","1988","1988","kg/ha","13636.4","E","Estimated value",""
"QCL","Crops and livestock products","356","India","5412","Yield","01213","Cauliflowers and broccoli","1989","1989","kg/ha","13913","E","Estimated value",""
"QCL","Crops and livestock products","356","India","5412","Yield","01213","Cauliflowers and broccoli","1990","1990","kg/ha","14226.5","A","Official value",""
"QCL","Crops and livestock products","356","India","5412","Yield","01213","Cauliflowers and broccoli","1991","1991","kg/ha","14784.3","A","Official value",""
"QCL","Crops and livestock products","356","India","5412","Yield","01213","Cauliflowers and broccoli","1992","1992","kg/ha","18972","A","Official value",""
"QCL","Crops and livestock products","356","India","5412","Yield","01213","Cauliflowers and broccoli","1993","1993","kg/ha","15105.3","A","Official value",""
"QCL","Crops and livestock products","356","India","5412","Yield","01213","Cauliflowers and broccoli","1994","1994","kg/ha","16434.8","A","Official value",""
"QCL","Crops and livestock products","356","India","5412","Yield","01213","Cauliflowers and broccoli","1995","1995","kg/ha","17021.3","E","Estimated value",""
"QCL","Crops and livestock products","356","India","5412","Yield","01213","Cauliflowers and broccoli","1996","1996","kg/ha","16071.4","E","Estimated value",""
"QCL","Crops and livestock products","356","India","5412","Yield","01213","Cauliflowers and broccoli","1997","1997","kg/ha","17241.4","E","Estimated value",""
"QCL","Crops and livestock products","356","India","5412","Yield","01213","Cauliflowers and broccoli","1998","1998","kg/ha","17880","A","Official value",""
"QCL","Crops and livestock products","356","India","5412","Yield","01213","Cauliflowers and broccoli","1999","1999","kg/ha","18760","A","Official value",""
"QCL","Crops and livestock products","356","India","5412","Yield","01213","Cauliflowers and broccoli","2000","2000","kg/ha","18880","A","Official value",""
"QCL","Crops and livestock products","356","India","5412","Yield","01213","Cauliflowers and broccoli","2001","2001","kg/ha","18038.5","A","Official value",""
"QCL","Crops and livestock products","356","India","5412","Yield","01213","Cauliflowers and broccoli","2002","2002","kg/ha","18111.1","A","Official value",""
"QCL","Crops and livestock products","356","India","5412","Yield","01213","Cauliflowers and broccoli","2003","2003","kg/ha","17142.9","A","Official value",""
"QCL","Crops and livestock products","356","India","5412","Yield","01213","Cauliflowers and broccoli","2004","2004","kg/ha","18440.5","A","Official value",""
"QCL","Crops and livestock products","356","India","5412","Yield","01213","Cauliflowers and broccoli","2005","2005","kg/ha","18930","A","Official value",""
"QCL","Crops and livestock products","356","India","5412","Yield","01213","Cauliflowers and broccoli","2006","2006","kg/ha","18444.6","A","Official value",""
"QCL","Crops and livestock products","356","India","5412","Yield","01213","Cauliflowers and broccoli","2007","2007","kg/ha","18337.7","A","Official value",""
"QCL","Crops and livestock products","356","India","5412","Yield","01213","Cauliflowers and broccoli","2008","2008","kg/ha","18516","A","Official value",""
"QCL","Crops and livestock products","356","India","5412","Yield","01213","Cauliflowers and broccoli","2009","2009","kg/ha","18721.4","A","Official value",""
"QCL","Crops and livestock products","356","India","5412","Yield","01213","Cauliflowers and broccoli","2010","2010","kg/ha","18881.9","A","Official value",""
"QCL","Crops and livestock products","356","India","5412","Yield","01213","Cauliflowers and broccoli","2011","2011","kg/ha","18279.1","A","Official value",""
"QCL","Crops and livestock products","356","India","5412","Yield","01213","Cauliflowers and broccoli","2012","2012","kg/ha","18795.4","A","Official value",""
"QCL","Crops and livestock products","356","India","5412","Yield","01213","Cauliflowers and broccoli","2013","2013","kg/ha","19619.4","A","Official value",""
"QCL","Crops and livestock products","356","India","5412","Yield","01213","Cauliflowers and broccoli","2014","2014","kg/ha","19760","A","Official value",""
"QCL","Crops and livestock products","356","India","5412","Yield","01213","Cauliflowers and broccoli","2015","2015","kg/ha","19284.7","A","Official value",""
"QCL","Crops and livestock products","356","India","5412","Yield","01213","Cauliflowers and broccoli","2016","2016","kg/ha","18990.6","A","Official value",""
"QCL","Crops and livestock products","356","India","5412","Yield","01213","Cauliflowers and broccoli","2017","2017","kg/ha","18848","A","Official value",""
"QCL","Crops and livestock products","356","India","5412","Yield","01213","Cauliflowers and broccoli","2018","2018","kg/ha","19134.7","A","Official value",""
"QCL","Crops and livestock products","356","India","5412","Yield","01213","Cauliflowers and broccoli","2019","2019","kg/ha","19533.3","A","Official value",""
"QCL","Crops and livestock products","356","India","5412","Yield","01213","Cauliflowers and broccoli","2020","2020","kg/ha","19145.6","A","Official value",""
"QCL","Crops and livestock products","356","India","5412","Yield","01213","Cauliflowers and broccoli","2021","2021","kg/ha","19503.2","A","Official value",""
"QCL","Crops and livestock products","356","India","5412","Yield","01213","Cauliflowers and broccoli","2022","2022","kg/ha","19887.7","A","Official value",""
"QCL","Crops and livestock products","356","India","5412","Yield","01213","Cauliflowers and broccoli","2023","2023","kg/ha","19446","A","Official value",""
"QCL","Crops and livestock products","356","India","5412","Yield","01213","Cauliflowers and broccoli","2024","2024","kg/ha","19306.9","A","Official value",""
"QCL","Crops and livestock products","356","India","5412","Yield","01344.02","Cherries","1961","1961","kg/ha","2500","E","Estimated value",""
"QCL","Crops and livestock products","356","India","5412","Yield","01344.02","Cherries","1962","1962","kg/ha","2583.3","E","Estimated value",""
"QCL","Crops and livestock products","356","India","5412","Yield","01344.02","Cherries","1963","1963","kg/ha","2560","E","Estimated value",""
"QCL","Crops and livestock products","356","India","5412","Yield","01344.02","Cherries","1964","1964","kg/ha","2538.5","E","Estimated value",""
"QCL","Crops and livestock products","356","India","5412","Yield","01344.02","Cherries","1965","1965","kg/ha","2518.5","E","Estimated value",""
"QCL","Crops and livestock products","356","India","5412","Yield","01344.02","Cherries","1966","1966","kg/ha","2692.3","E","Estimated value",""
"QCL","Crops and livestock products","356","India","5412","Yield","01344.02","Cherries","1967","1967","kg/ha","2769.2","E","Estimated value",""
"QCL","Crops and livestock products","356","India","5412","Yield","01344.02","Cherries","1968","1968","kg/ha","2740.7","E","Estimated value",""
"QCL","Crops and livestock products","356","India","5412","Yield","01344.02","Cherries","1969","1969","kg/ha","2714.3","E","Estimated value",""
"QCL","Crops and livestock products","356","India","5412","Yield","01344.02","Cherries","1970","1970","kg/ha","2785.7","E","Estimated value",""
"QCL","Crops and livestock products","356","India","5412","Yield","01344.02","Cherries","1971","1971","kg/ha","2666.7","E","Estimated value",""
"QCL","Crops and livestock products","356","India","5412","Yield","01344.02","Cherries","1972","1972","kg/ha","2666.7","E","Estimated value",""
"QCL","Crops and livestock products","356","India","5412","Yield","01344.02","Cherries","1973","1973","kg/ha","2666.7","E","Estimated value",""
"QCL","Crops and livestock products","356","India","5412","Yield","01344.02","Cherries","1974","1974","kg/ha","2666.7","E","Estimated value",""
"QCL","Crops and livestock products","356","India","5412","Yield","01344.02","Cherries","1975","1975","kg/ha","2666.7","E","Estimated value",""
"QCL","Crops and livestock products","356","India","5412","Yield","01344.02","Cherries","1976","1976","kg/ha","2666.7","E","Estimated value",""
"QCL","Crops and livestock products","356","India","5412","Yield","01344.02","Cherries","1977","1977","kg/ha","2666.7","X","Value from external organization",""
"QCL","Crops and livestock products","356","India","5412","Yield","01344.02","Cherries","1978","1978","kg/ha","2307.7","E","Estimated value",""
"QCL","Crops and livestock products","356","India","5412","Yield","01344.02","Cherries","1979","1979","kg/ha","2307.7","E","Estimated value",""
"QCL","Crops and livestock products","356","India","5412","Yield","01344.02","Cherries","1980","1980","kg/ha","1666.7","E","Estimated value",""
"QCL","Crops and livestock products","356","India","5412","Yield","01344.02","Cherries","1981","1981","kg/ha","2000","E","Estimated value",""
"QCL","Crops and livestock products","356","India","5412","Yield","01344.02","Cherries","1982","1982","kg/ha","2000","E","Estimated value",""
"QCL","Crops and livestock products","356","India","5412","Yield","01344.02","Cherries","1983","1983","kg/ha","2307.7","E","Estimated value",""
"QCL","Crops and livestock products","356","India","5412","Yield","01344.02","Cherries","1984","1984","kg/ha","2307.7","E","Estimated value",""
"QCL","Crops and livestock products","356","India","5412","Yield","01344.02","Cherries","1985","1985","kg/ha","2307.7","E","Estimated value",""
"QCL","Crops and livestock products","356","India","5412","Yield","01344.02","Cherries","1986","1986","kg/ha","880","E","Estimated value",""
"QCL","Crops and livestock products","356","India","5412","Yield","01344.02","Cherries","1987","1987","kg/ha","813.7","A","Official value",""
"QCL","Crops and livestock products","356","India","5412","Yield","01344.02","Cherries","1988","1988","kg/ha","1600","A","Official value",""
"QCL","Crops and livestock products","356","India","5412","Yield","01344.02","Cherries","1989","1989","kg/ha","2651.5","A","Official value",""
"QCL","Crops and livestock products","356","India","5412","Yield","01344.02","Cherries","1990","1990","kg/ha","2461.5","E","Estimated value",""
"QCL","Crops and livestock products","356","India","5412","Yield","01344.02","Cherries","1991","1991","kg/ha","2642.9","E","Estimated value",""
"QCL","Crops and livestock products","356","India","5412","Yield","01344.02","Cherries","1992","1992","kg/ha","2629.8","E","Estimated value",""
"QCL","Crops and livestock products","356","India","5412","Yield","01344.02","Cherries","1993","1993","kg/ha","2666.7","E","Estimated value",""
"QCL","Crops and livestock products","356","India","5412","Yield","01344.02","Cherries","1994","1994","kg/ha","2625","E","Estimated value",""
"QCL","Crops and livestock products","356","India","5412","Yield","01344.02","Cherries","1995","1995","kg/ha","2708.3","E","Estimated value",""
"QCL","Crops and livestock products","356","India","5412","Yield","01344.02","Cherries","1996","1996","kg/ha","2823.5","E","Estimated value",""
"QCL","Crops and livestock products","356","India","5412","Yield","01344.02","Cherries","1997","1997","kg/ha","2793.3","E","Estimated value",""
"QCL","Crops and livestock products","356","India","5412","Yield","01344.02","Cherries","1998","1998","kg/ha","2790","E","Estimated value",""
"QCL","Crops and livestock products","356","India","5412","Yield","01344.02","Cherries","1999","1999","kg/ha","2763.6","E","Estimated value",""
"QCL","Crops and livestock products","356","India","5412","Yield","01344.02","Cherries","2000","2000","kg/ha","2780.4","E","Estimated value",""
"QCL","Crops and livestock products","356","India","5412","Yield","01344.02","Cherries","2001","2001","kg/ha","2797.2","E","Estimated value",""
"QCL","Crops and livestock products","356","India","5412","Yield","01344.02","Cherries","2002","2002","kg/ha","2814.1","E","Estimated value",""
"QCL","Crops and livestock products","356","India","5412","Yield","01344.02","Cherries","2003","2003","kg/ha","2830.9","E","Estimated value",""
"QCL","Crops and livestock products","356","India","5412","Yield","01344.02","Cherries","2004","2004","kg/ha","2848.7","E","Estimated value",""
"QCL","Crops and livestock products","356","India","5412","Yield","01344.02","Cherries","2005","2005","kg/ha","2867.5","E","Estimated value",""
"QCL","Crops and livestock products","356","India","5412","Yield","01344.02","Cherries","2006","2006","kg/ha","2886.4","E","Estimated value",""
"QCL","Crops and livestock products","356","India","5412","Yield","01344.02","Cherries","2007","2007","kg/ha","2905.2","E","Estimated value",""
"QCL","Crops and livestock products","356","India","5412","Yield","01344.02","Cherries","2008","2008","kg/ha","2924","E","Estimated value",""
"QCL","Crops and livestock products","356","India","5412","Yield","01344.02","Cherries","2009","2009","kg/ha","2942.8","E","Estimated value",""
"QCL","Crops and livestock products","356","India","5412","Yield","01344.02","Cherries","2010","2010","kg/ha","2961.7","E","Estimated value",""
"QCL","Crops and livestock products","356","India","5412","Yield","01344.02","Cherries","2011","2011","kg/ha","2980.5","E","Estimated value",""
"QCL","Crops and livestock products","356","India","5412","Yield","01344.02","Cherries","2012","2012","kg/ha","2999.3","E","Estimated value",""
"QCL","Crops and livestock products","356","India","5412","Yield","01344.02","Cherries","2013","2013","kg/ha","3018.1","E","Estimated value",""
"QCL","Crops and livestock products","356","India","5412","Yield","01344.02","Cherries","2014","2014","kg/ha","3024.4","E","Estimated value",""
"QCL","Crops and livestock products","356","India","5412","Yield","01344.02","Cherries","2015","2015","kg/ha","3041.1","E","Estimated value",""
"QCL","Crops and livestock products","356","India","5412","Yield","01344.02","Cherries","2016","2016","kg/ha","3028.2","E","Estimated value",""
"QCL","Crops and livestock products","356","India","5412","Yield","01344.02","Cherries","2017","2017","kg/ha","3047.3","E","Estimated value",""
"QCL","Crops and livestock products","356","India","5412","Yield","01344.02","Cherries","2018","2018","kg/ha","2918.6","E","Estimated value",""
"QCL","Crops and livestock products","356","India","5412","Yield","01344.02","Cherries","2019","2019","kg/ha","2947.9","E","Estimated value",""
"QCL","Crops and livestock products","356","India","5412","Yield","01344.02","Cherries","2020","2020","kg/ha","2992.5","E","Estimated value",""
"QCL","Crops and livestock products","356","India","5412","Yield","01344.02","Cherries","2021","2021","kg/ha","2952.6","E","Estimated value",""
"QCL","Crops and livestock products","356","India","5412","Yield","01344.02","Cherries","2022","2022","kg/ha","2964.2","E","Estimated value",""
"QCL","Crops and livestock products","356","India","5412","Yield","01344.02","Cherries","2023","2023","kg/ha","2969.7","E","Estimated value",""
"QCL","Crops and livestock products","356","India","5412","Yield","01344.02","Cherries","2024","2024","kg/ha","2962.2","E","Estimated value",""
"QCL","Crops and livestock products","356","India","5412","Yield","01703","Chick peas, dry","1961","1961","kg/ha","673.8","A","Official value",""
"QCL","Crops and livestock products","356","India","5412","Yield","01703","Chick peas, dry","1962","1962","kg/ha","604.7","A","Official value",""
"QCL","Crops and livestock products","356","India","5412","Yield","01703","Chick peas, dry","1963","1963","kg/ha","583.3","A","Official value",""
"QCL","Crops and livestock products","356","India","5412","Yield","01703","Chick peas, dry","1964","1964","kg/ha","481.3","A","Official value",""
"QCL","Crops and livestock products","356","India","5412","Yield","01703","Chick peas, dry","1965","1965","kg/ha","651.3","A","Official value",""
"QCL","Crops and livestock products","356","India","5412","Yield","01703","Chick peas, dry","1966","1966","kg/ha","527","A","Official value",""
"QCL","Crops and livestock products","356","India","5412","Yield","01703","Chick peas, dry","1967","1967","kg/ha","452.6","A","Official value",""
"QCL","Crops and livestock products","356","India","5412","Yield","01703","Chick peas, dry","1968","1968","kg/ha","723.2","A","Official value",""
"QCL","Crops and livestock products","356","India","5412","Yield","01703","Chick peas, dry","1969","1969","kg/ha","606.5","A","Official value",""
"QCL","Crops and livestock products","356","India","5412","Yield","01703","Chick peas, dry","1970","1970","kg/ha","715.4","A","Official value",""
"QCL","Crops and livestock products","356","India","5412","Yield","01703","Chick peas, dry","1971","1971","kg/ha","663.3","A","Official value",""
"QCL","Crops and livestock products","356","India","5412","Yield","01703","Chick peas, dry","1972","1972","kg/ha","642.1","A","Official value",""
"QCL","Crops and livestock products","356","India","5412","Yield","01703","Chick peas, dry","1973","1973","kg/ha","651.1","A","Official value",""
"QCL","Crops and livestock products","356","India","5412","Yield","01703","Chick peas, dry","1974","1974","kg/ha","528.2","A","Official value",""
"QCL","Crops and livestock products","356","India","5412","Yield","01703","Chick peas, dry","1975","1975","kg/ha","570.2","A","Official value",""
"QCL","Crops and livestock products","356","India","5412","Yield","01703","Chick peas, dry","1976","1976","kg/ha","706.7","A","Official value",""
"QCL","Crops and livestock products","356","India","5412","Yield","01703","Chick peas, dry","1977","1977","kg/ha","680.2","A","Official value",""
"QCL","Crops and livestock products","356","India","5412","Yield","01703","Chick peas, dry","1978","1978","kg/ha","678.4","A","Official value",""
"QCL","Crops and livestock products","356","India","5412","Yield","01703","Chick peas, dry","1979","1979","kg/ha","744.5","A","Official value",""
"QCL","Crops and livestock products","356","India","5412","Yield","01703","Chick peas, dry","1980","1980","kg/ha","480.5","A","Official value",""
"QCL","Crops and livestock products","356","India","5412","Yield","01703","Chick peas, dry","1981","1981","kg/ha","657.3","A","Official value",""
"QCL","Crops and livestock products","356","India","5412","Yield","01703","Chick peas, dry","1982","1982","kg/ha","590","A","Official value",""
"QCL","Crops and livestock products","356","India","5412","Yield","01703","Chick peas, dry","1983","1983","kg/ha","715","A","Official value",""
"QCL","Crops and livestock products","356","India","5412","Yield","01703","Chick peas, dry","1984","1984","kg/ha","663.3","A","Official value",""
"QCL","Crops and livestock products","356","India","5412","Yield","01703","Chick peas, dry","1985","1985","kg/ha","660.7","A","Official value",""
"QCL","Crops and livestock products","356","India","5412","Yield","01703","Chick peas, dry","1986","1986","kg/ha","741.6","A","Official value",""
"QCL","Crops and livestock products","356","India","5412","Yield","01703","Chick peas, dry","1987","1987","kg/ha","648.9","A","Official value",""
"QCL","Crops and livestock products","356","India","5412","Yield","01703","Chick peas, dry","1988","1988","kg/ha","628.7","A","Official value",""
"QCL","Crops and livestock products","356","India","5412","Yield","01703","Chick peas, dry","1989","1989","kg/ha","753.2","A","Official value",""
"QCL","Crops and livestock products","356","India","5412","Yield","01703","Chick peas, dry","1990","1990","kg/ha","651.8","A","Official value",""
"QCL","Crops and livestock products","356","India","5412","Yield","01703","Chick peas, dry","1991","1991","kg/ha","712.2","A","Official value",""
"QCL","Crops and livestock products","356","India","5412","Yield","01703","Chick peas, dry","1992","1992","kg/ha","738.5","A","Official value",""
"QCL","Crops and livestock products","356","India","5412","Yield","01703","Chick peas, dry","1993","1993","kg/ha","684.4","A","Official value",""
"QCL","Crops and livestock products","356","India","5412","Yield","01703","Chick peas, dry","1994","1994","kg/ha","783.3","A","Official value",""
"QCL","Crops and livestock products","356","India","5412","Yield","01703","Chick peas, dry","1995","1995","kg/ha","853.2","A","Official value",""
"QCL","Crops and livestock products","356","India","5412","Yield","01703","Chick peas, dry","1996","1996","kg/ha","699.7","A","Official value",""
"QCL","Crops and livestock products","356","India","5412","Yield","01703","Chick peas, dry","1997","1997","kg/ha","812.9","A","Official value",""
"QCL","Crops and livestock products","356","India","5412","Yield","01703","Chick peas, dry","1998","1998","kg/ha","810.8","A","Official value",""
"QCL","Crops and livestock products","356","India","5412","Yield","01703","Chick peas, dry","1999","1999","kg/ha","803","A","Official value",""
"QCL","Crops and livestock products","356","India","5412","Yield","01703","Chick peas, dry","2000","2000","kg/ha","832.7","A","Official value",""
"QCL","Crops and livestock products","356","India","5412","Yield","01703","Chick peas, dry","2001","2001","kg/ha","743.5","A","Official value",""
"QCL","Crops and livestock products","356","India","5412","Yield","01703","Chick peas, dry","2002","2002","kg/ha","853","A","Official value",""
"QCL","Crops and livestock products","356","India","5412","Yield","01703","Chick peas, dry","2003","2003","kg/ha","717.3","A","Official value",""
"QCL","Crops and livestock products","356","India","5412","Yield","01703","Chick peas, dry","2004","2004","kg/ha","811.2","A","Official value",""
"QCL","Crops and livestock products","356","India","5412","Yield","01703","Chick peas, dry","2005","2005","kg/ha","814.6","A","Official value",""
"QCL","Crops and livestock products","356","India","5412","Yield","01703","Chick peas, dry","2006","2006","kg/ha","808.5","A","Official value",""
"QCL","Crops and livestock products","356","India","5412","Yield","01703","Chick peas, dry","2007","2007","kg/ha","845.2","A","Official value",""
"QCL","Crops and livestock products","356","India","5412","Yield","01703","Chick peas, dry","2008","2008","kg/ha","762","A","Official value",""
"QCL","Crops and livestock products","356","India","5412","Yield","01703","Chick peas, dry","2009","2009","kg/ha","894.8","A","Official value",""
"QCL","Crops and livestock products","356","India","5412","Yield","01703","Chick peas, dry","2010","2010","kg/ha","915.5","A","Official value",""
"QCL","Crops and livestock products","356","India","5412","Yield","01703","Chick peas, dry","2011","2011","kg/ha","894.5","A","Official value",""
"QCL","Crops and livestock products","356","India","5412","Yield","01703","Chick peas, dry","2012","2012","kg/ha","925.5","A","Official value",""
"QCL","Crops and livestock products","356","India","5412","Yield","01703","Chick peas, dry","2013","2013","kg/ha","1036.4","A","Official value",""
"QCL","Crops and livestock products","356","India","5412","Yield","01703","Chick peas, dry","2014","2014","kg/ha","960","A","Official value",""
"QCL","Crops and livestock products","356","India","5412","Yield","01703","Chick peas, dry","2015","2015","kg/ha","888.6","A","Official value",""
"QCL","Crops and livestock products","356","India","5412","Yield","01703","Chick peas, dry","2016","2016","kg/ha","840.3","A","Official value",""
"QCL","Crops and livestock products","356","India","5412","Yield","01703","Chick peas, dry","2017","2017","kg/ha","974.2","A","Official value",""
"QCL","Crops and livestock products","356","India","5412","Yield","01703","Chick peas, dry","2018","2018","kg/ha","1077.5","A","Official value",""
"QCL","Crops and livestock products","356","India","5412","Yield","01703","Chick peas, dry","2019","2019","kg/ha","1041","A","Official value",""
"QCL","Crops and livestock products","356","India","5412","Yield","01703","Chick peas, dry","2020","2020","kg/ha","1142.3","A","Official value",""
"QCL","Crops and livestock products","356","India","5412","Yield","01703","Chick peas, dry","2021","2021","kg/ha","1191.6","A","Official value",""
"QCL","Crops and livestock products","356","India","5412","Yield","01703","Chick peas, dry","2022","2022","kg/ha","1261","A","Official value",""
"QCL","Crops and livestock products","356","India","5412","Yield","01703","Chick peas, dry","2023","2023","kg/ha","1171.6","A","Official value",""
"QCL","Crops and livestock products","356","India","5412","Yield","01703","Chick peas, dry","2024","2024","kg/ha","1151.4","A","Official value",""
"QCL","Crops and livestock products","356","India","5412","Yield","01652","Chillies and peppers, dry (Capsicum spp., Pimenta spp.), raw","1961","1961","kg/ha","631.5","A","Official value",""
"QCL","Crops and livestock products","356","India","5412","Yield","01652","Chillies and peppers, dry (Capsicum spp., Pimenta spp.), raw","1962","1962","kg/ha","667.2","A","Official value",""
"QCL","Crops and livestock products","356","India","5412","Yield","01652","Chillies and peppers, dry (Capsicum spp., Pimenta spp.), raw","1963","1963","kg/ha","655.1","A","Official value",""
"QCL","Crops and livestock products","356","India","5412","Yield","01652","Chillies and peppers, dry (Capsicum spp., Pimenta spp.), raw","1964","1964","kg/ha","663.4","A","Official value",""
"QCL","Crops and livestock products","356","India","5412","Yield","01652","Chillies and peppers, dry (Capsicum spp., Pimenta spp.), raw","1965","1965","kg/ha","574.1","A","Official value",""
"QCL","Crops and livestock products","356","India","5412","Yield","01652","Chillies and peppers, dry (Capsicum spp., Pimenta spp.), raw","1966","1966","kg/ha","579.8","A","Official value",""
"QCL","Crops and livestock products","356","India","5412","Yield","01652","Chillies and peppers, dry (Capsicum spp., Pimenta spp.), raw","1967","1967","kg/ha","635.8","A","Official value",""
"QCL","Crops and livestock products","356","India","5412","Yield","01652","Chillies and peppers, dry (Capsicum spp., Pimenta spp.), raw","1968","1968","kg/ha","601.8","A","Official value",""
"QCL","Crops and livestock products","356","India","5412","Yield","01652","Chillies and peppers, dry (Capsicum spp., Pimenta spp.), raw","1969","1969","kg/ha","579.2","A","Official value",""
"QCL","Crops and livestock products","356","India","5412","Yield","01652","Chillies and peppers, dry (Capsicum spp., Pimenta spp.), raw","1970","1970","kg/ha","664.3","A","Official value",""
"QCL","Crops and livestock products","356","India","5412","Yield","01652","Chillies and peppers, dry (Capsicum spp., Pimenta spp.), raw","1971","1971","kg/ha","655.8","A","Official value",""
"QCL","Crops and livestock products","356","India","5412","Yield","01652","Chillies and peppers, dry (Capsicum spp., Pimenta spp.), raw","1972","1972","kg/ha","603.3","A","Official value",""
"QCL","Crops and livestock products","356","India","5412","Yield","01652","Chillies and peppers, dry (Capsicum spp., Pimenta spp.), raw","1973","1973","kg/ha","672.7","A","Official value",""
"QCL","Crops and livestock products","356","India","5412","Yield","01652","Chillies and peppers, dry (Capsicum spp., Pimenta spp.), raw","1974","1974","kg/ha","643.5","A","Official value",""
"QCL","Crops and livestock products","356","India","5412","Yield","01652","Chillies and peppers, dry (Capsicum spp., Pimenta spp.), raw","1975","1975","kg/ha","711.1","A","Official value",""
"QCL","Crops and livestock products","356","India","5412","Yield","01652","Chillies and peppers, dry (Capsicum spp., Pimenta spp.), raw","1976","1976","kg/ha","536.7","A","Official value",""
"QCL","Crops and livestock products","356","India","5412","Yield","01652","Chillies and peppers, dry (Capsicum spp., Pimenta spp.), raw","1977","1977","kg/ha","686.9","A","Official value",""
"QCL","Crops and livestock products","356","India","5412","Yield","01652","Chillies and peppers, dry (Capsicum spp., Pimenta spp.), raw","1978","1978","kg/ha","684.9","A","Official value",""
"QCL","Crops and livestock products","356","India","5412","Yield","01652","Chillies and peppers, dry (Capsicum spp., Pimenta spp.), raw","1979","1979","kg/ha","594.4","A","Official value",""
"QCL","Crops and livestock products","356","India","5412","Yield","01652","Chillies and peppers, dry (Capsicum spp., Pimenta spp.), raw","1980","1980","kg/ha","609.8","A","Official value",""
"QCL","Crops and livestock products","356","India","5412","Yield","01652","Chillies and peppers, dry (Capsicum spp., Pimenta spp.), raw","1981","1981","kg/ha","638.3","A","Official value",""
"QCL","Crops and livestock products","356","India","5412","Yield","01652","Chillies and peppers, dry (Capsicum spp., Pimenta spp.), raw","1982","1982","kg/ha","658.8","A","Official value",""
"QCL","Crops and livestock products","356","India","5412","Yield","01652","Chillies and peppers, dry (Capsicum spp., Pimenta spp.), raw","1983","1983","kg/ha","701","A","Official value",""
"QCL","Crops and livestock products","356","India","5412","Yield","01652","Chillies and peppers, dry (Capsicum spp., Pimenta spp.), raw","1984","1984","kg/ha","793.3","A","Official value",""
"QCL","Crops and livestock products","356","India","5412","Yield","01652","Chillies and peppers, dry (Capsicum spp., Pimenta spp.), raw","1985","1985","kg/ha","970.5","A","Official value",""
"QCL","Crops and livestock products","356","India","5412","Yield","01652","Chillies and peppers, dry (Capsicum spp., Pimenta spp.), raw","1986","1986","kg/ha","753.9","A","Official value",""
"QCL","Crops and livestock products","356","India","5412","Yield","01652","Chillies and peppers, dry (Capsicum spp., Pimenta spp.), raw","1987","1987","kg/ha","780.1","A","Official value",""
"QCL","Crops and livestock products","356","India","5412","Yield","01652","Chillies and peppers, dry (Capsicum spp., Pimenta spp.), raw","1988","1988","kg/ha","844.7","A","Official value",""
"QCL","Crops and livestock products","356","India","5412","Yield","01652","Chillies and peppers, dry (Capsicum spp., Pimenta spp.), raw","1989","1989","kg/ha","882.9","A","Official value",""
"QCL","Crops and livestock products","356","India","5412","Yield","01652","Chillies and peppers, dry (Capsicum spp., Pimenta spp.), raw","1990","1990","kg/ha","880.9","A","Official value",""
"QCL","Crops and livestock products","356","India","5412","Yield","01652","Chillies and peppers, dry (Capsicum spp., Pimenta spp.), raw","1991","1991","kg/ha","729.4","A","Official value",""
"QCL","Crops and livestock products","356","India","5412","Yield","01652","Chillies and peppers, dry (Capsicum spp., Pimenta spp.), raw","1992","1992","kg/ha","896.1","A","Official value",""
"QCL","Crops and livestock products","356","India","5412","Yield","01652","Chillies and peppers, dry (Capsicum spp., Pimenta spp.), raw","1993","1993","kg/ha","860.3","A","Official value",""
"QCL","Crops and livestock products","356","India","5412","Yield","01652","Chillies and peppers, dry (Capsicum spp., Pimenta spp.), raw","1994","1994","kg/ha","958.5","A","Official value",""
"QCL","Crops and livestock products","356","India","5412","Yield","01652","Chillies and peppers, dry (Capsicum spp., Pimenta spp.), raw","1995","1995","kg/ha","917.3","A","Official value",""
"QCL","Crops and livestock products","356","India","5412","Yield","01652","Chillies and peppers, dry (Capsicum spp., Pimenta spp.), raw","1996","1996","kg/ha","1129.2","A","Official value",""
"QCL","Crops and livestock products","356","India","5412","Yield","01652","Chillies and peppers, dry (Capsicum spp., Pimenta spp.), raw","1997","1997","kg/ha","1035.1","A","Official value",""
"QCL","Crops and livestock products","356","India","5412","Yield","01652","Chillies and peppers, dry (Capsicum spp., Pimenta spp.), raw","1998","1998","kg/ha","1170.6","A","Official value",""
"QCL","Crops and livestock products","356","India","5412","Yield","01652","Chillies and peppers, dry (Capsicum spp., Pimenta spp.), raw","1999","1999","kg/ha","1097.6","A","Official value",""
"QCL","Crops and livestock products","356","India","5412","Yield","01652","Chillies and peppers, dry (Capsicum spp., Pimenta spp.), raw","2000","2000","kg/ha","1176","A","Official value",""
"QCL","Crops and livestock products","356","India","5412","Yield","01652","Chillies and peppers, dry (Capsicum spp., Pimenta spp.), raw","2001","2001","kg/ha","1214.8","A","Official value",""
"QCL","Crops and livestock products","356","India","5412","Yield","01652","Chillies and peppers, dry (Capsicum spp., Pimenta spp.), raw","2002","2002","kg/ha","1082.4","A","Official value",""
"QCL","Crops and livestock products","356","India","5412","Yield","01652","Chillies and peppers, dry (Capsicum spp., Pimenta spp.), raw","2003","2003","kg/ha","1595.9","A","Official value",""
"QCL","Crops and livestock products","356","India","5412","Yield","01652","Chillies and peppers, dry (Capsicum spp., Pimenta spp.), raw","2004","2004","kg/ha","1607.5","A","Official value",""
"QCL","Crops and livestock products","356","India","5412","Yield","01652","Chillies and peppers, dry (Capsicum spp., Pimenta spp.), raw","2005","2005","kg/ha","1549.2","A","Official value",""
"QCL","Crops and livestock products","356","India","5412","Yield","01652","Chillies and peppers, dry (Capsicum spp., Pimenta spp.), raw","2006","2006","kg/ha","1628.1","A","Official value",""
"QCL","Crops and livestock products","356","India","5412","Yield","01652","Chillies and peppers, dry (Capsicum spp., Pimenta spp.), raw","2007","2007","kg/ha","1601.3","A","Official value",""
"QCL","Crops and livestock products","356","India","5412","Yield","01652","Chillies and peppers, dry (Capsicum spp., Pimenta spp.), raw","2008","2008","kg/ha","1630","A","Official value",""
"QCL","Crops and livestock products","356","India","5412","Yield","01652","Chillies and peppers, dry (Capsicum spp., Pimenta spp.), raw","2009","2009","kg/ha","1567.9","A","Official value",""
"QCL","Crops and livestock products","356","India","5412","Yield","01652","Chillies and peppers, dry (Capsicum spp., Pimenta spp.), raw","2010","2010","kg/ha","1544.5","A","Official value",""
"QCL","Crops and livestock products","356","India","5412","Yield","01652","Chillies and peppers, dry (Capsicum spp., Pimenta spp.), raw","2011","2011","kg/ha","1585.9","A","Official value",""
"QCL","Crops and livestock products","356","India","5412","Yield","01652","Chillies and peppers, dry (Capsicum spp., Pimenta spp.), raw","2012","2012","kg/ha","1643.2","A","Official value",""
"QCL","Crops and livestock products","356","India","5412","Yield","01652","Chillies and peppers, dry (Capsicum spp., Pimenta spp.), raw","2013","2013","kg/ha","1925.2","A","Official value",""
"QCL","Crops and livestock products","356","India","5412","Yield","01652","Chillies and peppers, dry (Capsicum spp., Pimenta spp.), raw","2014","2014","kg/ha","1925.2","A","Official value",""
"QCL","Crops and livestock products","356","India","5412","Yield","01652","Chillies and peppers, dry (Capsicum spp., Pimenta spp.), raw","2015","2015","kg/ha","2109.1","A","Official value",""
"QCL","Crops and livestock products","356","India","5412","Yield","01652","Chillies and peppers, dry (Capsicum spp., Pimenta spp.), raw","2016","2016","kg/ha","1874.4","A","Official value",""
"QCL","Crops and livestock products","356","India","5412","Yield","01652","Chillies and peppers, dry (Capsicum spp., Pimenta spp.), raw","2017","2017","kg/ha","2495.2","A","Official value",""
"QCL","Crops and livestock products","356","India","5412","Yield","01652","Chillies and peppers, dry (Capsicum spp., Pimenta spp.), raw","2018","2018","kg/ha","2857.7","A","Official value",""
"QCL","Crops and livestock products","356","India","5412","Yield","01652","Chillies and peppers, dry (Capsicum spp., Pimenta spp.), raw","2019","2019","kg/ha","2234.6","A","Official value",""
"QCL","Crops and livestock products","356","India","5412","Yield","01652","Chillies and peppers, dry (Capsicum spp., Pimenta spp.), raw","2020","2020","kg/ha","2931.3","A","Official value",""
"QCL","Crops and livestock products","356","India","5412","Yield","01652","Chillies and peppers, dry (Capsicum spp., Pimenta spp.), raw","2021","2021","kg/ha","2918.8","A","Official value",""
"QCL","Crops and livestock products","356","India","5412","Yield","01652","Chillies and peppers, dry (Capsicum spp., Pimenta spp.), raw","2022","2022","kg/ha","2764","A","Official value",""
"QCL","Crops and livestock products","356","India","5412","Yield","01652","Chillies and peppers, dry (Capsicum spp., Pimenta spp.), raw","2023","2023","kg/ha","3265.3","A","Official value",""
"QCL","Crops and livestock products","356","India","5412","Yield","01652","Chillies and peppers, dry (Capsicum spp., Pimenta spp.), raw","2024","2024","kg/ha","3013.5","A","Official value",""
"QCL","Crops and livestock products","356","India","5412","Yield","01231","Chillies and peppers, green (Capsicum spp. and Pimenta spp.)","1961","1961","kg/ha","5964.9","E","Estimated value",""
"QCL","Crops and livestock products","356","India","5412","Yield","01231","Chillies and peppers, green (Capsicum spp. and Pimenta spp.)","1962","1962","kg/ha","5993","E","Estimated value",""
"QCL","Crops and livestock products","356","India","5412","Yield","01231","Chillies and peppers, green (Capsicum spp. and Pimenta spp.)","1963","1963","kg/ha","5986.2","E","Estimated value",""
"QCL","Crops and livestock products","356","India","5412","Yield","01231","Chillies and peppers, green (Capsicum spp. and Pimenta spp.)","1964","1964","kg/ha","6129","E","Estimated value",""
"QCL","Crops and livestock products","356","India","5412","Yield","01231","Chillies and peppers, green (Capsicum spp. and Pimenta spp.)","1965","1965","kg/ha","6000","E","Estimated value",""
"QCL","Crops and livestock products","356","India","5412","Yield","01231","Chillies and peppers, green (Capsicum spp. and Pimenta spp.)","1966","1966","kg/ha","6187.5","E","Estimated value",""
"QCL","Crops and livestock products","356","India","5412","Yield","01231","Chillies and peppers, green (Capsicum spp. and Pimenta spp.)","1967","1967","kg/ha","6200","E","Estimated value",""
"QCL","Crops and livestock products","356","India","5412","Yield","01231","Chillies and peppers, green (Capsicum spp. and Pimenta spp.)","1968","1968","kg/ha","6215.4","E","Estimated value",""
"QCL","Crops and livestock products","356","India","5412","Yield","01231","Chillies and peppers, green (Capsicum spp. and Pimenta spp.)","1969","1969","kg/ha","6380.4","E","Estimated value",""
"QCL","Crops and livestock products","356","India","5412","Yield","01231","Chillies and peppers, green (Capsicum spp. and Pimenta spp.)","1970","1970","kg/ha","6391.4","E","Estimated value",""
"QCL","Crops and livestock products","356","India","5412","Yield","01231","Chillies and peppers, green (Capsicum spp. and Pimenta spp.)","1971","1971","kg/ha","6402.4","E","Estimated value",""
"QCL","Crops and livestock products","356","India","5412","Yield","01231","Chillies and peppers, green (Capsicum spp. and Pimenta spp.)","1972","1972","kg/ha","6484.8","E","Estimated value",""
"QCL","Crops and livestock products","356","India","5412","Yield","01231","Chillies and peppers, green (Capsicum spp. and Pimenta spp.)","1973","1973","kg/ha","6617.6","E","Estimated value",""
"QCL","Crops and livestock products","356","India","5412","Yield","01231","Chillies and peppers, green (Capsicum spp. and Pimenta spp.)","1974","1974","kg/ha","6685.7","E","Estimated value",""
"QCL","Crops and livestock products","356","India","5412","Yield","01231","Chillies and peppers, green (Capsicum spp. and Pimenta spp.)","1975","1975","kg/ha","6694.4","E","Estimated value",""
"QCL","Crops and livestock products","356","India","5412","Yield","01231","Chillies and peppers, green (Capsicum spp. and Pimenta spp.)","1976","1976","kg/ha","6712.7","E","Estimated value",""
"QCL","Crops and livestock products","356","India","5412","Yield","01231","Chillies and peppers, green (Capsicum spp. and Pimenta spp.)","1977","1977","kg/ha","6997.2","E","Estimated value",""
"QCL","Crops and livestock products","356","India","5412","Yield","01231","Chillies and peppers, green (Capsicum spp. and Pimenta spp.)","1978","1978","kg/ha","7000","E","Estimated value",""
"QCL","Crops and livestock products","356","India","5412","Yield","01231","Chillies and peppers, green (Capsicum spp. and Pimenta spp.)","1979","1979","kg/ha","7297.3","E","Estimated value",""
"QCL","Crops and livestock products","356","India","5412","Yield","01231","Chillies and peppers, green (Capsicum spp. and Pimenta spp.)","1980","1980","kg/ha","7307.7","E","Estimated value",""
"QCL","Crops and livestock products","356","India","5412","Yield","01231","Chillies and peppers, green (Capsicum spp. and Pimenta spp.)","1981","1981","kg/ha","7333.3","E","Estimated value",""
"QCL","Crops and livestock products","356","India","5412","Yield","01231","Chillies and peppers, green (Capsicum spp. and Pimenta spp.)","1982","1982","kg/ha","7700","E","Estimated value",""
"QCL","Crops and livestock products","356","India","5412","Yield","01231","Chillies and peppers, green (Capsicum spp. and Pimenta spp.)","1983","1983","kg/ha","7707.3","E","Estimated value",""
"QCL","Crops and livestock products","356","India","5412","Yield","01231","Chillies and peppers, green (Capsicum spp. and Pimenta spp.)","1984","1984","kg/ha","8214.3","E","Estimated value",""
"QCL","Crops and livestock products","356","India","5412","Yield","01231","Chillies and peppers, green (Capsicum spp. and Pimenta spp.)","1985","1985","kg/ha","8181.8","E","Estimated value",""
"QCL","Crops and livestock products","356","India","5412","Yield","01231","Chillies and peppers, green (Capsicum spp. and Pimenta spp.)","1986","1986","kg/ha","8400","E","Estimated value",""
"QCL","Crops and livestock products","356","India","5412","Yield","01231","Chillies and peppers, green (Capsicum spp. and Pimenta spp.)","1987","1987","kg/ha","8478.3","E","Estimated value",""
"QCL","Crops and livestock products","356","India","5412","Yield","01231","Chillies and peppers, green (Capsicum spp. and Pimenta spp.)","1988","1988","kg/ha","8808.5","E","Estimated value",""
"QCL","Crops and livestock products","356","India","5412","Yield","01231","Chillies and peppers, green (Capsicum spp. and Pimenta spp.)","1989","1989","kg/ha","8792.4","E","Estimated value",""
"QCL","Crops and livestock products","356","India","5412","Yield","01231","Chillies and peppers, green (Capsicum spp. and Pimenta spp.)","1990","1990","kg/ha","8842.1","E","Estimated value",""
"QCL","Crops and livestock products","356","India","5412","Yield","01231","Chillies and peppers, green (Capsicum spp. and Pimenta spp.)","1991","1991","kg/ha","8829.2","X","Value from external organization",""
"QCL","Crops and livestock products","356","India","5412","Yield","01231","Chillies and peppers, green (Capsicum spp. and Pimenta spp.)","1992","1992","kg/ha","9060.6","E","Estimated value",""
"QCL","Crops and livestock products","356","India","5412","Yield","01231","Chillies and peppers, green (Capsicum spp. and Pimenta spp.)","1993","1993","kg/ha","9127.3","E","Estimated value",""
"QCL","Crops and livestock products","356","India","5412","Yield","01231","Chillies and peppers, green (Capsicum spp. and Pimenta spp.)","1994","1994","kg/ha","9194.2","E","Estimated value",""
"QCL","Crops and livestock products","356","India","5412","Yield","01231","Chillies and peppers, green (Capsicum spp. and Pimenta spp.)","1995","1995","kg/ha","9261.1","E","Estimated value",""
"QCL","Crops and livestock products","356","India","5412","Yield","01231","Chillies and peppers, green (Capsicum spp. and Pimenta spp.)","1996","1996","kg/ha","9328.2","E","Estimated value",""
"QCL","Crops and livestock products","356","India","5412","Yield","01231","Chillies and peppers, green (Capsicum spp. and Pimenta spp.)","1997","1997","kg/ha","9395.4","E","Estimated value",""
"QCL","Crops and livestock products","356","India","5412","Yield","01231","Chillies and peppers, green (Capsicum spp. and Pimenta spp.)","1998","1998","kg/ha","9462.7","E","Estimated value",""
"QCL","Crops and livestock products","356","India","5412","Yield","01231","Chillies and peppers, green (Capsicum spp. and Pimenta spp.)","1999","1999","kg/ha","9530.2","E","Estimated value",""
"QCL","Crops and livestock products","356","India","5412","Yield","01231","Chillies and peppers, green (Capsicum spp. and Pimenta spp.)","2000","2000","kg/ha","9597.8","E","Estimated value",""
"QCL","Crops and livestock products","356","India","5412","Yield","01231","Chillies and peppers, green (Capsicum spp. and Pimenta spp.)","2001","2001","kg/ha","9665.5","E","Estimated value",""
"QCL","Crops and livestock products","356","India","5412","Yield","01231","Chillies and peppers, green (Capsicum spp. and Pimenta spp.)","2002","2002","kg/ha","9733.4","E","Estimated value",""
"QCL","Crops and livestock products","356","India","5412","Yield","01231","Chillies and peppers, green (Capsicum spp. and Pimenta spp.)","2003","2003","kg/ha","9801.4","E","Estimated value",""
"QCL","Crops and livestock products","356","India","5412","Yield","01231","Chillies and peppers, green (Capsicum spp. and Pimenta spp.)","2004","2004","kg/ha","9869.9","E","Estimated value",""
"QCL","Crops and livestock products","356","India","5412","Yield","01231","Chillies and peppers, green (Capsicum spp. and Pimenta spp.)","2005","2005","kg/ha","9938.1","E","Estimated value",""
"QCL","Crops and livestock products","356","India","5412","Yield","01231","Chillies and peppers, green (Capsicum spp. and Pimenta spp.)","2006","2006","kg/ha","10006.5","E","Estimated value",""
"QCL","Crops and livestock products","356","India","5412","Yield","01231","Chillies and peppers, green (Capsicum spp. and Pimenta spp.)","2007","2007","kg/ha","10075","E","Estimated value",""
"QCL","Crops and livestock products","356","India","5412","Yield","01231","Chillies and peppers, green (Capsicum spp. and Pimenta spp.)","2008","2008","kg/ha","10143.5","E","Estimated value",""
"QCL","Crops and livestock products","356","India","5412","Yield","01231","Chillies and peppers, green (Capsicum spp. and Pimenta spp.)","2009","2009","kg/ha","10211.9","E","Estimated value",""
"QCL","Crops and livestock products","356","India","5412","Yield","01231","Chillies and peppers, green (Capsicum spp. and Pimenta spp.)","2010","2010","kg/ha","10280.6","E","Estimated value",""
"QCL","Crops and livestock products","356","India","5412","Yield","01231","Chillies and peppers, green (Capsicum spp. and Pimenta spp.)","2011","2011","kg/ha","10349.3","E","Estimated value",""
"QCL","Crops and livestock products","356","India","5412","Yield","01231","Chillies and peppers, green (Capsicum spp. and Pimenta spp.)","2012","2012","kg/ha","10418.2","E","Estimated value",""
"QCL","Crops and livestock products","356","India","5412","Yield","01231","Chillies and peppers, green (Capsicum spp. and Pimenta spp.)","2013","2013","kg/ha","10487.3","E","Estimated value",""
"QCL","Crops and livestock products","356","India","5412","Yield","01231","Chillies and peppers, green (Capsicum spp. and Pimenta spp.)","2014","2014","kg/ha","10905.9","A","Official value",""
"QCL","Crops and livestock products","356","India","5412","Yield","01231","Chillies and peppers, green (Capsicum spp. and Pimenta spp.)","2015","2015","kg/ha","10239.4","A","Official value",""
"QCL","Crops and livestock products","356","India","5412","Yield","01231","Chillies and peppers, green (Capsicum spp. and Pimenta spp.)","2016","2016","kg/ha","9597","A","Official value",""
"QCL","Crops and livestock products","356","India","5412","Yield","01231","Chillies and peppers, green (Capsicum spp. and Pimenta spp.)","2017","2017","kg/ha","11578.7","A","Official value",""
"QCL","Crops and livestock products","356","India","5412","Yield","01231","Chillies and peppers, green (Capsicum spp. and Pimenta spp.)","2018","2018","kg/ha","11768.1","A","Official value",""
"QCL","Crops and livestock products","356","India","5412","Yield","01231","Chillies and peppers, green (Capsicum spp. and Pimenta spp.)","2019","2019","kg/ha","10431.5","A","Official value",""
"QCL","Crops and livestock products","356","India","5412","Yield","01231","Chillies and peppers, green (Capsicum spp. and Pimenta spp.)","2020","2020","kg/ha","11045.9","A","Official value",""
"QCL","Crops and livestock products","356","India","5412","Yield","01231","Chillies and peppers, green (Capsicum spp. and Pimenta spp.)","2021","2021","kg/ha","10994.5","A","Official value",""
"QCL","Crops and livestock products","356","India","5412","Yield","01231","Chillies and peppers, green (Capsicum spp. and Pimenta spp.)","2022","2022","kg/ha","11413.9","A","Official value",""
"QCL","Crops and livestock products","356","India","5412","Yield","01231","Chillies and peppers, green (Capsicum spp. and Pimenta spp.)","2023","2023","kg/ha","11364.2","A","Official value",""
"QCL","Crops and livestock products","356","India","5412","Yield","01231","Chillies and peppers, green (Capsicum spp. and Pimenta spp.)","2024","2024","kg/ha","11086.6","A","Official value",""
"QCL","Crops and livestock products","356","India","5412","Yield","01640","Cocoa beans","1977","1977","kg/ha","789.5","E","Estimated value",""
"QCL","Crops and livestock products","356","India","5412","Yield","01640","Cocoa beans","1978","1978","kg/ha","793.7","E","Estimated value",""
"QCL","Crops and livestock products","356","India","5412","Yield","01640","Cocoa beans","1979","1979","kg/ha","800","E","Estimated value",""
"QCL","Crops and livestock products","356","India","5412","Yield","01640","Cocoa beans","1980","1980","kg/ha","300","X","Value from external organization",""
"QCL","Crops and livestock products","356","India","5412","Yield","01640","Cocoa beans","1981","1981","kg/ha","300","X","Value from external organization",""
"QCL","Crops and livestock products","356","India","5412","Yield","01640","Cocoa beans","1982","1982","kg/ha","300","X","Value from external organization",""
"QCL","Crops and livestock products","356","India","5412","Yield","01640","Cocoa beans","1983","1983","kg/ha","300","X","Value from external organization",""
"QCL","Crops and livestock products","356","India","5412","Yield","01640","Cocoa beans","1984","1984","kg/ha","300","X","Value from external organization",""
"QCL","Crops and livestock products","356","India","5412","Yield","01640","Cocoa beans","1985","1985","kg/ha","300","X","Value from external organization",""
"QCL","Crops and livestock products","356","India","5412","Yield","01640","Cocoa beans","1986","1986","kg/ha","300","X","Value from external organization",""
"QCL","Crops and livestock products","356","India","5412","Yield","01640","Cocoa beans","1987","1987","kg/ha","350","X","Value from external organization",""
"QCL","Crops and livestock products","356","India","5412","Yield","01640","Cocoa beans","1988","1988","kg/ha","300","X","Value from external organization",""
"QCL","Crops and livestock products","356","India","5412","Yield","01640","Cocoa beans","1989","1989","kg/ha","300","X","Value from external organization",""
"QCL","Crops and livestock products","356","India","5412","Yield","01640","Cocoa beans","1990","1990","kg/ha","300","X","Value from external organization",""
"QCL","Crops and livestock products","356","India","5412","Yield","01640","Cocoa beans","1991","1991","kg/ha","300","X","Value from external organization",""
"QCL","Crops and livestock products","356","India","5412","Yield","01640","Cocoa beans","1992","1992","kg/ha","300","X","Value from external organization",""
"QCL","Crops and livestock products","356","India","5412","Yield","01640","Cocoa beans","1993","1993","kg/ha","300","X","Value from external organization",""
"QCL","Crops and livestock products","356","India","5412","Yield","01640","Cocoa beans","1994","1994","kg/ha","567.4","A","Official value",""
"QCL","Crops and livestock products","356","India","5412","Yield","01640","Cocoa beans","1995","1995","kg/ha","538.1","A","Official value",""
"QCL","Crops and livestock products","356","India","5412","Yield","01640","Cocoa beans","1996","1996","kg/ha","533.3","A","Official value",""
"QCL","Crops and livestock products","356","India","5412","Yield","01640","Cocoa beans","1997","1997","kg/ha","459.7","A","Official value",""
"QCL","Crops and livestock products","356","India","5412","Yield","01640","Cocoa beans","1998","1998","kg/ha","438.7","A","Official value",""
"QCL","Crops and livestock products","356","India","5412","Yield","01640","Cocoa beans","1999","1999","kg/ha","419.1","A","Official value",""
"QCL","Crops and livestock products","356","India","5412","Yield","01640","Cocoa beans","2000","2000","kg/ha","393","A","Official value",""
"QCL","Crops and livestock products","356","India","5412","Yield","01640","Cocoa beans","2001","2001","kg/ha","415.5","A","Official value",""
"QCL","Crops and livestock products","356","India","5412","Yield","01640","Cocoa beans","2002","2002","kg/ha","420.3","A","Official value",""
"QCL","Crops and livestock products","356","India","5412","Yield","01640","Cocoa beans","2003","2003","kg/ha","383.5","A","Official value",""
"QCL","Crops and livestock products","356","India","5412","Yield","01640","Cocoa beans","2004","2004","kg/ha","366.9","A","Official value",""
"QCL","Crops and livestock products","356","India","5412","Yield","01640","Cocoa beans","2005","2005","kg/ha","332.6","A","Official value",""
"QCL","Crops and livestock products","356","India","5412","Yield","01640","Cocoa beans","2006","2006","kg/ha","345.3","A","Official value",""
"QCL","Crops and livestock products","356","India","5412","Yield","01640","Cocoa beans","2007","2007","kg/ha","335.5","A","Official value",""
"QCL","Crops and livestock products","356","India","5412","Yield","01640","Cocoa beans","2008","2008","kg/ha","331.2","A","Official value",""
"QCL","Crops and livestock products","356","India","5412","Yield","01640","Cocoa beans","2009","2009","kg/ha","347.1","A","Official value",""
"QCL","Crops and livestock products","356","India","5412","Yield","01640","Cocoa beans","2010","2010","kg/ha","278.6","A","Official value",""
"QCL","Crops and livestock products","356","India","5412","Yield","01640","Cocoa beans","2011","2011","kg/ha","254.9","A","Official value",""
"QCL","Crops and livestock products","356","India","5412","Yield","01640","Cocoa beans","2012","2012","kg/ha","206.3","A","Official value",""
"QCL","Crops and livestock products","356","India","5412","Yield","01640","Cocoa beans","2013","2013","kg/ha","197","A","Official value",""
"QCL","Crops and livestock products","356","India","5412","Yield","01640","Cocoa beans","2014","2014","kg/ha","211.3","A","Official value",""
"QCL","Crops and livestock products","356","India","5412","Yield","01640","Cocoa beans","2015","2015","kg/ha","205.1","A","Official value",""
"QCL","Crops and livestock products","356","India","5412","Yield","01640","Cocoa beans","2016","2016","kg/ha","209.9","A","Official value",""
"QCL","Crops and livestock products","356","India","5412","Yield","01640","Cocoa beans","2017","2017","kg/ha","228.9","A","Official value",""
"QCL","Crops and livestock products","356","India","5412","Yield","01640","Cocoa beans","2018","2018","kg/ha","224.7","A","Official value",""
"QCL","Crops and livestock products","356","India","5412","Yield","01640","Cocoa beans","2019","2019","kg/ha","255.3","A","Official value",""
"QCL","Crops and livestock products","356","India","5412","Yield","01640","Cocoa beans","2020","2020","kg/ha","265.3","A","Official value",""
"QCL","Crops and livestock products","356","India","5412","Yield","01640","Cocoa beans","2021","2021","kg/ha","262.1","A","Official value",""
"QCL","Crops and livestock products","356","India","5412","Yield","01640","Cocoa beans","2022","2022","kg/ha","264.2","A","Official value",""
"QCL","Crops and livestock products","356","India","5412","Yield","01640","Cocoa beans","2023","2023","kg/ha","275.2","A","Official value",""
"QCL","Crops and livestock products","356","India","5412","Yield","01640","Cocoa beans","2024","2024","kg/ha","273.7","A","Official value",""
"QCL","Crops and livestock products","356","India","5412","Yield","01460","Coconuts, in shell","1961","1961","kg/ha","4603","A","Official value",""
"QCL","Crops and livestock products","356","India","5412","Yield","01460","Coconuts, in shell","1962","1962","kg/ha","4700.7","A","Official value",""
"QCL","Crops and livestock products","356","India","5412","Yield","01460","Coconuts, in shell","1963","1963","kg/ha","4399.7","A","Official value",""
"QCL","Crops and livestock products","356","India","5412","Yield","01460","Coconuts, in shell","1964","1964","kg/ha","4418.6","A","Official value",""
"QCL","Crops and livestock products","356","India","5412","Yield","01460","Coconuts, in shell","1965","1965","kg/ha","4231.9","A","Official value",""
"QCL","Crops and livestock products","356","India","5412","Yield","01460","Coconuts, in shell","1966","1966","kg/ha","4320.3","A","Official value",""
"QCL","Crops and livestock products","356","India","5412","Yield","01460","Coconuts, in shell","1967","1967","kg/ha","4279.1","A","Official value",""
"QCL","Crops and livestock products","356","India","5412","Yield","01460","Coconuts, in shell","1968","1968","kg/ha","4170.3","A","Official value",""
"QCL","Crops and livestock products","356","India","5412","Yield","01460","Coconuts, in shell","1969","1969","kg/ha","4212.2","A","Official value",""
"QCL","Crops and livestock products","356","India","5412","Yield","01460","Coconuts, in shell","1970","1970","kg/ha","4317.1","A","Official value",""
"QCL","Crops and livestock products","356","India","5412","Yield","01460","Coconuts, in shell","1971","1971","kg/ha","4180.4","A","Official value",""
"QCL","Crops and livestock products","356","India","5412","Yield","01460","Coconuts, in shell","1972","1972","kg/ha","4053.8","A","Official value",""
"QCL","Crops and livestock products","356","India","5412","Yield","01460","Coconuts, in shell","1973","1973","kg/ha","3944.6","A","Official value",""
"QCL","Crops and livestock products","356","India","5412","Yield","01460","Coconuts, in shell","1974","1974","kg/ha","4013.3","A","Official value",""
"QCL","Crops and livestock products","356","India","5412","Yield","01460","Coconuts, in shell","1975","1975","kg/ha","4048.3","A","Official value",""
"QCL","Crops and livestock products","356","India","5412","Yield","01460","Coconuts, in shell","1976","1976","kg/ha","3987","A","Official value",""
"QCL","Crops and livestock products","356","India","5412","Yield","01460","Coconuts, in shell","1977","1977","kg/ha","3806.9","A","Official value",""
"QCL","Crops and livestock products","356","India","5412","Yield","01460","Coconuts, in shell","1978","1978","kg/ha","4035.1","A","Official value",""
"QCL","Crops and livestock products","356","India","5412","Yield","01460","Coconuts, in shell","1979","1979","kg/ha","3892.9","A","Official value",""
"QCL","Crops and livestock products","356","India","5412","Yield","01460","Coconuts, in shell","1980","1980","kg/ha","3923.2","A","Official value",""
"QCL","Crops and livestock products","356","India","5412","Yield","01460","Coconuts, in shell","1981","1981","kg/ha","3794","A","Official value",""
"QCL","Crops and livestock products","356","India","5412","Yield","01460","Coconuts, in shell","1982","1982","kg/ha","4148.1","A","Official value",""
"QCL","Crops and livestock products","356","India","5412","Yield","01460","Coconuts, in shell","1983","1983","kg/ha","3702.1","A","Official value",""
"QCL","Crops and livestock products","356","India","5412","Yield","01460","Coconuts, in shell","1984","1984","kg/ha","4340.6","A","Official value",""
"QCL","Crops and livestock products","356","India","5412","Yield","01460","Coconuts, in shell","1985","1985","kg/ha","4104.1","A","Official value",""
"QCL","Crops and livestock products","356","India","5412","Yield","01460","Coconuts, in shell","1986","1986","kg/ha","3848.3","A","Official value",""
"QCL","Crops and livestock products","356","India","5412","Yield","01460","Coconuts, in shell","1987","1987","kg/ha","4013.4","A","Official value",""
"QCL","Crops and livestock products","356","India","5412","Yield","01460","Coconuts, in shell","1988","1988","kg/ha","4451.8","A","Official value",""
"QCL","Crops and livestock products","356","India","5412","Yield","01460","Coconuts, in shell","1989","1989","kg/ha","4723.5","A","Official value",""
"QCL","Crops and livestock products","356","India","5412","Yield","01460","Coconuts, in shell","1990","1990","kg/ha","4901.7","A","Official value",""
"QCL","Crops and livestock products","356","India","5412","Yield","01460","Coconuts, in shell","1991","1991","kg/ha","4905.2","A","Official value",""
"QCL","Crops and livestock products","356","India","5412","Yield","01460","Coconuts, in shell","1992","1992","kg/ha","5430.8","A","Official value",""
"QCL","Crops and livestock products","356","India","5412","Yield","01460","Coconuts, in shell","1993","1993","kg/ha","5439.4","A","Official value",""
"QCL","Crops and livestock products","356","India","5412","Yield","01460","Coconuts, in shell","1994","1994","kg/ha","5766.1","A","Official value",""
"QCL","Crops and livestock products","356","India","5412","Yield","01460","Coconuts, in shell","1995","1995","kg/ha","5249.7","A","Official value",""
"QCL","Crops and livestock products","356","India","5412","Yield","01460","Coconuts, in shell","1996","1996","kg/ha","5129.6","A","Official value",""
"QCL","Crops and livestock products","356","India","5412","Yield","01460","Coconuts, in shell","1997","1997","kg/ha","4830.7","A","Official value",""
"QCL","Crops and livestock products","356","India","5412","Yield","01460","Coconuts, in shell","1998","1998","kg/ha","4987.2","A","Official value",""
"QCL","Crops and livestock products","356","India","5412","Yield","01460","Coconuts, in shell","1999","1999","kg/ha","4880.9","A","Official value",""
"QCL","Crops and livestock products","356","India","5412","Yield","01460","Coconuts, in shell","2000","2000","kg/ha","4717.5","A","Official value",""
"QCL","Crops and livestock products","356","India","5412","Yield","01460","Coconuts, in shell","2001","2001","kg/ha","4712","A","Official value",""
"QCL","Crops and livestock products","356","India","5412","Yield","01460","Coconuts, in shell","2002","2002","kg/ha","4621.8","A","Official value",""
"QCL","Crops and livestock products","356","India","5412","Yield","01460","Coconuts, in shell","2003","2003","kg/ha","4490.6","A","Official value",""
"QCL","Crops and livestock products","356","India","5412","Yield","01460","Coconuts, in shell","2004","2004","kg/ha","4333.7","A","Official value",""
"QCL","Crops and livestock products","356","India","5412","Yield","01460","Coconuts, in shell","2005","2005","kg/ha","4562.8","A","Official value",""
"QCL","Crops and livestock products","356","India","5412","Yield","01460","Coconuts, in shell","2006","2006","kg/ha","5234.2","A","Official value",""
"QCL","Crops and livestock products","356","India","5412","Yield","01460","Coconuts, in shell","2007","2007","kg/ha","5615.5","A","Official value",""
"QCL","Crops and livestock products","356","India","5412","Yield","01460","Coconuts, in shell","2008","2008","kg/ha","5332.2","A","Official value",""
"QCL","Crops and livestock products","356","India","5412","Yield","01460","Coconuts, in shell","2009","2009","kg/ha","5711.4","A","Official value",""
"QCL","Crops and livestock products","356","India","5412","Yield","01460","Coconuts, in shell","2010","2010","kg/ha","5717.6","A","Official value",""
"QCL","Crops and livestock products","356","India","5412","Yield","01460","Coconuts, in shell","2011","2011","kg/ha","4964.2","A","Official value",""
"QCL","Crops and livestock products","356","India","5412","Yield","01460","Coconuts, in shell","2012","2012","kg/ha","4941.5","A","Official value",""
"QCL","Crops and livestock products","356","India","5412","Yield","01460","Coconuts, in shell","2013","2013","kg/ha","5574.8","A","Official value",""
"QCL","Crops and livestock products","356","India","5412","Yield","01460","Coconuts, in shell","2014","2014","kg/ha","5607.3","A","Official value",""
"QCL","Crops and livestock products","356","India","5412","Yield","01460","Coconuts, in shell","2015","2015","kg/ha","5367.3","A","Official value",""
"QCL","Crops and livestock products","356","India","5412","Yield","01460","Coconuts, in shell","2016","2016","kg/ha","5448.8","A","Official value",""
"QCL","Crops and livestock products","356","India","5412","Yield","01460","Coconuts, in shell","2017","2017","kg/ha","5366.1","A","Official value",""
"QCL","Crops and livestock products","356","India","5412","Yield","01460","Coconuts, in shell","2018","2018","kg/ha","7826.9","A","Official value",""
"QCL","Crops and livestock products","356","India","5412","Yield","01460","Coconuts, in shell","2019","2019","kg/ha","6825.7","A","Official value",""
"QCL","Crops and livestock products","356","India","5412","Yield","01460","Coconuts, in shell","2020","2020","kg/ha","6445.5","A","Official value",""
"QCL","Crops and livestock products","356","India","5412","Yield","01460","Coconuts, in shell","2021","2021","kg/ha","6503.4","A","Official value",""
"QCL","Crops and livestock products","356","India","5412","Yield","01460","Coconuts, in shell","2022","2022","kg/ha","6182.5","A","Official value",""
"QCL","Crops and livestock products","356","India","5412","Yield","01460","Coconuts, in shell","2023","2023","kg/ha","6220","A","Official value",""
"QCL","Crops and livestock products","356","India","5412","Yield","01460","Coconuts, in shell","2024","2024","kg/ha","6792.7","A","Official value",""
"QCL","Crops and livestock products","356","India","5412","Yield","01610","Coffee, green","1961","1961","kg/ha","450","A","Official value",""
"QCL","Crops and livestock products","356","India","5412","Yield","01610","Coffee, green","1962","1962","kg/ha","400","A","Official value",""
"QCL","Crops and livestock products","356","India","5412","Yield","01610","Coffee, green","1963","1963","kg/ha","476.3","A","Official value",""
"QCL","Crops and livestock products","356","India","5412","Yield","01610","Coffee, green","1964","1964","kg/ha","577.5","A","Official value",""
"QCL","Crops and livestock products","356","India","5412","Yield","01610","Coffee, green","1965","1965","kg/ha","499.2","A","Official value",""
"QCL","Crops and livestock products","356","India","5412","Yield","01610","Coffee, green","1966","1966","kg/ha","511.2","A","Official value",""
"QCL","Crops and livestock products","356","India","5412","Yield","01610","Coffee, green","1967","1967","kg/ha","623","A","Official value",""
"QCL","Crops and livestock products","356","India","5412","Yield","01610","Coffee, green","1968","1968","kg/ha","447.9","A","Official value",""
"QCL","Crops and livestock products","356","India","5412","Yield","01610","Coffee, green","1969","1969","kg/ha","573.7","A","Official value",""
"QCL","Crops and livestock products","356","India","5412","Yield","01610","Coffee, green","1970","1970","kg/ha","497","A","Official value",""
"QCL","Crops and livestock products","356","India","5412","Yield","01610","Coffee, green","1971","1971","kg/ha","861.2","A","Official value",""
"QCL","Crops and livestock products","356","India","5412","Yield","01610","Coffee, green","1972","1972","kg/ha","534.5","A","Official value",""
"QCL","Crops and livestock products","356","India","5412","Yield","01610","Coffee, green","1973","1973","kg/ha","700.6","A","Official value",""
"QCL","Crops and livestock products","356","India","5412","Yield","01610","Coffee, green","1974","1974","kg/ha","659.5","A","Official value",""
"QCL","Crops and livestock products","356","India","5412","Yield","01610","Coffee, green","1975","1975","kg/ha","638","A","Official value",""
"QCL","Crops and livestock products","356","India","5412","Yield","01610","Coffee, green","1976","1976","kg/ha","560","A","Official value",""
"QCL","Crops and livestock products","356","India","5412","Yield","01610","Coffee, green","1977","1977","kg/ha","639.4","A","Official value",""
"QCL","Crops and livestock products","356","India","5412","Yield","01610","Coffee, green","1978","1978","kg/ha","735.3","A","Official value",""
"QCL","Crops and livestock products","356","India","5412","Yield","01610","Coffee, green","1979","1979","kg/ha","613.8","A","Official value",""
"QCL","Crops and livestock products","356","India","5412","Yield","01610","Coffee, green","1980","1980","kg/ha","809.9","A","Official value",""
"QCL","Crops and livestock products","356","India","5412","Yield","01610","Coffee, green","1981","1981","kg/ha","624.2","A","Official value",""
"QCL","Crops and livestock products","356","India","5412","Yield","01610","Coffee, green","1982","1982","kg/ha","784","A","Official value",""
"QCL","Crops and livestock products","356","India","5412","Yield","01610","Coffee, green","1983","1983","kg/ha","646.8","A","Official value",""
"QCL","Crops and livestock products","356","India","5412","Yield","01610","Coffee, green","1984","1984","kg/ha","507.1","A","Official value",""
"QCL","Crops and livestock products","356","India","5412","Yield","01610","Coffee, green","1985","1985","kg/ha","931.7","A","Official value",""
"QCL","Crops and livestock products","356","India","5412","Yield","01610","Coffee, green","1986","1986","kg/ha","570.7","A","Official value",""
"QCL","Crops and livestock products","356","India","5412","Yield","01610","Coffee, green","1987","1987","kg/ha","891.4","A","Official value",""
"QCL","Crops and livestock products","356","India","5412","Yield","01610","Coffee, green","1988","1988","kg/ha","562.8","A","Official value",""
"QCL","Crops and livestock products","356","India","5412","Yield","01610","Coffee, green","1989","1989","kg/ha","971.5","A","Official value",""
"QCL","Crops and livestock products","356","India","5412","Yield","01610","Coffee, green","1990","1990","kg/ha","534.4","A","Official value",""
"QCL","Crops and livestock products","356","India","5412","Yield","01610","Coffee, green","1991","1991","kg/ha","760.6","A","Official value",""
"QCL","Crops and livestock products","356","India","5412","Yield","01610","Coffee, green","1992","1992","kg/ha","805.4","A","Official value",""
"QCL","Crops and livestock products","356","India","5412","Yield","01610","Coffee, green","1993","1993","kg/ha","724.8","A","Official value",""
"QCL","Crops and livestock products","356","India","5412","Yield","01610","Coffee, green","1994","1994","kg/ha","918.3","A","Official value",""
"QCL","Crops and livestock products","356","India","5412","Yield","01610","Coffee, green","1995","1995","kg/ha","787.7","A","Official value",""
"QCL","Crops and livestock products","356","India","5412","Yield","01610","Coffee, green","1996","1996","kg/ha","921.5","A","Official value",""
"QCL","Crops and livestock products","356","India","5412","Yield","01610","Coffee, green","1997","1997","kg/ha","815.8","A","Official value",""
"QCL","Crops and livestock products","356","India","5412","Yield","01610","Coffee, green","1998","1998","kg/ha","798.2","A","Official value",""
"QCL","Crops and livestock products","356","India","5412","Yield","01610","Coffee, green","1999","1999","kg/ha","876.8","A","Official value",""
"QCL","Crops and livestock products","356","India","5412","Yield","01610","Coffee, green","2000","2000","kg/ha","946.7","A","Official value",""
"QCL","Crops and livestock products","356","India","5412","Yield","01610","Coffee, green","2001","2001","kg/ha","958.8","A","Official value",""
"QCL","Crops and livestock products","356","India","5412","Yield","01610","Coffee, green","2002","2002","kg/ha","938.5","A","Official value",""
"QCL","Crops and livestock products","356","India","5412","Yield","01610","Coffee, green","2003","2003","kg/ha","858.6","A","Official value",""
"QCL","Crops and livestock products","356","India","5412","Yield","01610","Coffee, green","2004","2004","kg/ha","832","A","Official value",""
"QCL","Crops and livestock products","356","India","5412","Yield","01610","Coffee, green","2005","2005","kg/ha","826.5","A","Official value",""
"QCL","Crops and livestock products","356","India","5412","Yield","01610","Coffee, green","2006","2006","kg/ha","802.7","A","Official value",""
"QCL","Crops and livestock products","356","India","5412","Yield","01610","Coffee, green","2007","2007","kg/ha","839.6","A","Official value",""
"QCL","Crops and livestock products","356","India","5412","Yield","01610","Coffee, green","2008","2008","kg/ha","760.5","A","Official value",""
"QCL","Crops and livestock products","356","India","5412","Yield","01610","Coffee, green","2009","2009","kg/ha","748.4","A","Official value",""
"QCL","Crops and livestock products","356","India","5412","Yield","01610","Coffee, green","2010","2010","kg/ha","814.6","A","Official value",""
"QCL","Crops and livestock products","356","India","5412","Yield","01610","Coffee, green","2011","2011","kg/ha","837.8","A","Official value",""
"QCL","Crops and livestock products","356","India","5412","Yield","01610","Coffee, green","2012","2012","kg/ha","851.7","A","Official value",""
"QCL","Crops and livestock products","356","India","5412","Yield","01610","Coffee, green","2013","2013","kg/ha","845.6","A","Official value",""
"QCL","Crops and livestock products","356","India","5412","Yield","01610","Coffee, green","2014","2014","kg/ha","798.6","A","Official value",""
"QCL","Crops and livestock products","356","India","5412","Yield","01610","Coffee, green","2015","2015","kg/ha","772.6","A","Official value",""
"QCL","Crops and livestock products","356","India","5412","Yield","01610","Coffee, green","2016","2016","kg/ha","801","A","Official value",""
"QCL","Crops and livestock products","356","India","5412","Yield","01610","Coffee, green","2017","2017","kg/ha","694.3","A","Official value",""
"QCL","Crops and livestock products","356","India","5412","Yield","01610","Coffee, green","2018","2018","kg/ha","765.1","A","Official value",""
"QCL","Crops and livestock products","356","India","5412","Yield","01610","Coffee, green","2019","2019","kg/ha","766.7","A","Official value",""
"QCL","Crops and livestock products","356","India","5412","Yield","01610","Coffee, green","2020","2020","kg/ha","712.6","A","Official value",""
"QCL","Crops and livestock products","356","India","5412","Yield","01610","Coffee, green","2021","2021","kg/ha","789.7","A","Official value",""
"QCL","Crops and livestock products","356","India","5412","Yield","01610","Coffee, green","2022","2022","kg/ha","733.8","A","Official value",""
"QCL","Crops and livestock products","356","India","5412","Yield","01610","Coffee, green","2023","2023","kg/ha","736.3","A","Official value",""
"QCL","Crops and livestock products","356","India","5412","Yield","01610","Coffee, green","2024","2024","kg/ha","738.7","A","Official value",""
"QCL","Crops and livestock products","356","India","5412","Yield","01232","Cucumbers and gherkins","1961","1961","kg/ha","4727.3","E","Estimated value",""
"QCL","Crops and livestock products","356","India","5412","Yield","01232","Cucumbers and gherkins","1962","1962","kg/ha","5000","E","Estimated value",""
"QCL","Crops and livestock products","356","India","5412","Yield","01232","Cucumbers and gherkins","1963","1963","kg/ha","5000","E","Estimated value",""
"QCL","Crops and livestock products","356","India","5412","Yield","01232","Cucumbers and gherkins","1964","1964","kg/ha","5000","E","Estimated value",""
"QCL","Crops and livestock products","356","India","5412","Yield","01232","Cucumbers and gherkins","1965","1965","kg/ha","5277.8","E","Estimated value",""
"QCL","Crops and livestock products","356","India","5412","Yield","01232","Cucumbers and gherkins","1966","1966","kg/ha","5333.3","E","Estimated value",""
"QCL","Crops and livestock products","356","India","5412","Yield","01232","Cucumbers and gherkins","1967","1967","kg/ha","5250","E","Estimated value",""
"QCL","Crops and livestock products","356","India","5412","Yield","01232","Cucumbers and gherkins","1968","1968","kg/ha","5301.2","E","Estimated value",""
"QCL","Crops and livestock products","356","India","5412","Yield","01232","Cucumbers and gherkins","1969","1969","kg/ha","5411.8","E","Estimated value",""
"QCL","Crops and livestock products","356","India","5412","Yield","01232","Cucumbers and gherkins","1970","1970","kg/ha","5555.6","E","Estimated value",""
"QCL","Crops and livestock products","356","India","5412","Yield","01232","Cucumbers and gherkins","1971","1971","kg/ha","5483.9","E","Estimated value",""
"QCL","Crops and livestock products","356","India","5412","Yield","01232","Cucumbers and gherkins","1972","1972","kg/ha","5520.8","E","Estimated value",""
"QCL","Crops and livestock products","356","India","5412","Yield","01232","Cucumbers and gherkins","1973","1973","kg/ha","5800","E","Estimated value",""
"QCL","Crops and livestock products","356","India","5412","Yield","01232","Cucumbers and gherkins","1974","1974","kg/ha","5784.3","E","Estimated value",""
"QCL","Crops and livestock products","356","India","5412","Yield","01232","Cucumbers and gherkins","1975","1975","kg/ha","5809.5","E","Estimated value",""
"QCL","Crops and livestock products","356","India","5412","Yield","01232","Cucumbers and gherkins","1976","1976","kg/ha","5796.3","E","Estimated value",""
"QCL","Crops and livestock products","356","India","5412","Yield","01232","Cucumbers and gherkins","1977","1977","kg/ha","5818.2","E","Estimated value",""
"QCL","Crops and livestock products","356","India","5412","Yield","01232","Cucumbers and gherkins","1978","1978","kg/ha","6000","E","Estimated value",""
"QCL","Crops and livestock products","356","India","5412","Yield","01232","Cucumbers and gherkins","1979","1979","kg/ha","6000","E","Estimated value",""
"QCL","Crops and livestock products","356","India","5412","Yield","01232","Cucumbers and gherkins","1980","1980","kg/ha","6016.3","E","Estimated value",""
"QCL","Crops and livestock products","356","India","5412","Yield","01232","Cucumbers and gherkins","1981","1981","kg/ha","6192.3","E","Estimated value",""
"QCL","Crops and livestock products","356","India","5412","Yield","01232","Cucumbers and gherkins","1982","1982","kg/ha","6200","E","Estimated value",""
"QCL","Crops and livestock products","356","India","5412","Yield","01232","Cucumbers and gherkins","1983","1983","kg/ha","6214.3","E","Estimated value",""
"QCL","Crops and livestock products","356","India","5412","Yield","01232","Cucumbers and gherkins","1984","1984","kg/ha","6275.9","E","Estimated value",""
"QCL","Crops and livestock products","356","India","5412","Yield","01232","Cucumbers and gherkins","1985","1985","kg/ha","6310.3","E","Estimated value",""
"QCL","Crops and livestock products","356","India","5412","Yield","01232","Cucumbers and gherkins","1986","1986","kg/ha","6326.5","E","Estimated value",""
"QCL","Crops and livestock products","356","India","5412","Yield","01232","Cucumbers and gherkins","1987","1987","kg/ha","6317.6","E","Estimated value",""
"QCL","Crops and livestock products","356","India","5412","Yield","01232","Cucumbers and gherkins","1988","1988","kg/ha","6333.3","E","Estimated value",""
"QCL","Crops and livestock products","356","India","5412","Yield","01232","Cucumbers and gherkins","1989","1989","kg/ha","6405.2","E","Estimated value",""
"QCL","Crops and livestock products","356","India","5412","Yield","01232","Cucumbers and gherkins","1990","1990","kg/ha","6415.1","E","Estimated value",""
"QCL","Crops and livestock products","356","India","5412","Yield","01232","Cucumbers and gherkins","1991","1991","kg/ha","6488.8","X","Value from external organization",""
"QCL","Crops and livestock products","356","India","5412","Yield","01232","Cucumbers and gherkins","1992","1992","kg/ha","7094.3","E","Estimated value",""
"QCL","Crops and livestock products","356","India","5412","Yield","01232","Cucumbers and gherkins","1993","1993","kg/ha","7430","E","Estimated value",""
"QCL","Crops and livestock products","356","India","5412","Yield","01232","Cucumbers and gherkins","1994","1994","kg/ha","7705.5","E","Estimated value",""
"QCL","Crops and livestock products","356","India","5412","Yield","01232","Cucumbers and gherkins","1995","1995","kg/ha","7951.5","E","Estimated value",""
"QCL","Crops and livestock products","356","India","5412","Yield","01232","Cucumbers and gherkins","1996","1996","kg/ha","8186.8","E","Estimated value",""
"QCL","Crops and livestock products","356","India","5412","Yield","01232","Cucumbers and gherkins","1997","1997","kg/ha","8419","E","Estimated value",""
"QCL","Crops and livestock products","356","India","5412","Yield","01232","Cucumbers and gherkins","1998","1998","kg/ha","8650.5","E","Estimated value",""
"QCL","Crops and livestock products","356","India","5412","Yield","01232","Cucumbers and gherkins","1999","1999","kg/ha","8882.2","E","Estimated value",""
"QCL","Crops and livestock products","356","India","5412","Yield","01232","Cucumbers and gherkins","2000","2000","kg/ha","9114.3","E","Estimated value",""
"QCL","Crops and livestock products","356","India","5412","Yield","01232","Cucumbers and gherkins","2001","2001","kg/ha","9347.1","E","Estimated value",""
"QCL","Crops and livestock products","356","India","5412","Yield","01232","Cucumbers and gherkins","2002","2002","kg/ha","9835.6","E","Estimated value",""
"QCL","Crops and livestock products","356","India","5412","Yield","01232","Cucumbers and gherkins","2003","2003","kg/ha","10324.8","E","Estimated value",""
"QCL","Crops and livestock products","356","India","5412","Yield","01232","Cucumbers and gherkins","2004","2004","kg/ha","10814.8","E","Estimated value",""
"QCL","Crops and livestock products","356","India","5412","Yield","01232","Cucumbers and gherkins","2005","2005","kg/ha","11305.4","E","Estimated value",""
"QCL","Crops and livestock products","356","India","5412","Yield","01232","Cucumbers and gherkins","2006","2006","kg/ha","11796.7","E","Estimated value",""
"QCL","Crops and livestock products","356","India","5412","Yield","01232","Cucumbers and gherkins","2007","2007","kg/ha","12288.9","E","Estimated value",""
"QCL","Crops and livestock products","356","India","5412","Yield","01232","Cucumbers and gherkins","2008","2008","kg/ha","12781.8","E","Estimated value",""
"QCL","Crops and livestock products","356","India","5412","Yield","01232","Cucumbers and gherkins","2009","2009","kg/ha","13275.5","E","Estimated value",""
"QCL","Crops and livestock products","356","India","5412","Yield","01232","Cucumbers and gherkins","2010","2010","kg/ha","13770.2","E","Estimated value",""
"QCL","Crops and livestock products","356","India","5412","Yield","01232","Cucumbers and gherkins","2011","2011","kg/ha","15000","A","Official value",""
"QCL","Crops and livestock products","356","India","5412","Yield","01232","Cucumbers and gherkins","2012","2012","kg/ha","15175","A","Official value",""
"QCL","Crops and livestock products","356","India","5412","Yield","01232","Cucumbers and gherkins","2013","2013","kg/ha","15634.1","A","Official value",""
"QCL","Crops and livestock products","356","India","5412","Yield","01232","Cucumbers and gherkins","2014","2014","kg/ha","15767.4","A","Official value",""
"QCL","Crops and livestock products","356","India","5412","Yield","01232","Cucumbers and gherkins","2015","2015","kg/ha","15767.4","A","Official value",""
"QCL","Crops and livestock products","356","India","5412","Yield","01232","Cucumbers and gherkins","2016","2016","kg/ha","16844.7","A","Official value",""
"QCL","Crops and livestock products","356","India","5412","Yield","01232","Cucumbers and gherkins","2017","2017","kg/ha","15429","A","Official value",""
"QCL","Crops and livestock products","356","India","5412","Yield","01232","Cucumbers and gherkins","2018","2018","kg/ha","15357.3","A","Official value",""
"QCL","Crops and livestock products","356","India","5412","Yield","01232","Cucumbers and gherkins","2019","2019","kg/ha","15187.9","A","Official value",""
"QCL","Crops and livestock products","356","India","5412","Yield","01232","Cucumbers and gherkins","2020","2020","kg/ha","14781.7","A","Official value",""
"QCL","Crops and livestock products","356","India","5412","Yield","01232","Cucumbers and gherkins","2021","2021","kg/ha","14165.5","A","Official value",""
"QCL","Crops and livestock products","356","India","5412","Yield","01232","Cucumbers and gherkins","2022","2022","kg/ha","14221.4","A","Official value",""
"QCL","Crops and livestock products","356","India","5412","Yield","01232","Cucumbers and gherkins","2023","2023","kg/ha","13426","A","Official value",""
"QCL","Crops and livestock products","356","India","5412","Yield","01232","Cucumbers and gherkins","2024","2024","kg/ha","14697.8","A","Official value",""
"QCL","Crops and livestock products","356","India","5412","Yield","01233","Eggplants (aubergines)","1961","1961","kg/ha","6600","E","Estimated value",""
"QCL","Crops and livestock products","356","India","5412","Yield","01233","Eggplants (aubergines)","1962","1962","kg/ha","6730.8","E","Estimated value",""
"QCL","Crops and livestock products","356","India","5412","Yield","01233","Eggplants (aubergines)","1963","1963","kg/ha","6790.1","E","Estimated value",""
"QCL","Crops and livestock products","356","India","5412","Yield","01233","Eggplants (aubergines)","1964","1964","kg/ha","6764.7","E","Estimated value",""
"QCL","Crops and livestock products","356","India","5412","Yield","01233","Eggplants (aubergines)","1965","1965","kg/ha","6857.1","E","Estimated value",""
"QCL","Crops and livestock products","356","India","5412","Yield","01233","Eggplants (aubergines)","1966","1966","kg/ha","6833.3","E","Estimated value",""
"QCL","Crops and livestock products","356","India","5412","Yield","01233","Eggplants (aubergines)","1967","1967","kg/ha","6842.1","E","Estimated value",""
"QCL","Crops and livestock products","356","India","5412","Yield","01233","Eggplants (aubergines)","1968","1968","kg/ha","7000","E","Estimated value",""
"QCL","Crops and livestock products","356","India","5412","Yield","01233","Eggplants (aubergines)","1969","1969","kg/ha","7000","E","Estimated value",""
"QCL","Crops and livestock products","356","India","5412","Yield","01233","Eggplants (aubergines)","1970","1970","kg/ha","7219.5","E","Estimated value",""
"QCL","Crops and livestock products","356","India","5412","Yield","01233","Eggplants (aubergines)","1971","1971","kg/ha","7403.8","E","Estimated value",""
"QCL","Crops and livestock products","356","India","5412","Yield","01233","Eggplants (aubergines)","1972","1972","kg/ha","7547.6","E","Estimated value",""
"QCL","Crops and livestock products","356","India","5412","Yield","01233","Eggplants (aubergines)","1973","1973","kg/ha","7604.7","E","Estimated value",""
"QCL","Crops and livestock products","356","India","5412","Yield","01233","Eggplants (aubergines)","1974","1974","kg/ha","7545.5","E","Estimated value",""
"QCL","Crops and livestock products","356","India","5412","Yield","01233","Eggplants (aubergines)","1975","1975","kg/ha","7555.6","E","Estimated value",""
"QCL","Crops and livestock products","356","India","5412","Yield","01233","Eggplants (aubergines)","1976","1976","kg/ha","7652.2","E","Estimated value",""
"QCL","Crops and livestock products","356","India","5412","Yield","01233","Eggplants (aubergines)","1977","1977","kg/ha","7801.7","E","Estimated value",""
"QCL","Crops and livestock products","356","India","5412","Yield","01233","Eggplants (aubergines)","1978","1978","kg/ha","7833.3","E","Estimated value",""
"QCL","Crops and livestock products","356","India","5412","Yield","01233","Eggplants (aubergines)","1979","1979","kg/ha","7918.4","E","Estimated value",""
"QCL","Crops and livestock products","356","India","5412","Yield","01233","Eggplants (aubergines)","1980","1980","kg/ha","8032.1","E","Estimated value",""
"QCL","Crops and livestock products","356","India","5412","Yield","01233","Eggplants (aubergines)","1981","1981","kg/ha","8616.6","E","Estimated value",""
"QCL","Crops and livestock products","356","India","5412","Yield","01233","Eggplants (aubergines)","1982","1982","kg/ha","8914.7","E","Estimated value",""
"QCL","Crops and livestock products","356","India","5412","Yield","01233","Eggplants (aubergines)","1983","1983","kg/ha","9007.6","E","Estimated value",""
"QCL","Crops and livestock products","356","India","5412","Yield","01233","Eggplants (aubergines)","1984","1984","kg/ha","9185.2","E","Estimated value",""
"QCL","Crops and livestock products","356","India","5412","Yield","01233","Eggplants (aubergines)","1985","1985","kg/ha","9272.7","E","Estimated value",""
"QCL","Crops and livestock products","356","India","5412","Yield","01233","Eggplants (aubergines)","1986","1986","kg/ha","9500","E","Estimated value",""
"QCL","Crops and livestock products","356","India","5412","Yield","01233","Eggplants (aubergines)","1987","1987","kg/ha","9805.7","E","Estimated value",""
"QCL","Crops and livestock products","356","India","5412","Yield","01233","Eggplants (aubergines)","1988","1988","kg/ha","10000","E","Estimated value",""
"QCL","Crops and livestock products","356","India","5412","Yield","01233","Eggplants (aubergines)","1989","1989","kg/ha","10206.9","E","Estimated value",""
"QCL","Crops and livestock products","356","India","5412","Yield","01233","Eggplants (aubergines)","1990","1990","kg/ha","10169.5","E","Estimated value",""
"QCL","Crops and livestock products","356","India","5412","Yield","01233","Eggplants (aubergines)","1991","1991","kg/ha","10413.3","X","Value from external organization",""
"QCL","Crops and livestock products","356","India","5412","Yield","01233","Eggplants (aubergines)","1992","1992","kg/ha","14190.7","A","Official value",""
"QCL","Crops and livestock products","356","India","5412","Yield","01233","Eggplants (aubergines)","1993","1993","kg/ha","19884.9","A","Official value",""
"QCL","Crops and livestock products","356","India","5412","Yield","01233","Eggplants (aubergines)","1994","1994","kg/ha","15785.7","A","Official value",""
"QCL","Crops and livestock products","356","India","5412","Yield","01233","Eggplants (aubergines)","1995","1995","kg/ha","14833.3","A","Official value",""
"QCL","Crops and livestock products","356","India","5412","Yield","01233","Eggplants (aubergines)","1996","1996","kg/ha","14651.5","E","Estimated value",""
"QCL","Crops and livestock products","356","India","5412","Yield","01233","Eggplants (aubergines)","1997","1997","kg/ha","14186","E","Estimated value",""
"QCL","Crops and livestock products","356","India","5412","Yield","01233","Eggplants (aubergines)","1998","1998","kg/ha","16125","A","Official value",""
"QCL","Crops and livestock products","356","India","5412","Yield","01233","Eggplants (aubergines)","1999","1999","kg/ha","16081.6","A","Official value",""
"QCL","Crops and livestock products","356","India","5412","Yield","01233","Eggplants (aubergines)","2000","2000","kg/ha","16240","A","Official value",""
"QCL","Crops and livestock products","356","India","5412","Yield","01233","Eggplants (aubergines)","2001","2001","kg/ha","16383","A","Official value",""
"QCL","Crops and livestock products","356","India","5412","Yield","01233","Eggplants (aubergines)","2002","2002","kg/ha","16700","A","Official value",""
"QCL","Crops and livestock products","356","India","5412","Yield","01233","Eggplants (aubergines)","2003","2003","kg/ha","15660","A","Official value",""
"QCL","Crops and livestock products","356","India","5412","Yield","01233","Eggplants (aubergines)","2004","2004","kg/ha","16416.2","A","Official value",""
"QCL","Crops and livestock products","356","India","5412","Yield","01233","Eggplants (aubergines)","2005","2005","kg/ha","16335.8","A","Official value",""
"QCL","Crops and livestock products","356","India","5412","Yield","01233","Eggplants (aubergines)","2006","2006","kg/ha","16730.9","A","Official value",""
"QCL","Crops and livestock products","356","India","5412","Yield","01233","Eggplants (aubergines)","2007","2007","kg/ha","16642.6","A","Official value",""
"QCL","Crops and livestock products","356","India","5412","Yield","01233","Eggplants (aubergines)","2008","2008","kg/ha","17251.3","A","Official value",""
"QCL","Crops and livestock products","356","India","5412","Yield","01233","Eggplants (aubergines)","2009","2009","kg/ha","17287.4","A","Official value",""
"QCL","Crops and livestock products","356","India","5412","Yield","01233","Eggplants (aubergines)","2010","2010","kg/ha","17248.5","A","Official value",""
"QCL","Crops and livestock products","356","India","5412","Yield","01233","Eggplants (aubergines)","2011","2011","kg/ha","17494.1","A","Official value",""
"QCL","Crops and livestock products","356","India","5412","Yield","01233","Eggplants (aubergines)","2012","2012","kg/ha","18257.2","A","Official value",""
"QCL","Crops and livestock products","356","India","5412","Yield","01233","Eggplants (aubergines)","2013","2013","kg/ha","18620.5","A","Official value",""
"QCL","Crops and livestock products","356","India","5412","Yield","01233","Eggplants (aubergines)","2014","2014","kg/ha","19060.4","A","Official value",""
"QCL","Crops and livestock products","356","India","5412","Yield","01233","Eggplants (aubergines)","2015","2015","kg/ha","18705.8","A","Official value",""
"QCL","Crops and livestock products","356","India","5412","Yield","01233","Eggplants (aubergines)","2016","2016","kg/ha","18876.3","A","Official value",""
"QCL","Crops and livestock products","356","India","5412","Yield","01233","Eggplants (aubergines)","2017","2017","kg/ha","17066.8","A","Official value",""
"QCL","Crops and livestock products","356","India","5412","Yield","01233","Eggplants (aubergines)","2018","2018","kg/ha","17535.6","A","Official value",""
"QCL","Crops and livestock products","356","India","5412","Yield","01233","Eggplants (aubergines)","2019","2019","kg/ha","17441.5","A","Official value",""
"QCL","Crops and livestock products","356","India","5412","Yield","01233","Eggplants (aubergines)","2020","2020","kg/ha","17045.7","A","Official value",""
"QCL","Crops and livestock products","356","India","5412","Yield","01233","Eggplants (aubergines)","2021","2021","kg/ha","17188.3","A","Official value",""
"QCL","Crops and livestock products","356","India","5412","Yield","01233","Eggplants (aubergines)","2022","2022","kg/ha","18911.1","A","Official value",""
"QCL","Crops and livestock products","356","India","5412","Yield","01233","Eggplants (aubergines)","2023","2023","kg/ha","18784.1","A","Official value",""
"QCL","Crops and livestock products","356","India","5412","Yield","01233","Eggplants (aubergines)","2024","2024","kg/ha","19027.4","A","Official value",""
"QCL","Crops and livestock products","356","India","5412","Yield","01315","Figs","1961","1961","kg/ha","2222.2","E","Estimated value",""
"QCL","Crops and livestock products","356","India","5412","Yield","01315","Figs","1962","1962","kg/ha","2222.2","E","Estimated value",""
"QCL","Crops and livestock products","356","India","5412","Yield","01315","Figs","1963","1963","kg/ha","2222.2","E","Estimated value",""
"QCL","Crops and livestock products","356","India","5412","Yield","01315","Figs","1964","1964","kg/ha","2222.2","E","Estimated value",""
"QCL","Crops and livestock products","356","India","5412","Yield","01315","Figs","1965","1965","kg/ha","2222.2","E","Estimated value",""
"QCL","Crops and livestock products","356","India","5412","Yield","01315","Figs","1966","1966","kg/ha","2222.2","E","Estimated value",""
"QCL","Crops and livestock products","356","India","5412","Yield","01315","Figs","1967","1967","kg/ha","2222.2","E","Estimated value",""
"QCL","Crops and livestock products","356","India","5412","Yield","01315","Figs","1968","1968","kg/ha","2222.2","E","Estimated value",""
"QCL","Crops and livestock products","356","India","5412","Yield","01315","Figs","1969","1969","kg/ha","2222.2","E","Estimated value",""
"QCL","Crops and livestock products","356","India","5412","Yield","01315","Figs","1970","1970","kg/ha","2222.2","E","Estimated value",""
"QCL","Crops and livestock products","356","India","5412","Yield","01315","Figs","1971","1971","kg/ha","2222.2","E","Estimated value",""
"QCL","Crops and livestock products","356","India","5412","Yield","01315","Figs","1972","1972","kg/ha","2222.2","E","Estimated value",""
"QCL","Crops and livestock products","356","India","5412","Yield","01315","Figs","1973","1973","kg/ha","2222.2","E","Estimated value",""
"QCL","Crops and livestock products","356","India","5412","Yield","01315","Figs","1974","1974","kg/ha","2222.2","E","Estimated value",""
"QCL","Crops and livestock products","356","India","5412","Yield","01315","Figs","1975","1975","kg/ha","2222.2","E","Estimated value",""
"QCL","Crops and livestock products","356","India","5412","Yield","01315","Figs","1976","1976","kg/ha","2247.2","E","Estimated value",""
"QCL","Crops and livestock products","356","India","5412","Yield","01315","Figs","1977","1977","kg/ha","2272.7","X","Value from external organization",""
"QCL","Crops and livestock products","356","India","5412","Yield","01315","Figs","1978","1978","kg/ha","2298.9","X","Value from external organization",""
"QCL","Crops and livestock products","356","India","5412","Yield","01315","Figs","1979","1979","kg/ha","2298.9","X","Value from external organization",""
"QCL","Crops and livestock products","356","India","5412","Yield","01315","Figs","1980","1980","kg/ha","2298.9","X","Value from external organization",""
"QCL","Crops and livestock products","356","India","5412","Yield","01315","Figs","1981","1981","kg/ha","2298.9","X","Value from external organization",""
"QCL","Crops and livestock products","356","India","5412","Yield","01315","Figs","1982","1982","kg/ha","2298.9","X","Value from external organization",""
"QCL","Crops and livestock products","356","India","5412","Yield","01315","Figs","1983","1983","kg/ha","2298.9","X","Value from external organization",""
"QCL","Crops and livestock products","356","India","5412","Yield","01315","Figs","1984","1984","kg/ha","2298.9","X","Value from external organization",""
"QCL","Crops and livestock products","356","India","5412","Yield","01315","Figs","1985","1985","kg/ha","2307.7","X","Value from external organization",""
"QCL","Crops and livestock products","356","India","5412","Yield","01315","Figs","1986","1986","kg/ha","2298.9","E","Estimated value",""
"QCL","Crops and livestock products","356","India","5412","Yield","01315","Figs","1987","1987","kg/ha","2352.9","E","Estimated value",""
"QCL","Crops and livestock products","356","India","5412","Yield","01315","Figs","1988","1988","kg/ha","2272.7","E","Estimated value",""
"QCL","Crops and livestock products","356","India","5412","Yield","01315","Figs","1989","1989","kg/ha","2250","E","Estimated value",""
"QCL","Crops and livestock products","356","India","5412","Yield","01315","Figs","1990","1990","kg/ha","2285.7","E","Estimated value",""
"QCL","Crops and livestock products","356","India","5412","Yield","01315","Figs","1991","1991","kg/ha","2272.7","E","Estimated value",""
"QCL","Crops and livestock products","356","India","5412","Yield","01315","Figs","1992","1992","kg/ha","2291.7","E","Estimated value",""
"QCL","Crops and livestock products","356","India","5412","Yield","01315","Figs","1993","1993","kg/ha","2307.7","E","Estimated value",""
"QCL","Crops and livestock products","356","India","5412","Yield","01315","Figs","1994","1994","kg/ha","2299.5","E","Estimated value",""
"QCL","Crops and livestock products","356","India","5412","Yield","01315","Figs","1995","1995","kg/ha","2299.1","E","Estimated value",""
"QCL","Crops and livestock products","356","India","5412","Yield","01315","Figs","1996","1996","kg/ha","2297.4","E","Estimated value",""
"QCL","Crops and livestock products","356","India","5412","Yield","01315","Figs","1997","1997","kg/ha","2300.9","E","Estimated value",""
"QCL","Crops and livestock products","356","India","5412","Yield","01315","Figs","1998","1998","kg/ha","2304.4","E","Estimated value",""
"QCL","Crops and livestock products","356","India","5412","Yield","01315","Figs","1999","1999","kg/ha","2307.8","E","Estimated value",""
"QCL","Crops and livestock products","356","India","5412","Yield","01315","Figs","2000","2000","kg/ha","2311.3","E","Estimated value",""
"QCL","Crops and livestock products","356","India","5412","Yield","01315","Figs","2001","2001","kg/ha","2314.8","E","Estimated value",""
"QCL","Crops and livestock products","356","India","5412","Yield","01315","Figs","2002","2002","kg/ha","2318.3","E","Estimated value",""
"QCL","Crops and livestock products","356","India","5412","Yield","01315","Figs","2003","2003","kg/ha","2321.7","E","Estimated value",""
"QCL","Crops and livestock products","356","India","5412","Yield","01315","Figs","2004","2004","kg/ha","2333.7","E","Estimated value",""
"QCL","Crops and livestock products","356","India","5412","Yield","01315","Figs","2005","2005","kg/ha","2354.2","E","Estimated value",""
"QCL","Crops and livestock products","356","India","5412","Yield","01315","Figs","2006","2006","kg/ha","2374.7","E","Estimated value",""
"QCL","Crops and livestock products","356","India","5412","Yield","01315","Figs","2007","2007","kg/ha","2395.2","E","Estimated value",""
"QCL","Crops and livestock products","356","India","5412","Yield","01315","Figs","2008","2008","kg/ha","2415.7","E","Estimated value",""
"QCL","Crops and livestock products","356","India","5412","Yield","01315","Figs","2009","2009","kg/ha","2436.2","E","Estimated value",""
"QCL","Crops and livestock products","356","India","5412","Yield","01315","Figs","2010","2010","kg/ha","2456.7","E","Estimated value",""
"QCL","Crops and livestock products","356","India","5412","Yield","01315","Figs","2011","2011","kg/ha","2477.2","E","Estimated value",""
"QCL","Crops and livestock products","356","India","5412","Yield","01315","Figs","2012","2012","kg/ha","2497.7","E","Estimated value",""
"QCL","Crops and livestock products","356","India","5412","Yield","01315","Figs","2013","2013","kg/ha","2518.2","E","Estimated value",""
"QCL","Crops and livestock products","356","India","5412","Yield","01315","Figs","2014","2014","kg/ha","2525.9","E","Estimated value",""
"QCL","Crops and livestock products","356","India","5412","Yield","01315","Figs","2015","2015","kg/ha","2530.3","E","Estimated value",""
"QCL","Crops and livestock products","356","India","5412","Yield","01315","Figs","2016","2016","kg/ha","2540.7","E","Estimated value",""
"QCL","Crops and livestock products","356","India","5412","Yield","01315","Figs","2017","2017","kg/ha","2552.3","E","Estimated value",""
"QCL","Crops and livestock products","356","India","5412","Yield","01315","Figs","2018","2018","kg/ha","2560.8","E","Estimated value",""
"QCL","Crops and livestock products","356","India","5412","Yield","01315","Figs","2019","2019","kg/ha","2568.9","E","Estimated value",""
"QCL","Crops and livestock products","356","India","5412","Yield","01315","Figs","2020","2020","kg/ha","2576.1","E","Estimated value",""
"QCL","Crops and livestock products","356","India","5412","Yield","01315","Figs","2021","2021","kg/ha","2491.1","E","Estimated value",""
"QCL","Crops and livestock products","356","India","5412","Yield","01315","Figs","2022","2022","kg/ha","2479.5","E","Estimated value",""
"QCL","Crops and livestock products","356","India","5412","Yield","01315","Figs","2023","2023","kg/ha","2515","E","Estimated value",""
"QCL","Crops and livestock products","356","India","5412","Yield","01315","Figs","2024","2024","kg/ha","2495.2","E","Estimated value",""
"QCL","Crops and livestock products","356","India","5412","Yield","01657","Ginger, raw","1961","1961","kg/ha","904.8","A","Official value",""
"QCL","Crops and livestock products","356","India","5412","Yield","01657","Ginger, raw","1962","1962","kg/ha","952.4","A","Official value",""
"QCL","Crops and livestock products","356","India","5412","Yield","01657","Ginger, raw","1963","1963","kg/ha","913","A","Official value",""
"QCL","Crops and livestock products","356","India","5412","Yield","01657","Ginger, raw","1964","1964","kg/ha","913","A","Official value",""
"QCL","Crops and livestock products","356","India","5412","Yield","01657","Ginger, raw","1965","1965","kg/ha","956.5","A","Official value",""
"QCL","Crops and livestock products","356","India","5412","Yield","01657","Ginger, raw","1966","1966","kg/ha","913","A","Official value",""
"QCL","Crops and livestock products","356","India","5412","Yield","01657","Ginger, raw","1967","1967","kg/ha","952.4","A","Official value",""
"QCL","Crops and livestock products","356","India","5412","Yield","01657","Ginger, raw","1968","1968","kg/ha","900","A","Official value",""
"QCL","Crops and livestock products","356","India","5412","Yield","01657","Ginger, raw","1969","1969","kg/ha","1000","A","Official value",""
"QCL","Crops and livestock products","356","India","5412","Yield","01657","Ginger, raw","1970","1970","kg/ha","1363.6","A","Official value",""
"QCL","Crops and livestock products","356","India","5412","Yield","01657","Ginger, raw","1971","1971","kg/ha","1411.5","A","Official value",""
"QCL","Crops and livestock products","356","India","5412","Yield","01657","Ginger, raw","1972","1972","kg/ha","1469.8","A","Official value",""
"QCL","Crops and livestock products","356","India","5412","Yield","01657","Ginger, raw","1973","1973","kg/ha","1547.1","A","Official value",""
"QCL","Crops and livestock products","356","India","5412","Yield","01657","Ginger, raw","1974","1974","kg/ha","1570.4","A","Official value",""
"QCL","Crops and livestock products","356","India","5412","Yield","01657","Ginger, raw","1975","1975","kg/ha","1659.9","A","Official value",""
"QCL","Crops and livestock products","356","India","5412","Yield","01657","Ginger, raw","1976","1976","kg/ha","1691.6","A","Official value",""
"QCL","Crops and livestock products","356","India","5412","Yield","01657","Ginger, raw","1977","1977","kg/ha","1990.6","A","Official value",""
"QCL","Crops and livestock products","356","India","5412","Yield","01657","Ginger, raw","1978","1978","kg/ha","1956.6","A","Official value",""
"QCL","Crops and livestock products","356","India","5412","Yield","01657","Ginger, raw","1979","1979","kg/ha","1808.2","A","Official value",""
"QCL","Crops and livestock products","356","India","5412","Yield","01657","Ginger, raw","1980","1980","kg/ha","2038.1","A","Official value",""
"QCL","Crops and livestock products","356","India","5412","Yield","01657","Ginger, raw","1981","1981","kg/ha","2136.6","A","Official value",""
"QCL","Crops and livestock products","356","India","5412","Yield","01657","Ginger, raw","1982","1982","kg/ha","2148.5","A","Official value",""
"QCL","Crops and livestock products","356","India","5412","Yield","01657","Ginger, raw","1983","1983","kg/ha","2477.7","A","Official value",""
"QCL","Crops and livestock products","356","India","5412","Yield","01657","Ginger, raw","1984","1984","kg/ha","2411.5","A","Official value",""
"QCL","Crops and livestock products","356","India","5412","Yield","01657","Ginger, raw","1985","1985","kg/ha","2578.8","A","Official value",""
"QCL","Crops and livestock products","356","India","5412","Yield","01657","Ginger, raw","1986","1986","kg/ha","2583.3","A","Official value",""
"QCL","Crops and livestock products","356","India","5412","Yield","01657","Ginger, raw","1987","1987","kg/ha","2633.5","A","Official value",""
"QCL","Crops and livestock products","356","India","5412","Yield","01657","Ginger, raw","1988","1988","kg/ha","2923.1","A","Official value",""
"QCL","Crops and livestock products","356","India","5412","Yield","01657","Ginger, raw","1989","1989","kg/ha","2891.1","A","Official value",""
"QCL","Crops and livestock products","356","India","5412","Yield","01657","Ginger, raw","1990","1990","kg/ha","2851.9","A","Official value",""
"QCL","Crops and livestock products","356","India","5412","Yield","01657","Ginger, raw","1991","1991","kg/ha","3050","A","Official value",""
"QCL","Crops and livestock products","356","India","5412","Yield","01657","Ginger, raw","1992","1992","kg/ha","3365.6","A","Official value",""
"QCL","Crops and livestock products","356","India","5412","Yield","01657","Ginger, raw","1993","1993","kg/ha","3073.6","A","Official value",""
"QCL","Crops and livestock products","356","India","5412","Yield","01657","Ginger, raw","1994","1994","kg/ha","1956.6","A","Official value",""
"QCL","Crops and livestock products","356","India","5412","Yield","01657","Ginger, raw","1995","1995","kg/ha","1900","A","Official value",""
"QCL","Crops and livestock products","356","India","5412","Yield","01657","Ginger, raw","1996","1996","kg/ha","3307.3","A","Official value",""
"QCL","Crops and livestock products","356","India","5412","Yield","01657","Ginger, raw","1997","1997","kg/ha","3315.8","A","Official value",""
"QCL","Crops and livestock products","356","India","5412","Yield","01657","Ginger, raw","1998","1998","kg/ha","3371.8","A","Official value",""
"QCL","Crops and livestock products","356","India","5412","Yield","01657","Ginger, raw","1999","1999","kg/ha","3391.8","A","Official value",""
"QCL","Crops and livestock products","356","India","5412","Yield","01657","Ginger, raw","2000","2000","kg/ha","3357.1","A","Official value",""
"QCL","Crops and livestock products","356","India","5412","Yield","01657","Ginger, raw","2001","2001","kg/ha","3264.9","E","Estimated value",""
"QCL","Crops and livestock products","356","India","5412","Yield","01657","Ginger, raw","2002","2002","kg/ha","3201.6","E","Estimated value",""
"QCL","Crops and livestock products","356","India","5412","Yield","01657","Ginger, raw","2003","2003","kg/ha","3176.9","A","Official value",""
"QCL","Crops and livestock products","356","India","5412","Yield","01657","Ginger, raw","2004","2004","kg/ha","3547.6","A","Official value",""
"QCL","Crops and livestock products","356","India","5412","Yield","01657","Ginger, raw","2005","2005","kg/ha","3767.1","A","Official value",""
"QCL","Crops and livestock products","356","India","5412","Yield","01657","Ginger, raw","2006","2006","kg/ha","3537.1","A","Official value",""
"QCL","Crops and livestock products","356","India","5412","Yield","01657","Ginger, raw","2007","2007","kg/ha","3707.8","A","Official value",""
"QCL","Crops and livestock products","356","India","5412","Yield","01657","Ginger, raw","2008","2008","kg/ha","3737.8","A","Official value",""
"QCL","Crops and livestock products","356","India","5412","Yield","01657","Ginger, raw","2009","2009","kg/ha","3498.7","A","Official value",""
"QCL","Crops and livestock products","356","India","5412","Yield","01657","Ginger, raw","2010","2010","kg/ha","3583.1","A","Official value",""
"QCL","Crops and livestock products","356","India","5412","Yield","01657","Ginger, raw","2011","2011","kg/ha","4708.2","A","Official value",""
"QCL","Crops and livestock products","356","India","5412","Yield","01657","Ginger, raw","2012","2012","kg/ha","4877.4","A","Official value",""
"QCL","Crops and livestock products","356","India","5412","Yield","01657","Ginger, raw","2013","2013","kg/ha","5022.1","A","Official value",""
"QCL","Crops and livestock products","356","India","5412","Yield","01657","Ginger, raw","2014","2014","kg/ha","4924.8","A","Official value",""
"QCL","Crops and livestock products","356","India","5412","Yield","01657","Ginger, raw","2015","2015","kg/ha","5352.1","A","Official value",""
"QCL","Crops and livestock products","356","India","5412","Yield","01657","Ginger, raw","2016","2016","kg/ha","6721.2","A","Official value",""
"QCL","Crops and livestock products","356","India","5412","Yield","01657","Ginger, raw","2017","2017","kg/ha","6369","A","Official value",""
"QCL","Crops and livestock products","356","India","5412","Yield","01657","Ginger, raw","2018","2018","kg/ha","10678.8","A","Official value",""
"QCL","Crops and livestock products","356","India","5412","Yield","01657","Ginger, raw","2019","2019","kg/ha","10902.4","A","Official value",""
"QCL","Crops and livestock products","356","India","5412","Yield","01657","Ginger, raw","2020","2020","kg/ha","10494.4","A","Official value",""
"QCL","Crops and livestock products","356","India","5412","Yield","01657","Ginger, raw","2021","2021","kg/ha","10853.7","A","Official value",""
"QCL","Crops and livestock products","356","India","5412","Yield","01657","Ginger, raw","2022","2022","kg/ha","11919","A","Official value",""
"QCL","Crops and livestock products","356","India","5412","Yield","01657","Ginger, raw","2023","2023","kg/ha","11523.6","A","Official value",""
"QCL","Crops and livestock products","356","India","5412","Yield","01657","Ginger, raw","2024","2024","kg/ha","12010.7","A","Official value",""
"QCL","Crops and livestock products","356","India","5412","Yield","01330","Grapes","1961","1961","kg/ha","15909.1","E","Estimated value",""
"QCL","Crops and livestock products","356","India","5412","Yield","01330","Grapes","1962","1962","kg/ha","16304.3","E","Estimated value",""
"QCL","Crops and livestock products","356","India","5412","Yield","01330","Grapes","1963","1963","kg/ha","16000","E","Estimated value",""
"QCL","Crops and livestock products","356","India","5412","Yield","01330","Grapes","1964","1964","kg/ha","16071.4","E","Estimated value",""
"QCL","Crops and livestock products","356","India","5412","Yield","01330","Grapes","1965","1965","kg/ha","16129","E","Estimated value",""
"QCL","Crops and livestock products","356","India","5412","Yield","01330","Grapes","1966","1966","kg/ha","16176.5","E","Estimated value",""
"QCL","Crops and livestock products","356","India","5412","Yield","01330","Grapes","1967","1967","kg/ha","16197.2","E","Estimated value",""
"QCL","Crops and livestock products","356","India","5412","Yield","01330","Grapes","1968","1968","kg/ha","16216.2","E","Estimated value",""
"QCL","Crops and livestock products","356","India","5412","Yield","01330","Grapes","1969","1969","kg/ha","16025.6","E","Estimated value",""
"QCL","Crops and livestock products","356","India","5412","Yield","01330","Grapes","1970","1970","kg/ha","16250","E","Estimated value",""
"QCL","Crops and livestock products","356","India","5412","Yield","01330","Grapes","1971","1971","kg/ha","16071.4","E","Estimated value",""
"QCL","Crops and livestock products","356","India","5412","Yield","01330","Grapes","1972","1972","kg/ha","16046.5","E","Estimated value",""
"QCL","Crops and livestock products","356","India","5412","Yield","01330","Grapes","1973","1973","kg/ha","16092","E","Estimated value",""
"QCL","Crops and livestock products","356","India","5412","Yield","01330","Grapes","1974","1974","kg/ha","17307.7","E","Estimated value",""
"QCL","Crops and livestock products","356","India","5412","Yield","01330","Grapes","1975","1975","kg/ha","16666.7","E","Estimated value",""
"QCL","Crops and livestock products","356","India","5412","Yield","01330","Grapes","1976","1976","kg/ha","18705.9","E","Estimated value",""
"QCL","Crops and livestock products","356","India","5412","Yield","01330","Grapes","1977","1977","kg/ha","16110.2","A","Official value",""
"QCL","Crops and livestock products","356","India","5412","Yield","01330","Grapes","1978","1978","kg/ha","18526.8","A","Official value",""
"QCL","Crops and livestock products","356","India","5412","Yield","01330","Grapes","1979","1979","kg/ha","19054.4","A","Official value",""
"QCL","Crops and livestock products","356","India","5412","Yield","01330","Grapes","1980","1980","kg/ha","19144.7","A","Official value",""
"QCL","Crops and livestock products","356","India","5412","Yield","01330","Grapes","1981","1981","kg/ha","19205.9","A","Official value",""
"QCL","Crops and livestock products","356","India","5412","Yield","01330","Grapes","1982","1982","kg/ha","21872.3","A","Official value",""
"QCL","Crops and livestock products","356","India","5412","Yield","01330","Grapes","1983","1983","kg/ha","19669.7","A","Official value",""
"QCL","Crops and livestock products","356","India","5412","Yield","01330","Grapes","1984","1984","kg/ha","21823.2","A","Official value",""
"QCL","Crops and livestock products","356","India","5412","Yield","01330","Grapes","1985","1985","kg/ha","22000","A","Official value",""
"QCL","Crops and livestock products","356","India","5412","Yield","01330","Grapes","1986","1986","kg/ha","20800","E","Estimated value",""
"QCL","Crops and livestock products","356","India","5412","Yield","01330","Grapes","1987","1987","kg/ha","16312.6","A","Official value",""
"QCL","Crops and livestock products","356","India","5412","Yield","01330","Grapes","1988","1988","kg/ha","19492.1","A","Official value",""
"QCL","Crops and livestock products","356","India","5412","Yield","01330","Grapes","1989","1989","kg/ha","15054.9","A","Official value",""
"QCL","Crops and livestock products","356","India","5412","Yield","01330","Grapes","1990","1990","kg/ha","16260.5","A","Official value",""
"QCL","Crops and livestock products","356","India","5412","Yield","01330","Grapes","1991","1991","kg/ha","16619.5","A","Official value",""
"QCL","Crops and livestock products","356","India","5412","Yield","01330","Grapes","1992","1992","kg/ha","19205","A","Official value",""
"QCL","Crops and livestock products","356","India","5412","Yield","01330","Grapes","1993","1993","kg/ha","20000","E","Estimated value",""
"QCL","Crops and livestock products","356","India","5412","Yield","01330","Grapes","1994","1994","kg/ha","17500","A","Official value",""
"QCL","Crops and livestock products","356","India","5412","Yield","01330","Grapes","1995","1995","kg/ha","17500","A","Official value",""
"QCL","Crops and livestock products","356","India","5412","Yield","01330","Grapes","1996","1996","kg/ha","20014.9","E","Estimated value",""
"QCL","Crops and livestock products","356","India","5412","Yield","01330","Grapes","1997","1997","kg/ha","21754","E","Estimated value",""
"QCL","Crops and livestock products","356","India","5412","Yield","01330","Grapes","1998","1998","kg/ha","24250","A","Official value",""
"QCL","Crops and livestock products","356","India","5412","Yield","01330","Grapes","1999","1999","kg/ha","25422.5","A","Official value",""
"QCL","Crops and livestock products","356","India","5412","Yield","01330","Grapes","2000","2000","kg/ha","28250","A","Official value",""
"QCL","Crops and livestock products","356","India","5412","Yield","01330","Grapes","2001","2001","kg/ha","21200","A","Official value",""
"QCL","Crops and livestock products","356","India","5412","Yield","01330","Grapes","2002","2002","kg/ha","24930.5","A","Official value",""
"QCL","Crops and livestock products","356","India","5412","Yield","01330","Grapes","2003","2003","kg/ha","23950.1","A","Official value",""
"QCL","Crops and livestock products","356","India","5412","Yield","01330","Grapes","2004","2004","kg/ha","25515.6","A","Official value",""
"QCL","Crops and livestock products","356","India","5412","Yield","01330","Grapes","2005","2005","kg/ha","25862.8","A","Official value",""
"QCL","Crops and livestock products","356","India","5412","Yield","01330","Grapes","2006","2006","kg/ha","24993.9","A","Official value",""
"QCL","Crops and livestock products","356","India","5412","Yield","01330","Grapes","2007","2007","kg/ha","25927.7","A","Official value",""
"QCL","Crops and livestock products","356","India","5412","Yield","01330","Grapes","2008","2008","kg/ha","25514.7","A","Official value",""
"QCL","Crops and livestock products","356","India","5412","Yield","01330","Grapes","2009","2009","kg/ha","23475","A","Official value",""
"QCL","Crops and livestock products","356","India","5412","Yield","01330","Grapes","2010","2010","kg/ha","8277.3","A","Official value",""
"QCL","Crops and livestock products","356","India","5412","Yield","01330","Grapes","2011","2011","kg/ha","11126.1","A","Official value",""
"QCL","Crops and livestock products","356","India","5412","Yield","01330","Grapes","2012","2012","kg/ha","19146.6","A","Official value",""
"QCL","Crops and livestock products","356","India","5412","Yield","01330","Grapes","2013","2013","kg/ha","21042.4","A","Official value",""
"QCL","Crops and livestock products","356","India","5412","Yield","01330","Grapes","2014","2014","kg/ha","21773.1","A","Official value",""
"QCL","Crops and livestock products","356","India","5412","Yield","01330","Grapes","2015","2015","kg/ha","21683.3","A","Official value",""
"QCL","Crops and livestock products","356","India","5412","Yield","01330","Grapes","2016","2016","kg/ha","21229.5","A","Official value",""
"QCL","Crops and livestock products","356","India","5412","Yield","01330","Grapes","2017","2017","kg/ha","21328.5","A","Official value",""
"QCL","Crops and livestock products","356","India","5412","Yield","01330","Grapes","2018","2018","kg/ha","21007.2","A","Official value",""
"QCL","Crops and livestock products","356","India","5412","Yield","01330","Grapes","2019","2019","kg/ha","21721.4","A","Official value",""
"QCL","Crops and livestock products","356","India","5412","Yield","01330","Grapes","2020","2020","kg/ha","21206.7","A","Official value",""
"QCL","Crops and livestock products","356","India","5412","Yield","01330","Grapes","2021","2021","kg/ha","21664.5","A","Official value",""
"QCL","Crops and livestock products","356","India","5412","Yield","01330","Grapes","2022","2022","kg/ha","20865","A","Official value",""
"QCL","Crops and livestock products","356","India","5412","Yield","01330","Grapes","2023","2023","kg/ha","22130.2","A","Official value",""
"QCL","Crops and livestock products","356","India","5412","Yield","01330","Grapes","2024","2024","kg/ha","21735.3","A","Official value",""
"QCL","Crops and livestock products","356","India","5412","Yield","01252","Green garlic","1961","1961","kg/ha","3714.3","E","Estimated value",""
"QCL","Crops and livestock products","356","India","5412","Yield","01252","Green garlic","1962","1962","kg/ha","3605.3","E","Estimated value",""
"QCL","Crops and livestock products","356","India","5412","Yield","01252","Green garlic","1963","1963","kg/ha","3600","E","Estimated value",""
"QCL","Crops and livestock products","356","India","5412","Yield","01252","Green garlic","1964","1964","kg/ha","3600","E","Estimated value",""
"QCL","Crops and livestock products","356","India","5412","Yield","01252","Green garlic","1965","1965","kg/ha","3600","E","Estimated value",""
"QCL","Crops and livestock products","356","India","5412","Yield","01252","Green garlic","1966","1966","kg/ha","3703.7","E","Estimated value",""
"QCL","Crops and livestock products","356","India","5412","Yield","01252","Green garlic","1967","1967","kg/ha","3703.7","E","Estimated value",""
"QCL","Crops and livestock products","356","India","5412","Yield","01252","Green garlic","1968","1968","kg/ha","3703.7","E","Estimated value",""
"QCL","Crops and livestock products","356","India","5412","Yield","01252","Green garlic","1969","1969","kg/ha","3703.7","E","Estimated value",""
"QCL","Crops and livestock products","356","India","5412","Yield","01252","Green garlic","1970","1970","kg/ha","3703.7","E","Estimated value",""
"QCL","Crops and livestock products","356","India","5412","Yield","01252","Green garlic","1971","1971","kg/ha","3666.7","E","Estimated value",""
"QCL","Crops and livestock products","356","India","5412","Yield","01252","Green garlic","1972","1972","kg/ha","3666.7","E","Estimated value",""
"QCL","Crops and livestock products","356","India","5412","Yield","01252","Green garlic","1973","1973","kg/ha","3636.4","E","Estimated value",""
"QCL","Crops and livestock products","356","India","5412","Yield","01252","Green garlic","1974","1974","kg/ha","2975.1","A","Official value",""
"QCL","Crops and livestock products","356","India","5412","Yield","01252","Green garlic","1975","1975","kg/ha","3532.7","A","Official value",""
"QCL","Crops and livestock products","356","India","5412","Yield","01252","Green garlic","1976","1976","kg/ha","3610","A","Official value",""
"QCL","Crops and livestock products","356","India","5412","Yield","01252","Green garlic","1977","1977","kg/ha","3212","A","Official value",""
"QCL","Crops and livestock products","356","India","5412","Yield","01252","Green garlic","1978","1978","kg/ha","3398.4","A","Official value",""
"QCL","Crops and livestock products","356","India","5412","Yield","01252","Green garlic","1979","1979","kg/ha","3443.9","A","Official value",""
"QCL","Crops and livestock products","356","India","5412","Yield","01252","Green garlic","1980","1980","kg/ha","3642.5","A","Official value",""
"QCL","Crops and livestock products","356","India","5412","Yield","01252","Green garlic","1981","1981","kg/ha","3796.7","A","Official value",""
"QCL","Crops and livestock products","356","India","5412","Yield","01252","Green garlic","1982","1982","kg/ha","3864.4","A","Official value",""
"QCL","Crops and livestock products","356","India","5412","Yield","01252","Green garlic","1983","1983","kg/ha","3853.8","A","Official value",""
"QCL","Crops and livestock products","356","India","5412","Yield","01252","Green garlic","1984","1984","kg/ha","3701.1","A","Official value",""
"QCL","Crops and livestock products","356","India","5412","Yield","01252","Green garlic","1985","1985","kg/ha","3286","A","Official value",""
"QCL","Crops and livestock products","356","India","5412","Yield","01252","Green garlic","1986","1986","kg/ha","3493.3","A","Official value",""
"QCL","Crops and livestock products","356","India","5412","Yield","01252","Green garlic","1987","1987","kg/ha","3400.2","A","Official value",""
"QCL","Crops and livestock products","356","India","5412","Yield","01252","Green garlic","1988","1988","kg/ha","3663.6","A","Official value",""
"QCL","Crops and livestock products","356","India","5412","Yield","01252","Green garlic","1989","1989","kg/ha","3895.8","A","Official value",""
"QCL","Crops and livestock products","356","India","5412","Yield","01252","Green garlic","1990","1990","kg/ha","3889","A","Official value",""
"QCL","Crops and livestock products","356","India","5412","Yield","01252","Green garlic","1991","1991","kg/ha","3931.1","A","Official value",""
"QCL","Crops and livestock products","356","India","5412","Yield","01252","Green garlic","1992","1992","kg/ha","4161.4","A","Official value",""
"QCL","Crops and livestock products","356","India","5412","Yield","01252","Green garlic","1993","1993","kg/ha","4015.7","A","Official value",""
"QCL","Crops and livestock products","356","India","5412","Yield","01252","Green garlic","1994","1994","kg/ha","4076.8","A","Official value",""
"QCL","Crops and livestock products","356","India","5412","Yield","01252","Green garlic","1995","1995","kg/ha","4247.5","A","Official value",""
"QCL","Crops and livestock products","356","India","5412","Yield","01252","Green garlic","1996","1996","kg/ha","4643.7","A","Official value",""
"QCL","Crops and livestock products","356","India","5412","Yield","01252","Green garlic","1997","1997","kg/ha","4452.2","A","Official value",""
"QCL","Crops and livestock products","356","India","5412","Yield","01252","Green garlic","1998","1998","kg/ha","4632.3","A","Official value",""
"QCL","Crops and livestock products","356","India","5412","Yield","01252","Green garlic","1999","1999","kg/ha","4169.2","A","Official value",""
"QCL","Crops and livestock products","356","India","5412","Yield","01252","Green garlic","2000","2000","kg/ha","4210.3","A","Official value",""
"QCL","Crops and livestock products","356","India","5412","Yield","01252","Green garlic","2001","2001","kg/ha","4140","E","Estimated value",""
"QCL","Crops and livestock products","356","India","5412","Yield","01252","Green garlic","2002","2002","kg/ha","4387.7","E","Estimated value",""
"QCL","Crops and livestock products","356","India","5412","Yield","01252","Green garlic","2003","2003","kg/ha","4098.7","A","Official value",""
"QCL","Crops and livestock products","356","India","5412","Yield","01252","Green garlic","2004","2004","kg/ha","4975.5","A","Official value",""
"QCL","Crops and livestock products","356","India","5412","Yield","01252","Green garlic","2005","2005","kg/ha","4487.2","A","Official value",""
"QCL","Crops and livestock products","356","India","5412","Yield","01252","Green garlic","2006","2006","kg/ha","4434.4","A","Official value",""
"QCL","Crops and livestock products","356","India","5412","Yield","01252","Green garlic","2007","2007","kg/ha","4876.3","A","Official value",""
"QCL","Crops and livestock products","356","India","5412","Yield","01252","Green garlic","2008","2008","kg/ha","5183.9","A","Official value",""
"QCL","Crops and livestock products","356","India","5412","Yield","01252","Green garlic","2009","2009","kg/ha","5000.3","A","Official value",""
"QCL","Crops and livestock products","356","India","5412","Yield","01252","Green garlic","2010","2010","kg/ha","5058.7","A","Official value",""
"QCL","Crops and livestock products","356","India","5412","Yield","01252","Green garlic","2011","2011","kg/ha","5273.2","A","Official value",""
"QCL","Crops and livestock products","356","India","5412","Yield","01252","Green garlic","2012","2012","kg/ha","5074.4","A","Official value",""
"QCL","Crops and livestock products","356","India","5412","Yield","01252","Green garlic","2013","2013","kg/ha","5076.6","A","Official value",""
"QCL","Crops and livestock products","356","India","5412","Yield","01252","Green garlic","2014","2014","kg/ha","5419.9","A","Official value",""
"QCL","Crops and livestock products","356","India","5412","Yield","01252","Green garlic","2015","2015","kg/ha","5438.9","A","Official value",""
"QCL","Crops and livestock products","356","India","5412","Yield","01252","Green garlic","2016","2016","kg/ha","5754.4","A","Official value",""
"QCL","Crops and livestock products","356","India","5412","Yield","01252","Green garlic","2017","2017","kg/ha","5274.1","A","Official value",""
"QCL","Crops and livestock products","356","India","5412","Yield","01252","Green garlic","2018","2018","kg/ha","5082","A","Official value",""
"QCL","Crops and livestock products","356","India","5412","Yield","01252","Green garlic","2019","2019","kg/ha","8128.5","A","Official value",""
"QCL","Crops and livestock products","356","India","5412","Yield","01252","Green garlic","2020","2020","kg/ha","8309.7","A","Official value",""
"QCL","Crops and livestock products","356","India","5412","Yield","01252","Green garlic","2021","2021","kg/ha","8137.8","A","Official value",""
"QCL","Crops and livestock products","356","India","5412","Yield","01252","Green garlic","2022","2022","kg/ha","8162.8","A","Official value",""
"QCL","Crops and livestock products","356","India","5412","Yield","01252","Green garlic","2023","2023","kg/ha","8524.4","A","Official value",""
"QCL","Crops and livestock products","356","India","5412","Yield","01252","Green garlic","2024","2024","kg/ha","8369.5","A","Official value",""
"QCL","Crops and livestock products","356","India","5412","Yield","0142","Groundnuts, excluding shelled","1961","1961","kg/ha","724.9","A","Official value",""
"QCL","Crops and livestock products","356","India","5412","Yield","0142","Groundnuts, excluding shelled","1962","1962","kg/ha","695.3","A","Official value",""
"QCL","Crops and livestock products","356","India","5412","Yield","0142","Groundnuts, excluding shelled","1963","1963","kg/ha","769.4","A","Official value",""
"QCL","Crops and livestock products","356","India","5412","Yield","0142","Groundnuts, excluding shelled","1964","1964","kg/ha","814","A","Official value",""
"QCL","Crops and livestock products","356","India","5412","Yield","0142","Groundnuts, excluding shelled","1965","1965","kg/ha","553.8","A","Official value",""
"QCL","Crops and livestock products","356","India","5412","Yield","0142","Groundnuts, excluding shelled","1966","1966","kg/ha","604.3","A","Official value",""
"QCL","Crops and livestock products","356","India","5412","Yield","0142","Groundnuts, excluding shelled","1967","1967","kg/ha","758.8","A","Official value",""
"QCL","Crops and livestock products","356","India","5412","Yield","0142","Groundnuts, excluding shelled","1968","1968","kg/ha","653.3","A","Official value",""
"QCL","Crops and livestock products","356","India","5412","Yield","0142","Groundnuts, excluding shelled","1969","1969","kg/ha","720","A","Official value",""
"QCL","Crops and livestock products","356","India","5412","Yield","0142","Groundnuts, excluding shelled","1970","1970","kg/ha","834.1","A","Official value",""
"QCL","Crops and livestock products","356","India","5412","Yield","0142","Groundnuts, excluding shelled","1971","1971","kg/ha","822.9","A","Official value",""
"QCL","Crops and livestock products","356","India","5412","Yield","0142","Groundnuts, excluding shelled","1972","1972","kg/ha","585.4","A","Official value",""
"QCL","Crops and livestock products","356","India","5412","Yield","0142","Groundnuts, excluding shelled","1973","1973","kg/ha","844.6","A","Official value",""
"QCL","Crops and livestock products","356","India","5412","Yield","0142","Groundnuts, excluding shelled","1974","1974","kg/ha","712.8","A","Official value",""
"QCL","Crops and livestock products","356","India","5412","Yield","0142","Groundnuts, excluding shelled","1975","1975","kg/ha","935.4","A","Official value",""
"QCL","Crops and livestock products","356","India","5412","Yield","0142","Groundnuts, excluding shelled","1976","1976","kg/ha","747.4","A","Official value",""
"QCL","Crops and livestock products","356","India","5412","Yield","0142","Groundnuts, excluding shelled","1977","1977","kg/ha","866.1","A","Official value",""
"QCL","Crops and livestock products","356","India","5412","Yield","0142","Groundnuts, excluding shelled","1978","1978","kg/ha","835.2","A","Official value",""
"QCL","Crops and livestock products","356","India","5412","Yield","0142","Groundnuts, excluding shelled","1979","1979","kg/ha","805","A","Official value",""
"QCL","Crops and livestock products","356","India","5412","Yield","0142","Groundnuts, excluding shelled","1980","1980","kg/ha","735.9","A","Official value",""
"QCL","Crops and livestock products","356","India","5412","Yield","0142","Groundnuts, excluding shelled","1981","1981","kg/ha","972.3","A","Official value",""
"QCL","Crops and livestock products","356","India","5412","Yield","0142","Groundnuts, excluding shelled","1982","1982","kg/ha","732.1","A","Official value",""
"QCL","Crops and livestock products","356","India","5412","Yield","0142","Groundnuts, excluding shelled","1983","1983","kg/ha","939.8","A","Official value",""
"QCL","Crops and livestock products","356","India","5412","Yield","0142","Groundnuts, excluding shelled","1984","1984","kg/ha","897.9","A","Official value",""
"QCL","Crops and livestock products","356","India","5412","Yield","0142","Groundnuts, excluding shelled","1985","1985","kg/ha","718.8","A","Official value",""
"QCL","Crops and livestock products","356","India","5412","Yield","0142","Groundnuts, excluding shelled","1986","1986","kg/ha","841.5","A","Official value",""
"QCL","Crops and livestock products","356","India","5412","Yield","0142","Groundnuts, excluding shelled","1987","1987","kg/ha","855.3","A","Official value",""
"QCL","Crops and livestock products","356","India","5412","Yield","0142","Groundnuts, excluding shelled","1988","1988","kg/ha","1132.4","A","Official value",""
"QCL","Crops and livestock products","356","India","5412","Yield","0142","Groundnuts, excluding shelled","1989","1989","kg/ha","929.9","A","Official value",""
"QCL","Crops and livestock products","356","India","5412","Yield","0142","Groundnuts, excluding shelled","1990","1990","kg/ha","904.4","A","Official value",""
"QCL","Crops and livestock products","356","India","5412","Yield","0142","Groundnuts, excluding shelled","1991","1991","kg/ha","843.8","A","Official value",""
"QCL","Crops and livestock products","356","India","5412","Yield","0142","Groundnuts, excluding shelled","1992","1992","kg/ha","1059","A","Official value",""
"QCL","Crops and livestock products","356","India","5412","Yield","0142","Groundnuts, excluding shelled","1993","1993","kg/ha","916.1","A","Official value",""
"QCL","Crops and livestock products","356","India","5412","Yield","0142","Groundnuts, excluding shelled","1994","1994","kg/ha","1030.2","A","Official value",""
"QCL","Crops and livestock products","356","India","5412","Yield","0142","Groundnuts, excluding shelled","1995","1995","kg/ha","1040.9","A","Official value",""
"QCL","Crops and livestock products","356","India","5412","Yield","0142","Groundnuts, excluding shelled","1996","1996","kg/ha","1036.8","A","Official value",""
"QCL","Crops and livestock products","356","India","5412","Yield","0142","Groundnuts, excluding shelled","1997","1997","kg/ha","1011.6","A","Official value",""
"QCL","Crops and livestock products","356","India","5412","Yield","0142","Groundnuts, excluding shelled","1998","1998","kg/ha","1212.8","A","Official value",""
"QCL","Crops and livestock products","356","India","5412","Yield","0142","Groundnuts, excluding shelled","1999","1999","kg/ha","802.1","A","Official value",""
"QCL","Crops and livestock products","356","India","5412","Yield","0142","Groundnuts, excluding shelled","2000","2000","kg/ha","940.3","A","Official value",""
"QCL","Crops and livestock products","356","India","5412","Yield","0142","Groundnuts, excluding shelled","2001","2001","kg/ha","1127.9","A","Official value",""
"QCL","Crops and livestock products","356","India","5412","Yield","0142","Groundnuts, excluding shelled","2002","2002","kg/ha","743.9","A","Official value",""
"QCL","Crops and livestock products","356","India","5412","Yield","0142","Groundnuts, excluding shelled","2003","2003","kg/ha","1345.9","A","Official value",""
"QCL","Crops and livestock products","356","India","5412","Yield","0142","Groundnuts, excluding shelled","2004","2004","kg/ha","992.7","A","Official value",""
"QCL","Crops and livestock products","356","India","5412","Yield","0142","Groundnuts, excluding shelled","2005","2005","kg/ha","1184.5","A","Official value",""
"QCL","Crops and livestock products","356","India","5412","Yield","0142","Groundnuts, excluding shelled","2006","2006","kg/ha","863.8","A","Official value",""
"QCL","Crops and livestock products","356","India","5412","Yield","0142","Groundnuts, excluding shelled","2007","2007","kg/ha","1453","A","Official value",""
"QCL","Crops and livestock products","356","India","5412","Yield","0142","Groundnuts, excluding shelled","2008","2008","kg/ha","1187","A","Official value",""
"QCL","Crops and livestock products","356","India","5412","Yield","0142","Groundnuts, excluding shelled","2009","2009","kg/ha","983.3","A","Official value",""
"QCL","Crops and livestock products","356","India","5412","Yield","0142","Groundnuts, excluding shelled","2010","2010","kg/ha","1407.8","A","Official value",""
"QCL","Crops and livestock products","356","India","5412","Yield","0142","Groundnuts, excluding shelled","2011","2011","kg/ha","1299.2","A","Official value",""
"QCL","Crops and livestock products","356","India","5412","Yield","0142","Groundnuts, excluding shelled","2012","2012","kg/ha","1030","A","Official value",""
"QCL","Crops and livestock products","356","India","5412","Yield","0142","Groundnuts, excluding shelled","2013","2013","kg/ha","1759.8","A","Official value",""
"QCL","Crops and livestock products","356","India","5412","Yield","0142","Groundnuts, excluding shelled","2014","2014","kg/ha","1556.7","A","Official value",""
"QCL","Crops and livestock products","356","India","5412","Yield","0142","Groundnuts, excluding shelled","2015","2015","kg/ha","1489","A","Official value",""
"QCL","Crops and livestock products","356","India","5412","Yield","0142","Groundnuts, excluding shelled","2016","2016","kg/ha","1389.1","A","Official value",""
"QCL","Crops and livestock products","356","India","5412","Yield","0142","Groundnuts, excluding shelled","2017","2017","kg/ha","1838","A","Official value",""
"QCL","Crops and livestock products","356","India","5412","Yield","0142","Groundnuts, excluding shelled","2018","2018","kg/ha","1444.2","A","Official value",""
"QCL","Crops and livestock products","356","India","5412","Yield","0142","Groundnuts, excluding shelled","2019","2019","kg/ha","2044.2","A","Official value",""
"QCL","Crops and livestock products","356","India","5412","Yield","0142","Groundnuts, excluding shelled","2020","2020","kg/ha","1729.1","A","Official value",""
"QCL","Crops and livestock products","356","India","5412","Yield","0142","Groundnuts, excluding shelled","2021","2021","kg/ha","1763.3","A","Official value",""
"QCL","Crops and livestock products","356","India","5412","Yield","0142","Groundnuts, excluding shelled","2022","2022","kg/ha","2030.3","A","Official value",""
"QCL","Crops and livestock products","356","India","5412","Yield","0142","Groundnuts, excluding shelled","2023","2023","kg/ha","2192.1","A","Official value",""
"QCL","Crops and livestock products","356","India","5412","Yield","0142","Groundnuts, excluding shelled","2024","2024","kg/ha","2111.9","A","Official value",""
"QCL","Crops and livestock products","356","India","5413","Yield","0231","Hen eggs in shell, fresh","1961","1961","No/An","103","E","Estimated value",""
"QCL","Crops and livestock products","356","India","5424","Yield/Carcass Weight","0231","Hen eggs in shell, fresh","1961","1961","g/An","4857","E","Estimated value",""
"QCL","Crops and livestock products","356","India","5413","Yield","0231","Hen eggs in shell, fresh","1962","1962","No/An","103","E","Estimated value",""
"QCL","Crops and livestock products","356","India","5424","Yield/Carcass Weight","0231","Hen eggs in shell, fresh","1962","1962","g/An","4933","E","Estimated value",""
"QCL","Crops and livestock products","356","India","5413","Yield","0231","Hen eggs in shell, fresh","1963","1963","No/An","105","E","Estimated value",""
"QCL","Crops and livestock products","356","India","5424","Yield/Carcass Weight","0231","Hen eggs in shell, fresh","1963","1963","g/An","4921","E","Estimated value",""
"QCL","Crops and livestock products","356","India","5413","Yield","0231","Hen eggs in shell, fresh","1964","1964","No/An","107","E","Estimated value",""
"QCL","Crops and livestock products","356","India","5424","Yield/Carcass Weight","0231","Hen eggs in shell, fresh","1964","1964","g/An","5054","E","Estimated value",""
"QCL","Crops and livestock products","356","India","5413","Yield","0231","Hen eggs in shell, fresh","1965","1965","No/An","115","E","Estimated value",""
"QCL","Crops and livestock products","356","India","5424","Yield/Carcass Weight","0231","Hen eggs in shell, fresh","1965","1965","g/An","5520","E","Estimated value",""
"QCL","Crops and livestock products","356","India","5413","Yield","0231","Hen eggs in shell, fresh","1966","1966","No/An","115","E","Estimated value",""
"QCL","Crops and livestock products","356","India","5424","Yield/Carcass Weight","0231","Hen eggs in shell, fresh","1966","1966","g/An","5538","E","Estimated value",""
"QCL","Crops and livestock products","356","India","5413","Yield","0231","Hen eggs in shell, fresh","1967","1967","No/An","114","E","Estimated value",""
"QCL","Crops and livestock products","356","India","5424","Yield/Carcass Weight","0231","Hen eggs in shell, fresh","1967","1967","g/An","5455","E","Estimated value",""
"QCL","Crops and livestock products","356","India","5413","Yield","0231","Hen eggs in shell, fresh","1968","1968","No/An","114","E","Estimated value",""
"QCL","Crops and livestock products","356","India","5424","Yield/Carcass Weight","0231","Hen eggs in shell, fresh","1968","1968","g/An","5484","E","Estimated value",""
"QCL","Crops and livestock products","356","India","5413","Yield","0231","Hen eggs in shell, fresh","1969","1969","No/An","117","E","Estimated value",""
"QCL","Crops and livestock products","356","India","5424","Yield/Carcass Weight","0231","Hen eggs in shell, fresh","1969","1969","g/An","5708","E","Estimated value",""
"QCL","Crops and livestock products","356","India","5413","Yield","0231","Hen eggs in shell, fresh","1970","1970","No/An","115","E","Estimated value",""
"QCL","Crops and livestock products","356","India","5424","Yield/Carcass Weight","0231","Hen eggs in shell, fresh","1970","1970","g/An","5743","E","Estimated value",""
"QCL","Crops and livestock products","356","India","5413","Yield","0231","Hen eggs in shell, fresh","1971","1971","No/An","114","E","Estimated value",""
"QCL","Crops and livestock products","356","India","5424","Yield/Carcass Weight","0231","Hen eggs in shell, fresh","1971","1971","g/An","5811","X","Value from external organization",""
"QCL","Crops and livestock products","356","India","5413","Yield","0231","Hen eggs in shell, fresh","1972","1972","No/An","111","E","Estimated value",""
"QCL","Crops and livestock products","356","India","5424","Yield/Carcass Weight","0231","Hen eggs in shell, fresh","1972","1972","g/An","5752","E","Estimated value",""
"QCL","Crops and livestock products","356","India","5413","Yield","0231","Hen eggs in shell, fresh","1973","1973","No/An","110","E","Estimated value",""
"QCL","Crops and livestock products","356","India","5424","Yield/Carcass Weight","0231","Hen eggs in shell, fresh","1973","1973","g/An","5714","E","Estimated value",""
"QCL","Crops and livestock products","356","India","5413","Yield","0231","Hen eggs in shell, fresh","1974","1974","No/An","109","X","Value from external organization",""
"QCL","Crops and livestock products","356","India","5424","Yield/Carcass Weight","0231","Hen eggs in shell, fresh","1974","1974","g/An","5775","X","Value from external organization",""
"QCL","Crops and livestock products","356","India","5413","Yield","0231","Hen eggs in shell, fresh","1975","1975","No/An","106","E","Estimated value",""
"QCL","Crops and livestock products","356","India","5424","Yield/Carcass Weight","0231","Hen eggs in shell, fresh","1975","1975","g/An","5750","E","Estimated value",""
"QCL","Crops and livestock products","356","India","5413","Yield","0231","Hen eggs in shell, fresh","1976","1976","No/An","107","E","Estimated value",""
"QCL","Crops and livestock products","356","India","5424","Yield/Carcass Weight","0231","Hen eggs in shell, fresh","1976","1976","g/An","5779","E","Estimated value",""
"QCL","Crops and livestock products","356","India","5413","Yield","0231","Hen eggs in shell, fresh","1977","1977","No/An","123","X","Value from external organization",""
"QCL","Crops and livestock products","356","India","5424","Yield/Carcass Weight","0231","Hen eggs in shell, fresh","1977","1977","g/An","6625","E","Estimated value",""
"QCL","Crops and livestock products","356","India","5413","Yield","0231","Hen eggs in shell, fresh","1978","1978","No/An","128","E","Estimated value",""
"QCL","Crops and livestock products","356","India","5424","Yield/Carcass Weight","0231","Hen eggs in shell, fresh","1978","1978","g/An","7013","E","Estimated value",""
"QCL","Crops and livestock products","356","India","5413","Yield","0231","Hen eggs in shell, fresh","1979","1979","No/An","132","E","Estimated value",""
"QCL","Crops and livestock products","356","India","5424","Yield/Carcass Weight","0231","Hen eggs in shell, fresh","1979","1979","g/An","7278","E","Estimated value",""
"QCL","Crops and livestock products","356","India","5413","Yield","0231","Hen eggs in shell, fresh","1980","1980","No/An","141","E","Estimated value",""
"QCL","Crops and livestock products","356","India","5424","Yield/Carcass Weight","0231","Hen eggs in shell, fresh","1980","1980","g/An","7773","E","Estimated value",""
"QCL","Crops and livestock products","356","India","5413","Yield","0231","Hen eggs in shell, fresh","1981","1981","No/An","151","E","Estimated value",""
"QCL","Crops and livestock products","356","India","5424","Yield/Carcass Weight","0231","Hen eggs in shell, fresh","1981","1981","g/An","8306","E","Estimated value",""
"QCL","Crops and livestock products","356","India","5413","Yield","0231","Hen eggs in shell, fresh","1982","1982","No/An","159","E","Estimated value",""
"QCL","Crops and livestock products","356","India","5424","Yield/Carcass Weight","0231","Hen eggs in shell, fresh","1982","1982","g/An","8750","E","Estimated value",""
"QCL","Crops and livestock products","356","India","5413","Yield","0231","Hen eggs in shell, fresh","1983","1983","No/An","164","E","Estimated value",""
"QCL","Crops and livestock products","356","India","5424","Yield/Carcass Weight","0231","Hen eggs in shell, fresh","1983","1983","g/An","9026","E","Estimated value",""
"QCL","Crops and livestock products","356","India","5413","Yield","0231","Hen eggs in shell, fresh","1984","1984","No/An","168","E","Estimated value",""
"QCL","Crops and livestock products","356","India","5424","Yield/Carcass Weight","0231","Hen eggs in shell, fresh","1984","1984","g/An","9259","E","Estimated value",""
"QCL","Crops and livestock products","356","India","5413","Yield","0231","Hen eggs in shell, fresh","1985","1985","No/An","194","E","Estimated value",""
"QCL","Crops and livestock products","356","India","5424","Yield/Carcass Weight","0231","Hen eggs in shell, fresh","1985","1985","g/An","10687","E","Estimated value",""
"QCL","Crops and livestock products","356","India","5413","Yield","0231","Hen eggs in shell, fresh","1986","1986","No/An","199","E","Estimated value",""
"QCL","Crops and livestock products","356","India","5424","Yield/Carcass Weight","0231","Hen eggs in shell, fresh","1986","1986","g/An","10943","E","Estimated value",""
"QCL","Crops and livestock products","356","India","5413","Yield","0231","Hen eggs in shell, fresh","1987","1987","No/An","193","E","Estimated value",""
"QCL","Crops and livestock products","356","India","5424","Yield/Carcass Weight","0231","Hen eggs in shell, fresh","1987","1987","g/An","10641","E","Estimated value",""
"QCL","Crops and livestock products","356","India","5413","Yield","0231","Hen eggs in shell, fresh","1988","1988","No/An","198","E","Estimated value",""
"QCL","Crops and livestock products","356","India","5424","Yield/Carcass Weight","0231","Hen eggs in shell, fresh","1988","1988","g/An","10875","E","Estimated value",""
"QCL","Crops and livestock products","356","India","5413","Yield","0231","Hen eggs in shell, fresh","1989","1989","No/An","198","E","Estimated value",""
"QCL","Crops and livestock products","356","India","5424","Yield/Carcass Weight","0231","Hen eggs in shell, fresh","1989","1989","g/An","10892","E","Estimated value",""
"QCL","Crops and livestock products","356","India","5413","Yield","0231","Hen eggs in shell, fresh","1990","1990","No/An","183","E","Estimated value",""
"QCL","Crops and livestock products","356","India","5424","Yield/Carcass Weight","0231","Hen eggs in shell, fresh","1990","1990","g/An","10096","E","Estimated value",""
"QCL","Crops and livestock products","356","India","5413","Yield","0231","Hen eggs in shell, fresh","1991","1991","No/An","188","E","Estimated value",""
"QCL","Crops and livestock products","356","India","5424","Yield/Carcass Weight","0231","Hen eggs in shell, fresh","1991","1991","g/An","10342","E","Estimated value",""
"QCL","Crops and livestock products","356","India","5413","Yield","0231","Hen eggs in shell, fresh","1992","1992","No/An","208","E","Estimated value",""
"QCL","Crops and livestock products","356","India","5424","Yield/Carcass Weight","0231","Hen eggs in shell, fresh","1992","1992","g/An","11473","E","Estimated value",""
"QCL","Crops and livestock products","356","India","5413","Yield","0231","Hen eggs in shell, fresh","1993","1993","No/An","210","E","Estimated value",""
"QCL","Crops and livestock products","356","India","5424","Yield/Carcass Weight","0231","Hen eggs in shell, fresh","1993","1993","g/An","11557","E","Estimated value",""
"QCL","Crops and livestock products","356","India","5413","Yield","0231","Hen eggs in shell, fresh","1994","1994","No/An","207","A","Official value",""
"QCL","Crops and livestock products","356","India","5424","Yield/Carcass Weight","0231","Hen eggs in shell, fresh","1994","1994","g/An","11408","A","Official value",""
"QCL","Crops and livestock products","356","India","5413","Yield","0231","Hen eggs in shell, fresh","1995","1995","No/An","213","A","Official value",""
"QCL","Crops and livestock products","356","India","5424","Yield/Carcass Weight","0231","Hen eggs in shell, fresh","1995","1995","g/An","11702","A","Official value",""
"QCL","Crops and livestock products","356","India","5413","Yield","0231","Hen eggs in shell, fresh","1996","1996","No/An","211","A","Official value",""
"QCL","Crops and livestock products","356","India","5424","Yield/Carcass Weight","0231","Hen eggs in shell, fresh","1996","1996","g/An","11705","A","Official value",""
"QCL","Crops and livestock products","356","India","5413","Yield","0231","Hen eggs in shell, fresh","1997","1997","No/An","215","A","Official value",""
"QCL","Crops and livestock products","356","India","5424","Yield/Carcass Weight","0231","Hen eggs in shell, fresh","1997","1997","g/An","11943","A","Official value",""
"QCL","Crops and livestock products","356","India","5413","Yield","0231","Hen eggs in shell, fresh","1998","1998","No/An","212","E","Estimated value",""
"QCL","Crops and livestock products","356","India","5424","Yield/Carcass Weight","0231","Hen eggs in shell, fresh","1998","1998","g/An","11777","E","Estimated value",""
"QCL","Crops and livestock products","356","India","5413","Yield","0231","Hen eggs in shell, fresh","1999","1999","No/An","209","E","Estimated value",""
"QCL","Crops and livestock products","356","India","5424","Yield/Carcass Weight","0231","Hen eggs in shell, fresh","1999","1999","g/An","11582","E","Estimated value",""
"QCL","Crops and livestock products","356","India","5413","Yield","0231","Hen eggs in shell, fresh","2000","2000","No/An","211","E","Estimated value",""
"QCL","Crops and livestock products","356","India","5424","Yield/Carcass Weight","0231","Hen eggs in shell, fresh","2000","2000","g/An","11695","E","Estimated value",""
"QCL","Crops and livestock products","356","India","5413","Yield","0231","Hen eggs in shell, fresh","2001","2001","No/An","209","E","Estimated value",""
"QCL","Crops and livestock products","356","India","5424","Yield/Carcass Weight","0231","Hen eggs in shell, fresh","2001","2001","g/An","11627","E","Estimated value",""
"QCL","Crops and livestock products","356","India","5413","Yield","0231","Hen eggs in shell, fresh","2002","2002","No/An","208","E","Estimated value",""
"QCL","Crops and livestock products","356","India","5424","Yield/Carcass Weight","0231","Hen eggs in shell, fresh","2002","2002","g/An","11581","E","Estimated value",""
"QCL","Crops and livestock products","356","India","5413","Yield","0231","Hen eggs in shell, fresh","2003","2003","No/An","202","E","Estimated value",""
"QCL","Crops and livestock products","356","India","5424","Yield/Carcass Weight","0231","Hen eggs in shell, fresh","2003","2003","g/An","11220","E","Estimated value",""
"QCL","Crops and livestock products","356","India","5413","Yield","0231","Hen eggs in shell, fresh","2004","2004","No/An","213","E","Estimated value",""
"QCL","Crops and livestock products","356","India","5424","Yield/Carcass Weight","0231","Hen eggs in shell, fresh","2004","2004","g/An","11844","E","Estimated value",""
"QCL","Crops and livestock products","356","India","5413","Yield","0231","Hen eggs in shell, fresh","2005","2005","No/An","215","E","Estimated value",""
"QCL","Crops and livestock products","356","India","5424","Yield/Carcass Weight","0231","Hen eggs in shell, fresh","2005","2005","g/An","11944","E","Estimated value",""
"QCL","Crops and livestock products","356","India","5413","Yield","0231","Hen eggs in shell, fresh","2006","2006","No/An","220","E","Estimated value",""
"QCL","Crops and livestock products","356","India","5424","Yield/Carcass Weight","0231","Hen eggs in shell, fresh","2006","2006","g/An","12235","E","Estimated value",""
"QCL","Crops and livestock products","356","India","5413","Yield","0231","Hen eggs in shell, fresh","2007","2007","No/An","216","E","Estimated value",""
"QCL","Crops and livestock products","356","India","5424","Yield/Carcass Weight","0231","Hen eggs in shell, fresh","2007","2007","g/An","11883","E","Estimated value",""
"QCL","Crops and livestock products","356","India","5413","Yield","0231","Hen eggs in shell, fresh","2008","2008","No/An","215","A","Official value",""
"QCL","Crops and livestock products","356","India","5424","Yield/Carcass Weight","0231","Hen eggs in shell, fresh","2008","2008","g/An","11805","A","Official value",""
"QCL","Crops and livestock products","356","India","5413","Yield","0231","Hen eggs in shell, fresh","2009","2009","No/An","211","A","Official value",""
"QCL","Crops and livestock products","356","India","5424","Yield/Carcass Weight","0231","Hen eggs in shell, fresh","2009","2009","g/An","11620","A","Official value",""
"QCL","Crops and livestock products","356","India","5413","Yield","0231","Hen eggs in shell, fresh","2010","2010","No/An","202","A","Official value",""
"QCL","Crops and livestock products","356","India","5424","Yield/Carcass Weight","0231","Hen eggs in shell, fresh","2010","2010","g/An","11125","A","Official value",""
"QCL","Crops and livestock products","356","India","5413","Yield","0231","Hen eggs in shell, fresh","2011","2011","No/An","205","A","Official value",""
"QCL","Crops and livestock products","356","India","5424","Yield/Carcass Weight","0231","Hen eggs in shell, fresh","2011","2011","g/An","11264","A","Official value",""
"QCL","Crops and livestock products","356","India","5413","Yield","0231","Hen eggs in shell, fresh","2012","2012","No/An","206","A","Official value",""
"QCL","Crops and livestock products","356","India","5424","Yield/Carcass Weight","0231","Hen eggs in shell, fresh","2012","2012","g/An","11350","A","Official value",""
"QCL","Crops and livestock products","356","India","5413","Yield","0231","Hen eggs in shell, fresh","2013","2013","No/An","215","A","Official value",""
"QCL","Crops and livestock products","356","India","5424","Yield/Carcass Weight","0231","Hen eggs in shell, fresh","2013","2013","g/An","11809","A","Official value",""
"QCL","Crops and livestock products","356","India","5413","Yield","0231","Hen eggs in shell, fresh","2014","2014","No/An","230","A","Official value",""
"QCL","Crops and livestock products","356","India","5424","Yield/Carcass Weight","0231","Hen eggs in shell, fresh","2014","2014","g/An","12665","A","Official value",""
"QCL","Crops and livestock products","356","India","5413","Yield","0231","Hen eggs in shell, fresh","2015","2015","No/An","208","A","Official value",""
"QCL","Crops and livestock products","356","India","5424","Yield/Carcass Weight","0231","Hen eggs in shell, fresh","2015","2015","g/An","11418","A","Official value",""
"QCL","Crops and livestock products","356","India","5413","Yield","0231","Hen eggs in shell, fresh","2016","2016","No/An","217","A","Official value",""
"QCL","Crops and livestock products","356","India","5424","Yield/Carcass Weight","0231","Hen eggs in shell, fresh","2016","2016","g/An","11919","A","Official value",""
"QCL","Crops and livestock products","356","India","5413","Yield","0231","Hen eggs in shell, fresh","2017","2017","No/An","239","A","Official value",""
"QCL","Crops and livestock products","356","India","5424","Yield/Carcass Weight","0231","Hen eggs in shell, fresh","2017","2017","g/An","12178","E","Estimated value",""
"QCL","Crops and livestock products","356","India","5413","Yield","0231","Hen eggs in shell, fresh","2018","2018","No/An","234","A","Official value",""
"QCL","Crops and livestock products","356","India","5424","Yield/Carcass Weight","0231","Hen eggs in shell, fresh","2018","2018","g/An","11860","E","Estimated value",""
"QCL","Crops and livestock products","356","India","5413","Yield","0231","Hen eggs in shell, fresh","2019","2019","No/An","218","E","Estimated value",""
"QCL","Crops and livestock products","356","India","5424","Yield/Carcass Weight","0231","Hen eggs in shell, fresh","2019","2019","g/An","11985","E","Estimated value",""
"QCL","Crops and livestock products","356","India","5413","Yield","0231","Hen eggs in shell, fresh","2020","2020","No/An","218","E","Estimated value",""
"QCL","Crops and livestock products","356","India","5424","Yield/Carcass Weight","0231","Hen eggs in shell, fresh","2020","2020","g/An","12008","E","Estimated value",""
"QCL","Crops and livestock products","356","India","5413","Yield","0231","Hen eggs in shell, fresh","2021","2021","No/An","218","E","Estimated value",""
"QCL","Crops and livestock products","356","India","5424","Yield/Carcass Weight","0231","Hen eggs in shell, fresh","2021","2021","g/An","11982","E","Estimated value",""
"QCL","Crops and livestock products","356","India","5413","Yield","0231","Hen eggs in shell, fresh","2022","2022","No/An","219","E","Estimated value",""
"QCL","Crops and livestock products","356","India","5424","Yield/Carcass Weight","0231","Hen eggs in shell, fresh","2022","2022","g/An","12065","E","Estimated value",""
"QCL","Crops and livestock products","356","India","5413","Yield","0231","Hen eggs in shell, fresh","2023","2023","No/An","219","E","Estimated value",""
"QCL","Crops and livestock products","356","India","5424","Yield/Carcass Weight","0231","Hen eggs in shell, fresh","2023","2023","g/An","12018","E","Estimated value",""
"QCL","Crops and livestock products","356","India","5413","Yield","0231","Hen eggs in shell, fresh","2024","2024","No/An","218","E","Estimated value",""
"QCL","Crops and livestock products","356","India","5424","Yield/Carcass Weight","0231","Hen eggs in shell, fresh","2024","2024","g/An","12003","E","Estimated value",""
"QCL","Crops and livestock products","356","India","5412","Yield","01922.01","Jute, raw or retted","1961","1961","kg/ha","1248","A","Official value",""
"QCL","Crops and livestock products","356","India","5412","Yield","01922.01","Jute, raw or retted","1962","1962","kg/ha","1156.6","A","Official value",""
"QCL","Crops and livestock products","356","India","5412","Yield","01922.01","Jute, raw or retted","1963","1963","kg/ha","1259.2","A","Official value",""
"QCL","Crops and livestock products","356","India","5412","Yield","01922.01","Jute, raw or retted","1964","1964","kg/ha","1291.5","A","Official value",""
"QCL","Crops and livestock products","356","India","5412","Yield","01922.01","Jute, raw or retted","1965","1965","kg/ha","1062.2","A","Official value",""
"QCL","Crops and livestock products","356","India","5412","Yield","01922.01","Jute, raw or retted","1966","1966","kg/ha","1210.4","A","Official value",""
"QCL","Crops and livestock products","356","India","5412","Yield","01922.01","Jute, raw or retted","1967","1967","kg/ha","1292.6","A","Official value",""
"QCL","Crops and livestock products","356","India","5412","Yield","01922.01","Jute, raw or retted","1968","1968","kg/ha","1001.7","A","Official value",""
"QCL","Crops and livestock products","356","India","5412","Yield","01922.01","Jute, raw or retted","1969","1969","kg/ha","1326","A","Official value",""
"QCL","Crops and livestock products","356","India","5412","Yield","01922.01","Jute, raw or retted","1970","1970","kg/ha","1186.2","A","Official value",""
"QCL","Crops and livestock products","356","India","5412","Yield","01922.01","Jute, raw or retted","1971","1971","kg/ha","1255","A","Official value",""
"QCL","Crops and livestock products","356","India","5412","Yield","01922.01","Jute, raw or retted","1972","1972","kg/ha","1279.8","A","Official value",""
"QCL","Crops and livestock products","356","India","5412","Yield","01922.01","Jute, raw or retted","1973","1973","kg/ha","1412.3","A","Official value",""
"QCL","Crops and livestock products","356","India","5412","Yield","01922.01","Jute, raw or retted","1974","1974","kg/ha","1211.3","A","Official value",""
"QCL","Crops and livestock products","356","India","5412","Yield","01922.01","Jute, raw or retted","1975","1975","kg/ha","1367.2","A","Official value",""
"QCL","Crops and livestock products","356","India","5412","Yield","01922.01","Jute, raw or retted","1976","1976","kg/ha","1306.8","A","Official value",""
"QCL","Crops and livestock products","356","India","5412","Yield","01922.01","Jute, raw or retted","1977","1977","kg/ha","1210.2","A","Official value",""
"QCL","Crops and livestock products","356","India","5412","Yield","01922.01","Jute, raw or retted","1978","1978","kg/ha","1316.9","A","Official value",""
"QCL","Crops and livestock products","356","India","5412","Yield","01922.01","Jute, raw or retted","1979","1979","kg/ha","1309.9","A","Official value",""
"QCL","Crops and livestock products","356","India","5412","Yield","01922.01","Jute, raw or retted","1980","1980","kg/ha","1245.2","A","Official value",""
"QCL","Crops and livestock products","356","India","5412","Yield","01922.01","Jute, raw or retted","1981","1981","kg/ha","1479.7","A","Official value",""
"QCL","Crops and livestock products","356","India","5412","Yield","01922.01","Jute, raw or retted","1982","1982","kg/ha","1457.6","A","Official value",""
"QCL","Crops and livestock products","356","India","5412","Yield","01922.01","Jute, raw or retted","1983","1983","kg/ha","1498.4","A","Official value",""
"QCL","Crops and livestock products","356","India","5412","Yield","01922.01","Jute, raw or retted","1984","1984","kg/ha","1411.3","A","Official value",""
"QCL","Crops and livestock products","356","India","5412","Yield","01922.01","Jute, raw or retted","1985","1985","kg/ha","1710.2","A","Official value",""
"QCL","Crops and livestock products","356","India","5412","Yield","01922.01","Jute, raw or retted","1986","1986","kg/ha","1648.8","A","Official value",""
"QCL","Crops and livestock products","356","India","5412","Yield","01922.01","Jute, raw or retted","1987","1987","kg/ha","1495.6","A","Official value",""
"QCL","Crops and livestock products","356","India","5412","Yield","01922.01","Jute, raw or retted","1988","1988","kg/ha","1748.2","A","Official value",""
"QCL","Crops and livestock products","356","India","5412","Yield","01922.01","Jute, raw or retted","1989","1989","kg/ha","1879.1","A","Official value",""
"QCL","Crops and livestock products","356","India","5412","Yield","01922.01","Jute, raw or retted","1990","1990","kg/ha","1832.6","A","Official value",""
"QCL","Crops and livestock products","356","India","5412","Yield","01922.01","Jute, raw or retted","1991","1991","kg/ha","1837.4","A","Official value",""
"QCL","Crops and livestock products","356","India","5412","Yield","01922.01","Jute, raw or retted","1992","1992","kg/ha","1857","A","Official value",""
"QCL","Crops and livestock products","356","India","5412","Yield","01922.01","Jute, raw or retted","1993","1993","kg/ha","1907","A","Official value",""
"QCL","Crops and livestock products","356","India","5412","Yield","01922.01","Jute, raw or retted","1994","1994","kg/ha","1948.7","A","Official value",""
"QCL","Crops and livestock products","356","India","5412","Yield","01922.01","Jute, raw or retted","1995","1995","kg/ha","1874.5","A","Official value",""
"QCL","Crops and livestock products","356","India","5412","Yield","01922.01","Jute, raw or retted","1996","1996","kg/ha","1998.9","A","Official value",""
"QCL","Crops and livestock products","356","India","5412","Yield","01922.01","Jute, raw or retted","1997","1997","kg/ha","1979","A","Official value",""
"QCL","Crops and livestock products","356","India","5412","Yield","01922.01","Jute, raw or retted","1998","1998","kg/ha","1875","A","Official value",""
"QCL","Crops and livestock products","356","India","5412","Yield","01922.01","Jute, raw or retted","1999","1999","kg/ha","2002.2","A","Official value",""
"QCL","Crops and livestock products","356","India","5412","Yield","01922.01","Jute, raw or retted","2000","2000","kg/ha","2025.7","A","Official value",""
"QCL","Crops and livestock products","356","India","5412","Yield","01922.01","Jute, raw or retted","2001","2001","kg/ha","2182","A","Official value",""
"QCL","Crops and livestock products","356","India","5412","Yield","01922.01","Jute, raw or retted","2002","2002","kg/ha","2144.4","A","Official value",""
"QCL","Crops and livestock products","356","India","5412","Yield","01922.01","Jute, raw or retted","2003","2003","kg/ha","2173.1","A","Official value",""
"QCL","Crops and livestock products","356","India","5412","Yield","01922.01","Jute, raw or retted","2004","2004","kg/ha","2186.3","A","Official value",""
"QCL","Crops and livestock products","356","India","5412","Yield","01922.01","Jute, raw or retted","2005","2005","kg/ha","2362.5","A","Official value",""
"QCL","Crops and livestock products","356","India","5412","Yield","01922.01","Jute, raw or retted","2006","2006","kg/ha","2347.7","A","Official value",""
"QCL","Crops and livestock products","356","India","5412","Yield","01922.01","Jute, raw or retted","2007","2007","kg/ha","2254.9","A","Official value",""
"QCL","Crops and livestock products","356","India","5412","Yield","01922.01","Jute, raw or retted","2008","2008","kg/ha","2207.2","A","Official value",""
"QCL","Crops and livestock products","356","India","5412","Yield","01922.01","Jute, raw or retted","2009","2009","kg/ha","2492","A","Official value",""
"QCL","Crops and livestock products","356","India","5412","Yield","01922.01","Jute, raw or retted","2010","2010","kg/ha","2343.7","A","Official value",""
"QCL","Crops and livestock products","356","India","5412","Yield","01922.01","Jute, raw or retted","2011","2011","kg/ha","2450.5","A","Official value",""
"QCL","Crops and livestock products","356","India","5412","Yield","01922.01","Jute, raw or retted","2012","2012","kg/ha","2390","A","Official value",""
"QCL","Crops and livestock products","356","India","5412","Yield","01922.01","Jute, raw or retted","2013","2013","kg/ha","2430","A","Official value",""
"QCL","Crops and livestock products","356","India","5412","Yield","01922.01","Jute, raw or retted","2014","2014","kg/ha","2655.9","A","Official value",""
"QCL","Crops and livestock products","356","India","5412","Yield","01922.01","Jute, raw or retted","2015","2015","kg/ha","2314.6","A","Official value",""
"QCL","Crops and livestock products","356","India","5412","Yield","01922.01","Jute, raw or retted","2016","2016","kg/ha","2519.3","E","Estimated value",""
"QCL","Crops and livestock products","356","India","5412","Yield","01922.01","Jute, raw or retted","2017","2017","kg/ha","2659.5","A","Official value",""
"QCL","Crops and livestock products","356","India","5412","Yield","01922.01","Jute, raw or retted","2018","2018","kg/ha","2517.5","A","Official value",""
"QCL","Crops and livestock products","356","India","5412","Yield","01922.01","Jute, raw or retted","2019","2019","kg/ha","2569.5","A","Official value",""
"QCL","Crops and livestock products","356","India","5412","Yield","01922.01","Jute, raw or retted","2020","2020","kg/ha","2706.6","A","Official value",""
"QCL","Crops and livestock products","356","India","5412","Yield","01922.01","Jute, raw or retted","2021","2021","kg/ha","2591.5","A","Official value",""
"QCL","Crops and livestock products","356","India","5412","Yield","01922.01","Jute, raw or retted","2022","2022","kg/ha","2468.4","A","Official value",""
"QCL","Crops and livestock products","356","India","5412","Yield","01922.01","Jute, raw or retted","2023","2023","kg/ha","2628","A","Official value",""
"QCL","Crops and livestock products","356","India","5412","Yield","01922.01","Jute, raw or retted","2024","2024","kg/ha","2623","A","Official value",""
"QCL","Crops and livestock products","356","India","5412","Yield","01922.02","Kenaf, and other textile bast fibres, raw or retted","1961","1961","kg/ha","661.1","A","Official value",""
"QCL","Crops and livestock products","356","India","5412","Yield","01922.02","Kenaf, and other textile bast fibres, raw or retted","1962","1962","kg/ha","641.7","A","Official value",""
"QCL","Crops and livestock products","356","India","5412","Yield","01922.02","Kenaf, and other textile bast fibres, raw or retted","1963","1963","kg/ha","609.4","A","Official value",""
"QCL","Crops and livestock products","356","India","5412","Yield","01922.02","Kenaf, and other textile bast fibres, raw or retted","1964","1964","kg/ha","651.8","A","Official value",""
"QCL","Crops and livestock products","356","India","5412","Yield","01922.02","Kenaf, and other textile bast fibres, raw or retted","1965","1965","kg/ha","552.8","A","Official value",""
"QCL","Crops and livestock products","356","India","5412","Yield","01922.02","Kenaf, and other textile bast fibres, raw or retted","1966","1966","kg/ha","552.2","A","Official value",""
"QCL","Crops and livestock products","356","India","5412","Yield","01922.02","Kenaf, and other textile bast fibres, raw or retted","1967","1967","kg/ha","607.3","A","Official value",""
"QCL","Crops and livestock products","356","India","5412","Yield","01922.02","Kenaf, and other textile bast fibres, raw or retted","1968","1968","kg/ha","517.2","A","Official value",""
"QCL","Crops and livestock products","356","India","5412","Yield","01922.02","Kenaf, and other textile bast fibres, raw or retted","1969","1969","kg/ha","556","A","Official value",""
"QCL","Crops and livestock products","356","India","5412","Yield","01922.02","Kenaf, and other textile bast fibres, raw or retted","1970","1970","kg/ha","590.6","A","Official value",""
"QCL","Crops and livestock products","356","India","5412","Yield","01922.02","Kenaf, and other textile bast fibres, raw or retted","1971","1971","kg/ha","599.4","A","Official value",""
"QCL","Crops and livestock products","356","India","5412","Yield","01922.02","Kenaf, and other textile bast fibres, raw or retted","1972","1972","kg/ha","591.7","A","Official value",""
"QCL","Crops and livestock products","356","India","5412","Yield","01922.02","Kenaf, and other textile bast fibres, raw or retted","1973","1973","kg/ha","622.7","A","Official value",""
"QCL","Crops and livestock products","356","India","5412","Yield","01922.02","Kenaf, and other textile bast fibres, raw or retted","1974","1974","kg/ha","656.4","A","Official value",""
"QCL","Crops and livestock products","356","India","5412","Yield","01922.02","Kenaf, and other textile bast fibres, raw or retted","1975","1975","kg/ha","689.1","A","Official value",""
"QCL","Crops and livestock products","356","India","5412","Yield","01922.02","Kenaf, and other textile bast fibres, raw or retted","1976","1976","kg/ha","760.4","A","Official value",""
"QCL","Crops and livestock products","356","India","5412","Yield","01922.02","Kenaf, and other textile bast fibres, raw or retted","1977","1977","kg/ha","774.9","A","Official value",""
"QCL","Crops and livestock products","356","India","5412","Yield","01922.02","Kenaf, and other textile bast fibres, raw or retted","1978","1978","kg/ha","769.2","A","Official value",""
"QCL","Crops and livestock products","356","India","5412","Yield","01922.02","Kenaf, and other textile bast fibres, raw or retted","1979","1979","kg/ha","745.3","A","Official value",""
"QCL","Crops and livestock products","356","India","5412","Yield","01922.02","Kenaf, and other textile bast fibres, raw or retted","1980","1980","kg/ha","718.9","A","Official value",""
"QCL","Crops and livestock products","356","India","5412","Yield","01922.02","Kenaf, and other textile bast fibres, raw or retted","1981","1981","kg/ha","750.1","A","Official value",""
"QCL","Crops and livestock products","356","India","5412","Yield","01922.02","Kenaf, and other textile bast fibres, raw or retted","1982","1982","kg/ha","665","A","Official value",""
"QCL","Crops and livestock products","356","India","5412","Yield","01922.02","Kenaf, and other textile bast fibres, raw or retted","1983","1983","kg/ha","754.4","A","Official value",""
"QCL","Crops and livestock products","356","India","5412","Yield","01922.02","Kenaf, and other textile bast fibres, raw or retted","1984","1984","kg/ha","712.3","A","Official value",""
"QCL","Crops and livestock products","356","India","5412","Yield","01922.02","Kenaf, and other textile bast fibres, raw or retted","1985","1985","kg/ha","830.3","A","Official value",""
"QCL","Crops and livestock products","356","India","5412","Yield","01922.02","Kenaf, and other textile bast fibres, raw or retted","1986","1986","kg/ha","774.6","A","Official value",""
"QCL","Crops and livestock products","356","India","5412","Yield","01922.02","Kenaf, and other textile bast fibres, raw or retted","1987","1987","kg/ha","646.9","A","Official value",""
"QCL","Crops and livestock products","356","India","5412","Yield","01922.02","Kenaf, and other textile bast fibres, raw or retted","1988","1988","kg/ha","813.1","A","Official value",""
"QCL","Crops and livestock products","356","India","5412","Yield","01922.02","Kenaf, and other textile bast fibres, raw or retted","1989","1989","kg/ha","848.4","A","Official value",""
"QCL","Crops and livestock products","356","India","5412","Yield","01922.02","Kenaf, and other textile bast fibres, raw or retted","1990","1990","kg/ha","891.1","A","Official value",""
"QCL","Crops and livestock products","356","India","5412","Yield","01922.02","Kenaf, and other textile bast fibres, raw or retted","1991","1991","kg/ha","951.3","A","Official value",""
"QCL","Crops and livestock products","356","India","5412","Yield","01922.02","Kenaf, and other textile bast fibres, raw or retted","1992","1992","kg/ha","877.2","A","Official value",""
"QCL","Crops and livestock products","356","India","5412","Yield","01922.02","Kenaf, and other textile bast fibres, raw or retted","1993","1993","kg/ha","905.2","A","Official value",""
"QCL","Crops and livestock products","356","India","5412","Yield","01922.02","Kenaf, and other textile bast fibres, raw or retted","1994","1994","kg/ha","932","A","Official value",""
"QCL","Crops and livestock products","356","India","5412","Yield","01922.02","Kenaf, and other textile bast fibres, raw or retted","1995","1995","kg/ha","943.8","A","Official value",""
"QCL","Crops and livestock products","356","India","5412","Yield","01922.02","Kenaf, and other textile bast fibres, raw or retted","1996","1996","kg/ha","1392.1","A","Official value",""
"QCL","Crops and livestock products","356","India","5412","Yield","01922.02","Kenaf, and other textile bast fibres, raw or retted","1997","1997","kg/ha","1004.2","A","Official value",""
"QCL","Crops and livestock products","356","India","5412","Yield","01922.02","Kenaf, and other textile bast fibres, raw or retted","1998","1998","kg/ha","990.4","A","Official value",""
"QCL","Crops and livestock products","356","India","5412","Yield","01922.02","Kenaf, and other textile bast fibres, raw or retted","1999","1999","kg/ha","1077.8","A","Official value",""
"QCL","Crops and livestock products","356","India","5412","Yield","01922.02","Kenaf, and other textile bast fibres, raw or retted","2000","2000","kg/ha","1077.7","A","Official value",""
"QCL","Crops and livestock products","356","India","5412","Yield","01922.02","Kenaf, and other textile bast fibres, raw or retted","2001","2001","kg/ha","1175.9","A","Official value",""
"QCL","Crops and livestock products","356","India","5412","Yield","01922.02","Kenaf, and other textile bast fibres, raw or retted","2002","2002","kg/ha","1131.5","A","Official value",""
"QCL","Crops and livestock products","356","India","5412","Yield","01922.02","Kenaf, and other textile bast fibres, raw or retted","2003","2003","kg/ha","1055.7","A","Official value",""
"QCL","Crops and livestock products","356","India","5412","Yield","01922.02","Kenaf, and other textile bast fibres, raw or retted","2004","2004","kg/ha","1087.4","A","Official value",""
"QCL","Crops and livestock products","356","India","5412","Yield","01922.02","Kenaf, and other textile bast fibres, raw or retted","2005","2005","kg/ha","1108.2","A","Official value",""
"QCL","Crops and livestock products","356","India","5412","Yield","01922.02","Kenaf, and other textile bast fibres, raw or retted","2006","2006","kg/ha","1135.7","A","Official value",""
"QCL","Crops and livestock products","356","India","5412","Yield","01922.02","Kenaf, and other textile bast fibres, raw or retted","2007","2007","kg/ha","1195","A","Official value",""
"QCL","Crops and livestock products","356","India","5412","Yield","01922.02","Kenaf, and other textile bast fibres, raw or retted","2008","2008","kg/ha","1320","A","Official value",""
"QCL","Crops and livestock products","356","India","5412","Yield","01922.02","Kenaf, and other textile bast fibres, raw or retted","2009","2009","kg/ha","1096.5","A","Official value",""
"QCL","Crops and livestock products","356","India","5412","Yield","01922.02","Kenaf, and other textile bast fibres, raw or retted","2010","2010","kg/ha","1223","A","Official value",""
"QCL","Crops and livestock products","356","India","5412","Yield","01922.02","Kenaf, and other textile bast fibres, raw or retted","2011","2011","kg/ha","1271.4","A","Official value",""
"QCL","Crops and livestock products","356","India","5412","Yield","01922.02","Kenaf, and other textile bast fibres, raw or retted","2012","2012","kg/ha","1298.9","A","Official value",""
"QCL","Crops and livestock products","356","India","5412","Yield","01922.02","Kenaf, and other textile bast fibres, raw or retted","2013","2013","kg/ha","1080","A","Official value",""
"QCL","Crops and livestock products","356","India","5412","Yield","01922.02","Kenaf, and other textile bast fibres, raw or retted","2014","2014","kg/ha","1176.7","E","Estimated value",""
"QCL","Crops and livestock products","356","India","5412","Yield","01922.02","Kenaf, and other textile bast fibres, raw or retted","2015","2015","kg/ha","1216.1","E","Estimated value",""
"QCL","Crops and livestock products","356","India","5412","Yield","01922.02","Kenaf, and other textile bast fibres, raw or retted","2016","2016","kg/ha","1152.7","E","Estimated value",""
"QCL","Crops and livestock products","356","India","5412","Yield","01922.02","Kenaf, and other textile bast fibres, raw or retted","2017","2017","kg/ha","1180.7","E","Estimated value",""
"QCL","Crops and livestock products","356","India","5412","Yield","01922.02","Kenaf, and other textile bast fibres, raw or retted","2018","2018","kg/ha","1182.1","E","Estimated value",""
"QCL","Crops and livestock products","356","India","5412","Yield","01922.02","Kenaf, and other textile bast fibres, raw or retted","2019","2019","kg/ha","1171.5","E","Estimated value",""
"QCL","Crops and livestock products","356","India","5412","Yield","01922.02","Kenaf, and other textile bast fibres, raw or retted","2020","2020","kg/ha","1178.1","E","Estimated value",""
"QCL","Crops and livestock products","356","India","5412","Yield","01922.02","Kenaf, and other textile bast fibres, raw or retted","2021","2021","kg/ha","1177.2","E","Estimated value",""
"QCL","Crops and livestock products","356","India","5412","Yield","01922.02","Kenaf, and other textile bast fibres, raw or retted","2022","2022","kg/ha","1175.6","E","Estimated value",""
"QCL","Crops and livestock products","356","India","5412","Yield","01922.02","Kenaf, and other textile bast fibres, raw or retted","2023","2023","kg/ha","1176.9","E","Estimated value",""
"QCL","Crops and livestock products","356","India","5412","Yield","01922.02","Kenaf, and other textile bast fibres, raw or retted","2024","2024","kg/ha","1176.6","E","Estimated value",""
"QCL","Crops and livestock products","356","India","5412","Yield","01352","Kiwi fruit","2011","2011","kg/ha","2000","E","Estimated value",""
"QCL","Crops and livestock products","356","India","5412","Yield","01352","Kiwi fruit","2012","2012","kg/ha","2000","A","Official value",""
"QCL","Crops and livestock products","356","India","5412","Yield","01352","Kiwi fruit","2013","2013","kg/ha","1750","A","Official value",""
"QCL","Crops and livestock products","356","India","5412","Yield","01352","Kiwi fruit","2014","2014","kg/ha","1600","A","Official value",""
"QCL","Crops and livestock products","356","India","5412","Yield","01352","Kiwi fruit","2015","2015","kg/ha","1600","A","Official value",""
"QCL","Crops and livestock products","356","India","5412","Yield","01352","Kiwi fruit","2016","2016","kg/ha","2505.6","A","Official value",""
"QCL","Crops and livestock products","356","India","5412","Yield","01352","Kiwi fruit","2017","2017","kg/ha","2862.5","A","Official value",""
"QCL","Crops and livestock products","356","India","5412","Yield","01352","Kiwi fruit","2018","2018","kg/ha","2785.1","A","Official value",""
"QCL","Crops and livestock products","356","India","5412","Yield","01352","Kiwi fruit","2019","2019","kg/ha","2774.9","A","Official value",""
"QCL","Crops and livestock products","356","India","5412","Yield","01352","Kiwi fruit","2020","2020","kg/ha","2966.5","A","Official value",""
"QCL","Crops and livestock products","356","India","5412","Yield","01352","Kiwi fruit","2021","2021","kg/ha","3271.6","A","Official value",""
"QCL","Crops and livestock products","356","India","5412","Yield","01352","Kiwi fruit","2022","2022","kg/ha","3109.5","A","Official value",""
"QCL","Crops and livestock products","356","India","5412","Yield","01352","Kiwi fruit","2023","2023","kg/ha","3310.2","A","Official value",""
"QCL","Crops and livestock products","356","India","5412","Yield","01352","Kiwi fruit","2024","2024","kg/ha","3991.3","A","Official value",""
"QCL","Crops and livestock products","356","India","5412","Yield","01322","Lemons and limes","1961","1961","kg/ha","11527.8","E","Estimated value",""
"QCL","Crops and livestock products","356","India","5412","Yield","01322","Lemons and limes","1962","1962","kg/ha","9574.5","E","Estimated value",""
"QCL","Crops and livestock products","356","India","5412","Yield","01322","Lemons and limes","1963","1963","kg/ha","9574.5","E","Estimated value",""
"QCL","Crops and livestock products","356","India","5412","Yield","01322","Lemons and limes","1964","1964","kg/ha","9375","E","Estimated value",""
"QCL","Crops and livestock products","356","India","5412","Yield","01322","Lemons and limes","1965","1965","kg/ha","9000","E","Estimated value",""
"QCL","Crops and livestock products","356","India","5412","Yield","01322","Lemons and limes","1966","1966","kg/ha","9000","E","Estimated value",""
"QCL","Crops and livestock products","356","India","5412","Yield","01322","Lemons and limes","1967","1967","kg/ha","8653.8","E","Estimated value",""
"QCL","Crops and livestock products","356","India","5412","Yield","01322","Lemons and limes","1968","1968","kg/ha","8222.2","E","Estimated value",""
"QCL","Crops and livestock products","356","India","5412","Yield","01322","Lemons and limes","1969","1969","kg/ha","8888.9","E","Estimated value",""
"QCL","Crops and livestock products","356","India","5412","Yield","01322","Lemons and limes","1970","1970","kg/ha","9000","E","Estimated value",""
"QCL","Crops and livestock products","356","India","5412","Yield","01322","Lemons and limes","1971","1971","kg/ha","9000","E","Estimated value",""
"QCL","Crops and livestock products","356","India","5412","Yield","01322","Lemons and limes","1972","1972","kg/ha","9000","E","Estimated value",""
"QCL","Crops and livestock products","356","India","5412","Yield","01322","Lemons and limes","1973","1973","kg/ha","9000","E","Estimated value",""
"QCL","Crops and livestock products","356","India","5412","Yield","01322","Lemons and limes","1974","1974","kg/ha","9000","E","Estimated value",""
"QCL","Crops and livestock products","356","India","5412","Yield","01322","Lemons and limes","1975","1975","kg/ha","9615.4","E","Estimated value",""
"QCL","Crops and livestock products","356","India","5412","Yield","01322","Lemons and limes","1976","1976","kg/ha","11320.8","E","Estimated value",""
"QCL","Crops and livestock products","356","India","5412","Yield","01322","Lemons and limes","1977","1977","kg/ha","8888.9","E","Estimated value",""
"QCL","Crops and livestock products","356","India","5412","Yield","01322","Lemons and limes","1978","1978","kg/ha","10000","E","Estimated value",""
"QCL","Crops and livestock products","356","India","5412","Yield","01322","Lemons and limes","1979","1979","kg/ha","9600","E","Estimated value",""
"QCL","Crops and livestock products","356","India","5412","Yield","01322","Lemons and limes","1980","1980","kg/ha","9700","E","Estimated value",""
"QCL","Crops and livestock products","356","India","5412","Yield","01322","Lemons and limes","1981","1981","kg/ha","9615.4","E","Estimated value",""
"QCL","Crops and livestock products","356","India","5412","Yield","01322","Lemons and limes","1982","1982","kg/ha","9434","E","Estimated value",""
"QCL","Crops and livestock products","356","India","5412","Yield","01322","Lemons and limes","1983","1983","kg/ha","10000","E","Estimated value",""
"QCL","Crops and livestock products","356","India","5412","Yield","01322","Lemons and limes","1984","1984","kg/ha","10377.4","E","Estimated value",""
"QCL","Crops and livestock products","356","India","5412","Yield","01322","Lemons and limes","1985","1985","kg/ha","9000","E","Estimated value",""
"QCL","Crops and livestock products","356","India","5412","Yield","01322","Lemons and limes","1986","1986","kg/ha","10909.1","X","Value from external organization",""
"QCL","Crops and livestock products","356","India","5412","Yield","01322","Lemons and limes","1987","1987","kg/ha","10714.3","X","Value from external organization",""
"QCL","Crops and livestock products","356","India","5412","Yield","01322","Lemons and limes","1988","1988","kg/ha","10169.5","X","Value from external organization",""
"QCL","Crops and livestock products","356","India","5412","Yield","01322","Lemons and limes","1989","1989","kg/ha","11500","X","Value from external organization",""
"QCL","Crops and livestock products","356","India","5412","Yield","01322","Lemons and limes","1990","1990","kg/ha","11569.2","E","Estimated value",""
"QCL","Crops and livestock products","356","India","5412","Yield","01322","Lemons and limes","1991","1991","kg/ha","11764.7","E","Estimated value",""
"QCL","Crops and livestock products","356","India","5412","Yield","01322","Lemons and limes","1992","1992","kg/ha","9459.5","E","Estimated value",""
"QCL","Crops and livestock products","356","India","5412","Yield","01322","Lemons and limes","1993","1993","kg/ha","11625","E","Estimated value",""
"QCL","Crops and livestock products","356","India","5412","Yield","01322","Lemons and limes","1994","1994","kg/ha","10106.1","A","Official value",""
"QCL","Crops and livestock products","356","India","5412","Yield","01322","Lemons and limes","1995","1995","kg/ha","10115.7","A","Official value",""
"QCL","Crops and livestock products","356","India","5412","Yield","01322","Lemons and limes","1996","1996","kg/ha","8679.2","A","Official value",""
"QCL","Crops and livestock products","356","India","5412","Yield","01322","Lemons and limes","1997","1997","kg/ha","8475.3","A","Official value",""
"QCL","Crops and livestock products","356","India","5412","Yield","01322","Lemons and limes","1998","1998","kg/ha","8484.6","A","Official value",""
"QCL","Crops and livestock products","356","India","5412","Yield","01322","Lemons and limes","1999","1999","kg/ha","9030.8","A","Official value",""
"QCL","Crops and livestock products","356","India","5412","Yield","01322","Lemons and limes","2000","2000","kg/ha","8809.8","A","Official value",""
"QCL","Crops and livestock products","356","India","5412","Yield","01322","Lemons and limes","2001","2001","kg/ha","8387.3","A","Official value",""
"QCL","Crops and livestock products","356","India","5412","Yield","01322","Lemons and limes","2002","2002","kg/ha","8764.4","A","Official value",""
"QCL","Crops and livestock products","356","India","5412","Yield","01322","Lemons and limes","2003","2003","kg/ha","9846.8","A","Official value",""
"QCL","Crops and livestock products","356","India","5412","Yield","01322","Lemons and limes","2004","2004","kg/ha","8899.3","A","Official value",""
"QCL","Crops and livestock products","356","India","5412","Yield","01322","Lemons and limes","2005","2005","kg/ha","13093.8","A","Official value",""
"QCL","Crops and livestock products","356","India","5412","Yield","01322","Lemons and limes","2006","2006","kg/ha","8035","A","Official value",""
"QCL","Crops and livestock products","356","India","5412","Yield","01322","Lemons and limes","2007","2007","kg/ha","7833.8","A","Official value",""
"QCL","Crops and livestock products","356","India","5412","Yield","01322","Lemons and limes","2008","2008","kg/ha","8261.9","A","Official value",""
"QCL","Crops and livestock products","356","India","5412","Yield","01322","Lemons and limes","2009","2009","kg/ha","8136.5","A","Official value",""
"QCL","Crops and livestock products","356","India","5412","Yield","01322","Lemons and limes","2010","2010","kg/ha","8894.5","A","Official value",""
"QCL","Crops and livestock products","356","India","5412","Yield","01322","Lemons and limes","2011","2011","kg/ha","9625.6","A","Official value",""
"QCL","Crops and livestock products","356","India","5412","Yield","01322","Lemons and limes","2012","2012","kg/ha","9709.8","A","Official value",""
"QCL","Crops and livestock products","356","India","5412","Yield","01322","Lemons and limes","2013","2013","kg/ha","9888.3","A","Official value",""
"QCL","Crops and livestock products","356","India","5412","Yield","01322","Lemons and limes","2014","2014","kg/ha","9898.5","A","Official value",""
"QCL","Crops and livestock products","356","India","5412","Yield","01322","Lemons and limes","2015","2015","kg/ha","11007.5","A","Official value",""
"QCL","Crops and livestock products","356","India","5412","Yield","01322","Lemons and limes","2016","2016","kg/ha","9951","A","Official value",""
"QCL","Crops and livestock products","356","India","5412","Yield","01322","Lemons and limes","2017","2017","kg/ha","9532.3","A","Official value",""
"QCL","Crops and livestock products","356","India","5412","Yield","01322","Lemons and limes","2018","2018","kg/ha","11007","A","Official value",""
"QCL","Crops and livestock products","356","India","5412","Yield","01322","Lemons and limes","2019","2019","kg/ha","11416.4","A","Official value",""
"QCL","Crops and livestock products","356","India","5412","Yield","01322","Lemons and limes","2020","2020","kg/ha","11450.3","A","Official value",""
"QCL","Crops and livestock products","356","India","5412","Yield","01322","Lemons and limes","2021","2021","kg/ha","10850.2","A","Official value",""
"QCL","Crops and livestock products","356","India","5412","Yield","01322","Lemons and limes","2022","2022","kg/ha","12063.9","A","Official value",""
"QCL","Crops and livestock products","356","India","5412","Yield","01322","Lemons and limes","2023","2023","kg/ha","12137.8","A","Official value",""
"QCL","Crops and livestock products","356","India","5412","Yield","01322","Lemons and limes","2024","2024","kg/ha","12022.6","A","Official value",""
"QCL","Crops and livestock products","356","India","5412","Yield","01704","Lentils, dry","1961","1961","kg/ha","453.3","A","Official value",""
"QCL","Crops and livestock products","356","India","5412","Yield","01704","Lentils, dry","1962","1962","kg/ha","441.5","A","Official value",""
"QCL","Crops and livestock products","356","India","5412","Yield","01704","Lentils, dry","1963","1963","kg/ha","455.5","A","Official value",""
"QCL","Crops and livestock products","356","India","5412","Yield","01704","Lentils, dry","1964","1964","kg/ha","368","A","Official value",""
"QCL","Crops and livestock products","356","India","5412","Yield","01704","Lentils, dry","1965","1965","kg/ha","476.1","A","Official value",""
"QCL","Crops and livestock products","356","India","5412","Yield","01704","Lentils, dry","1966","1966","kg/ha","437.4","A","Official value",""
"QCL","Crops and livestock products","356","India","5412","Yield","01704","Lentils, dry","1967","1967","kg/ha","347.2","A","Official value",""
"QCL","Crops and livestock products","356","India","5412","Yield","01704","Lentils, dry","1968","1968","kg/ha","510.3","A","Official value",""
"QCL","Crops and livestock products","356","India","5412","Yield","01704","Lentils, dry","1969","1969","kg/ha","514.9","A","Official value",""
"QCL","Crops and livestock products","356","India","5412","Yield","01704","Lentils, dry","1970","1970","kg/ha","502","A","Official value",""
"QCL","Crops and livestock products","356","India","5412","Yield","01704","Lentils, dry","1971","1971","kg/ha","498.7","A","Official value",""
"QCL","Crops and livestock products","356","India","5412","Yield","01704","Lentils, dry","1972","1972","kg/ha","519.6","A","Official value",""
"QCL","Crops and livestock products","356","India","5412","Yield","01704","Lentils, dry","1973","1973","kg/ha","446.9","A","Official value",""
"QCL","Crops and livestock products","356","India","5412","Yield","01704","Lentils, dry","1974","1974","kg/ha","439.5","A","Official value",""
"QCL","Crops and livestock products","356","India","5412","Yield","01704","Lentils, dry","1975","1975","kg/ha","479.8","A","Official value",""
"QCL","Crops and livestock products","356","India","5412","Yield","01704","Lentils, dry","1976","1976","kg/ha","491.9","A","Official value",""
"QCL","Crops and livestock products","356","India","5412","Yield","01704","Lentils, dry","1977","1977","kg/ha","461.2","A","Official value",""
"QCL","Crops and livestock products","356","India","5412","Yield","01704","Lentils, dry","1978","1978","kg/ha","436","A","Official value",""
"QCL","Crops and livestock products","356","India","5412","Yield","01704","Lentils, dry","1979","1979","kg/ha","439.2","A","Official value",""
"QCL","Crops and livestock products","356","India","5412","Yield","01704","Lentils, dry","1980","1980","kg/ha","377.4","A","Official value",""
"QCL","Crops and livestock products","356","India","5412","Yield","01704","Lentils, dry","1981","1981","kg/ha","497.6","A","Official value",""
"QCL","Crops and livestock products","356","India","5412","Yield","01704","Lentils, dry","1982","1982","kg/ha","525.3","A","Official value",""
"QCL","Crops and livestock products","356","India","5412","Yield","01704","Lentils, dry","1983","1983","kg/ha","490.5","A","Official value",""
"QCL","Crops and livestock products","356","India","5412","Yield","01704","Lentils, dry","1984","1984","kg/ha","565.9","A","Official value",""
"QCL","Crops and livestock products","356","India","5412","Yield","01704","Lentils, dry","1985","1985","kg/ha","556.8","A","Official value",""
"QCL","Crops and livestock products","356","India","5412","Yield","01704","Lentils, dry","1986","1986","kg/ha","607.4","A","Official value",""
"QCL","Crops and livestock products","356","India","5412","Yield","01704","Lentils, dry","1987","1987","kg/ha","606.5","A","Official value",""
"QCL","Crops and livestock products","356","India","5412","Yield","01704","Lentils, dry","1988","1988","kg/ha","634.7","A","Official value",""
"QCL","Crops and livestock products","356","India","5412","Yield","01704","Lentils, dry","1989","1989","kg/ha","678.6","A","Official value",""
"QCL","Crops and livestock products","356","India","5412","Yield","01704","Lentils, dry","1990","1990","kg/ha","635.2","A","Official value",""
"QCL","Crops and livestock products","356","India","5412","Yield","01704","Lentils, dry","1991","1991","kg/ha","716.8","A","Official value",""
"QCL","Crops and livestock products","356","India","5412","Yield","01704","Lentils, dry","1992","1992","kg/ha","674.2","A","Official value",""
"QCL","Crops and livestock products","356","India","5412","Yield","01704","Lentils, dry","1993","1993","kg/ha","656.9","A","Official value",""
"QCL","Crops and livestock products","356","India","5412","Yield","01704","Lentils, dry","1994","1994","kg/ha","632.1","A","Official value",""
"QCL","Crops and livestock products","356","India","5412","Yield","01704","Lentils, dry","1995","1995","kg/ha","678.1","A","Official value",""
"QCL","Crops and livestock products","356","India","5412","Yield","01704","Lentils, dry","1996","1996","kg/ha","568.5","A","Official value",""
"QCL","Crops and livestock products","356","India","5412","Yield","01704","Lentils, dry","1997","1997","kg/ha","702.5","A","Official value",""
"QCL","Crops and livestock products","356","India","5412","Yield","01704","Lentils, dry","1998","1998","kg/ha","624","A","Official value",""
"QCL","Crops and livestock products","356","India","5412","Yield","01704","Lentils, dry","1999","1999","kg/ha","675.4","A","Official value",""
"QCL","Crops and livestock products","356","India","5412","Yield","01704","Lentils, dry","2000","2000","kg/ha","738.2","A","Official value",""
"QCL","Crops and livestock products","356","India","5412","Yield","01704","Lentils, dry","2001","2001","kg/ha","619.3","A","Official value",""
"QCL","Crops and livestock products","356","India","5412","Yield","01704","Lentils, dry","2002","2002","kg/ha","662.9","A","Official value",""
"QCL","Crops and livestock products","356","India","5412","Yield","01704","Lentils, dry","2003","2003","kg/ha","632.8","A","Official value",""
"QCL","Crops and livestock products","356","India","5412","Yield","01704","Lentils, dry","2004","2004","kg/ha","741.3","A","Official value",""
"QCL","Crops and livestock products","356","India","5412","Yield","01704","Lentils, dry","2005","2005","kg/ha","676.3","A","Official value",""
"QCL","Crops and livestock products","356","India","5412","Yield","01704","Lentils, dry","2006","2006","kg/ha","626.6","A","Official value",""
"QCL","Crops and livestock products","356","India","5412","Yield","01704","Lentils, dry","2007","2007","kg/ha","619","A","Official value",""
"QCL","Crops and livestock products","356","India","5412","Yield","01704","Lentils, dry","2008","2008","kg/ha","618.3","A","Official value",""
"QCL","Crops and livestock products","356","India","5412","Yield","01704","Lentils, dry","2009","2009","kg/ha","692.9","A","Official value",""
"QCL","Crops and livestock products","356","India","5412","Yield","01704","Lentils, dry","2010","2010","kg/ha","697.3","A","Official value",""
"QCL","Crops and livestock products","356","India","5412","Yield","01704","Lentils, dry","2011","2011","kg/ha","590.8","A","Official value",""
"QCL","Crops and livestock products","356","India","5412","Yield","01704","Lentils, dry","2012","2012","kg/ha","677.8","A","Official value",""
"QCL","Crops and livestock products","356","India","5412","Yield","01704","Lentils, dry","2013","2013","kg/ha","796.9","A","Official value",""
"QCL","Crops and livestock products","356","India","5412","Yield","01704","Lentils, dry","2014","2014","kg/ha","758.4","A","Official value",""
"QCL","Crops and livestock products","356","India","5412","Yield","01704","Lentils, dry","2015","2015","kg/ha","704.6","A","Official value",""
"QCL","Crops and livestock products","356","India","5412","Yield","01704","Lentils, dry","2016","2016","kg/ha","764.9","A","Official value",""
"QCL","Crops and livestock products","356","India","5412","Yield","01704","Lentils, dry","2017","2017","kg/ha","837.6","A","Official value",""
"QCL","Crops and livestock products","356","India","5412","Yield","01704","Lentils, dry","2018","2018","kg/ha","1046.9","A","Official value",""
"QCL","Crops and livestock products","356","India","5412","Yield","01704","Lentils, dry","2019","2019","kg/ha","901","A","Official value",""
"QCL","Crops and livestock products","356","India","5412","Yield","01704","Lentils, dry","2020","2020","kg/ha","846.7","A","Official value",""
"QCL","Crops and livestock products","356","India","5412","Yield","01704","Lentils, dry","2021","2021","kg/ha","1017.4","A","Official value",""
"QCL","Crops and livestock products","356","India","5412","Yield","01704","Lentils, dry","2022","2022","kg/ha","898.7","A","Official value",""
"QCL","Crops and livestock products","356","India","5412","Yield","01704","Lentils, dry","2023","2023","kg/ha","952.3","A","Official value",""
"QCL","Crops and livestock products","356","India","5412","Yield","01704","Lentils, dry","2024","2024","kg/ha","1028","A","Official value",""
"QCL","Crops and livestock products","356","India","5412","Yield","01214","Lettuce and chicory","1961","1961","kg/ha","4545.5","E","Estimated value",""
"QCL","Crops and livestock products","356","India","5412","Yield","01214","Lettuce and chicory","1962","1962","kg/ha","4569","E","Estimated value",""
"QCL","Crops and livestock products","356","India","5412","Yield","01214","Lettuce and chicory","1963","1963","kg/ha","4593.2","E","Estimated value",""
"QCL","Crops and livestock products","356","India","5412","Yield","01214","Lettuce and chicory","1964","1964","kg/ha","4590.2","E","Estimated value",""
"QCL","Crops and livestock products","356","India","5412","Yield","01214","Lettuce and chicory","1965","1965","kg/ha","4758.1","E","Estimated value",""
"QCL","Crops and livestock products","356","India","5412","Yield","01214","Lettuce and chicory","1966","1966","kg/ha","4765.6","E","Estimated value",""
"QCL","Crops and livestock products","356","India","5412","Yield","01214","Lettuce and chicory","1967","1967","kg/ha","4800","E","Estimated value",""
"QCL","Crops and livestock products","356","India","5412","Yield","01214","Lettuce and chicory","1968","1968","kg/ha","4791","E","Estimated value",""
"QCL","Crops and livestock products","356","India","5412","Yield","01214","Lettuce and chicory","1969","1969","kg/ha","5000","E","Estimated value",""
"QCL","Crops and livestock products","356","India","5412","Yield","01214","Lettuce and chicory","1970","1970","kg/ha","5000","E","Estimated value",""
"QCL","Crops and livestock products","356","India","5412","Yield","01214","Lettuce and chicory","1971","1971","kg/ha","5000","E","Estimated value",""
"QCL","Crops and livestock products","356","India","5412","Yield","01214","Lettuce and chicory","1972","1972","kg/ha","5202.7","E","Estimated value",""
"QCL","Crops and livestock products","356","India","5412","Yield","01214","Lettuce and chicory","1973","1973","kg/ha","5200","E","Estimated value",""
"QCL","Crops and livestock products","356","India","5412","Yield","01214","Lettuce and chicory","1974","1974","kg/ha","5192.3","E","Estimated value",""
"QCL","Crops and livestock products","356","India","5412","Yield","01214","Lettuce and chicory","1975","1975","kg/ha","5187.5","E","Estimated value",""
"QCL","Crops and livestock products","356","India","5412","Yield","01214","Lettuce and chicory","1976","1976","kg/ha","5476.2","E","Estimated value",""
"QCL","Crops and livestock products","356","India","5412","Yield","01214","Lettuce and chicory","1977","1977","kg/ha","5500","E","Estimated value",""
"QCL","Crops and livestock products","356","India","5412","Yield","01214","Lettuce and chicory","1978","1978","kg/ha","5500","E","Estimated value",""
"QCL","Crops and livestock products","356","India","5412","Yield","01214","Lettuce and chicory","1979","1979","kg/ha","5684.2","E","Estimated value",""
"QCL","Crops and livestock products","356","India","5412","Yield","01214","Lettuce and chicory","1980","1980","kg/ha","5670.1","E","Estimated value",""
"QCL","Crops and livestock products","356","India","5412","Yield","01214","Lettuce and chicory","1981","1981","kg/ha","5700","E","Estimated value",""
"QCL","Crops and livestock products","356","India","5412","Yield","01214","Lettuce and chicory","1982","1982","kg/ha","6000","E","Estimated value",""
"QCL","Crops and livestock products","356","India","5412","Yield","01214","Lettuce and chicory","1983","1983","kg/ha","6000","E","Estimated value",""
"QCL","Crops and livestock products","356","India","5412","Yield","01214","Lettuce and chicory","1984","1984","kg/ha","6000","E","Estimated value",""
"QCL","Crops and livestock products","356","India","5412","Yield","01214","Lettuce and chicory","1985","1985","kg/ha","6190.5","E","Estimated value",""
"QCL","Crops and livestock products","356","India","5412","Yield","01214","Lettuce and chicory","1986","1986","kg/ha","6285.7","E","Estimated value",""
"QCL","Crops and livestock products","356","India","5412","Yield","01214","Lettuce and chicory","1987","1987","kg/ha","6396.2","E","Estimated value",""
"QCL","Crops and livestock products","356","India","5412","Yield","01214","Lettuce and chicory","1988","1988","kg/ha","6467.3","E","Estimated value",""
"QCL","Crops and livestock products","356","India","5412","Yield","01214","Lettuce and chicory","1989","1989","kg/ha","6486.2","E","Estimated value",""
"QCL","Crops and livestock products","356","India","5412","Yield","01214","Lettuce and chicory","1990","1990","kg/ha","6459.5","E","Estimated value",""
"QCL","Crops and livestock products","356","India","5412","Yield","01214","Lettuce and chicory","1991","1991","kg/ha","6537.5","X","Value from external organization",""
"QCL","Crops and livestock products","356","India","5412","Yield","01214","Lettuce and chicory","1992","1992","kg/ha","6535.7","E","Estimated value",""
"QCL","Crops and livestock products","356","India","5412","Yield","01214","Lettuce and chicory","1993","1993","kg/ha","6504.4","E","Estimated value",""
"QCL","Crops and livestock products","356","India","5412","Yield","01214","Lettuce and chicory","1994","1994","kg/ha","6565.2","E","Estimated value",""
"QCL","Crops and livestock products","356","India","5412","Yield","01214","Lettuce and chicory","1995","1995","kg/ha","6559.5","E","Estimated value",""
"QCL","Crops and livestock products","356","India","5412","Yield","01214","Lettuce and chicory","1996","1996","kg/ha","6594.8","E","Estimated value",""
"QCL","Crops and livestock products","356","India","5412","Yield","01214","Lettuce and chicory","1997","1997","kg/ha","6558.3","E","Estimated value",""
"QCL","Crops and livestock products","356","India","5412","Yield","01214","Lettuce and chicory","1998","1998","kg/ha","6581.2","E","Estimated value",""
"QCL","Crops and livestock products","356","India","5412","Yield","01214","Lettuce and chicory","1999","1999","kg/ha","6610.2","E","Estimated value",""
"QCL","Crops and livestock products","356","India","5412","Yield","01214","Lettuce and chicory","2000","2000","kg/ha","6541.7","E","Estimated value",""
"QCL","Crops and livestock products","356","India","5412","Yield","01214","Lettuce and chicory","2001","2001","kg/ha","6510.8","E","Estimated value",""
"QCL","Crops and livestock products","356","India","5412","Yield","01214","Lettuce and chicory","2002","2002","kg/ha","6490.9","E","Estimated value",""
"QCL","Crops and livestock products","356","India","5412","Yield","01214","Lettuce and chicory","2003","2003","kg/ha","6472.6","E","Estimated value",""
"QCL","Crops and livestock products","356","India","5412","Yield","01214","Lettuce and chicory","2004","2004","kg/ha","6455.1","E","Estimated value",""
"QCL","Crops and livestock products","356","India","5412","Yield","01214","Lettuce and chicory","2005","2005","kg/ha","6413.5","E","Estimated value",""
"QCL","Crops and livestock products","356","India","5412","Yield","01214","Lettuce and chicory","2006","2006","kg/ha","6433.2","E","Estimated value",""
"QCL","Crops and livestock products","356","India","5412","Yield","01214","Lettuce and chicory","2007","2007","kg/ha","6421.8","E","Estimated value",""
"QCL","Crops and livestock products","356","India","5412","Yield","01214","Lettuce and chicory","2008","2008","kg/ha","6410.7","E","Estimated value",""
"QCL","Crops and livestock products","356","India","5412","Yield","01214","Lettuce and chicory","2009","2009","kg/ha","6400.9","E","Estimated value",""
"QCL","Crops and livestock products","356","India","5412","Yield","01214","Lettuce and chicory","2010","2010","kg/ha","6392.5","E","Estimated value",""
"QCL","Crops and livestock products","356","India","5412","Yield","01214","Lettuce and chicory","2011","2011","kg/ha","6385.2","E","Estimated value",""
"QCL","Crops and livestock products","356","India","5412","Yield","01214","Lettuce and chicory","2012","2012","kg/ha","6323.5","E","Estimated value",""
"QCL","Crops and livestock products","356","India","5412","Yield","01214","Lettuce and chicory","2013","2013","kg/ha","6352.9","E","Estimated value",""
"QCL","Crops and livestock products","356","India","5412","Yield","01214","Lettuce and chicory","2014","2014","kg/ha","6350.8","E","Estimated value",""
"QCL","Crops and livestock products","356","India","5412","Yield","01214","Lettuce and chicory","2015","2015","kg/ha","6345.2","E","Estimated value",""
"QCL","Crops and livestock products","356","India","5412","Yield","01214","Lettuce and chicory","2016","2016","kg/ha","6349.5","E","Estimated value",""
"QCL","Crops and livestock products","356","India","5412","Yield","01214","Lettuce and chicory","2017","2017","kg/ha","6334.8","E","Estimated value",""
"QCL","Crops and livestock products","356","India","5412","Yield","01214","Lettuce and chicory","2018","2018","kg/ha","6319.3","E","Estimated value",""
"QCL","Crops and livestock products","356","India","5412","Yield","01214","Lettuce and chicory","2019","2019","kg/ha","6307.7","E","Estimated value",""
"QCL","Crops and livestock products","356","India","5412","Yield","01214","Lettuce and chicory","2020","2020","kg/ha","6295.6","E","Estimated value",""
"QCL","Crops and livestock products","356","India","5412","Yield","01214","Lettuce and chicory","2021","2021","kg/ha","6298.4","E","Estimated value",""
"QCL","Crops and livestock products","356","India","5412","Yield","01214","Lettuce and chicory","2022","2022","kg/ha","6300.5","E","Estimated value",""
"QCL","Crops and livestock products","356","India","5412","Yield","01214","Lettuce and chicory","2023","2023","kg/ha","6298.2","E","Estimated value",""
"QCL","Crops and livestock products","356","India","5412","Yield","01214","Lettuce and chicory","2024","2024","kg/ha","6299","E","Estimated value",""
"QCL","Crops and livestock products","356","India","5412","Yield","01441","Linseed","1961","1961","kg/ha","222.5","A","Official value",""
"QCL","Crops and livestock products","356","India","5412","Yield","01441","Linseed","1962","1962","kg/ha","234.2","A","Official value",""
"QCL","Crops and livestock products","356","India","5412","Yield","01441","Linseed","1963","1963","kg/ha","225.8","A","Official value",""
"QCL","Crops and livestock products","356","India","5412","Yield","01441","Linseed","1964","1964","kg/ha","189.8","A","Official value",""
"QCL","Crops and livestock products","356","India","5412","Yield","01441","Linseed","1965","1965","kg/ha","241.9","A","Official value",""
"QCL","Crops and livestock products","356","India","5412","Yield","01441","Linseed","1966","1966","kg/ha","192.1","A","Official value",""
"QCL","Crops and livestock products","356","India","5412","Yield","01441","Linseed","1967","1967","kg/ha","173.8","A","Official value",""
"QCL","Crops and livestock products","356","India","5412","Yield","01441","Linseed","1968","1968","kg/ha","246.5","A","Official value",""
"QCL","Crops and livestock products","356","India","5412","Yield","01441","Linseed","1969","1969","kg/ha","194","A","Official value",""
"QCL","Crops and livestock products","356","India","5412","Yield","01441","Linseed","1970","1970","kg/ha","260.3","A","Official value",""
"QCL","Crops and livestock products","356","India","5412","Yield","01441","Linseed","1971","1971","kg/ha","249.8","A","Official value",""
"QCL","Crops and livestock products","356","India","5412","Yield","01441","Linseed","1972","1972","kg/ha","256.5","A","Official value",""
"QCL","Crops and livestock products","356","India","5412","Yield","01441","Linseed","1973","1973","kg/ha","248.1","A","Official value",""
"QCL","Crops and livestock products","356","India","5412","Yield","01441","Linseed","1974","1974","kg/ha","247.2","A","Official value",""
"QCL","Crops and livestock products","356","India","5412","Yield","01441","Linseed","1975","1975","kg/ha","272.3","A","Official value",""
"QCL","Crops and livestock products","356","India","5412","Yield","01441","Linseed","1976","1976","kg/ha","282.2","A","Official value",""
"QCL","Crops and livestock products","356","India","5412","Yield","01441","Linseed","1977","1977","kg/ha","221.8","A","Official value",""
"QCL","Crops and livestock products","356","India","5412","Yield","01441","Linseed","1978","1978","kg/ha","262.1","A","Official value",""
"QCL","Crops and livestock products","356","India","5412","Yield","01441","Linseed","1979","1979","kg/ha","255.8","A","Official value",""
"QCL","Crops and livestock products","356","India","5412","Yield","01441","Linseed","1980","1980","kg/ha","166.9","A","Official value",""
"QCL","Crops and livestock products","356","India","5412","Yield","01441","Linseed","1981","1981","kg/ha","252.8","A","Official value",""
"QCL","Crops and livestock products","356","India","5412","Yield","01441","Linseed","1982","1982","kg/ha","265.1","A","Official value",""
"QCL","Crops and livestock products","356","India","5412","Yield","01441","Linseed","1983","1983","kg/ha","267.4","A","Official value",""
"QCL","Crops and livestock products","356","India","5412","Yield","01441","Linseed","1984","1984","kg/ha","298.6","A","Official value",""
"QCL","Crops and livestock products","356","India","5412","Yield","01441","Linseed","1985","1985","kg/ha","278.8","A","Official value",""
"QCL","Crops and livestock products","356","India","5412","Yield","01441","Linseed","1986","1986","kg/ha","264.2","A","Official value",""
"QCL","Crops and livestock products","356","India","5412","Yield","01441","Linseed","1987","1987","kg/ha","274","A","Official value",""
"QCL","Crops and livestock products","356","India","5412","Yield","01441","Linseed","1988","1988","kg/ha","341.8","A","Official value",""
"QCL","Crops and livestock products","356","India","5412","Yield","01441","Linseed","1989","1989","kg/ha","300.9","A","Official value",""
"QCL","Crops and livestock products","356","India","5412","Yield","01441","Linseed","1990","1990","kg/ha","289.6","A","Official value",""
"QCL","Crops and livestock products","356","India","5412","Yield","01441","Linseed","1991","1991","kg/ha","302.1","A","Official value",""
"QCL","Crops and livestock products","356","India","5412","Yield","01441","Linseed","1992","1992","kg/ha","329.5","A","Official value",""
"QCL","Crops and livestock products","356","India","5412","Yield","01441","Linseed","1993","1993","kg/ha","310.6","A","Official value",""
"QCL","Crops and livestock products","356","India","5412","Yield","01441","Linseed","1994","1994","kg/ha","346.3","A","Official value",""
"QCL","Crops and livestock products","356","India","5412","Yield","01441","Linseed","1995","1995","kg/ha","340.3","A","Official value",""
"QCL","Crops and livestock products","356","India","5412","Yield","01441","Linseed","1996","1996","kg/ha","346.3","A","Official value",""
"QCL","Crops and livestock products","356","India","5412","Yield","01441","Linseed","1997","1997","kg/ha","373.2","A","Official value",""
"QCL","Crops and livestock products","356","India","5412","Yield","01441","Linseed","1998","1998","kg/ha","289.9","A","Official value",""
"QCL","Crops and livestock products","356","India","5412","Yield","01441","Linseed","1999","1999","kg/ha","353.5","A","Official value",""
"QCL","Crops and livestock products","356","India","5412","Yield","01441","Linseed","2000","2000","kg/ha","406","A","Official value",""
"QCL","Crops and livestock products","356","India","5412","Yield","01441","Linseed","2001","2001","kg/ha","350.9","A","Official value",""
"QCL","Crops and livestock products","356","India","5412","Yield","01441","Linseed","2002","2002","kg/ha","390.3","A","Official value",""
"QCL","Crops and livestock products","356","India","5412","Yield","01441","Linseed","2003","2003","kg/ha","392.6","A","Official value",""
"QCL","Crops and livestock products","356","India","5412","Yield","01441","Linseed","2004","2004","kg/ha","412.4","A","Official value",""
"QCL","Crops and livestock products","356","India","5412","Yield","01441","Linseed","2005","2005","kg/ha","378.2","A","Official value",""
"QCL","Crops and livestock products","356","India","5412","Yield","01441","Linseed","2006","2006","kg/ha","394.9","A","Official value",""
"QCL","Crops and livestock products","356","India","5412","Yield","01441","Linseed","2007","2007","kg/ha","394.1","A","Official value",""
"QCL","Crops and livestock products","356","India","5412","Yield","01441","Linseed","2008","2008","kg/ha","348.3","A","Official value",""
"QCL","Crops and livestock products","356","India","5412","Yield","01441","Linseed","2009","2009","kg/ha","414.8","A","Official value",""
"QCL","Crops and livestock products","356","India","5412","Yield","01441","Linseed","2010","2010","kg/ha","449.4","A","Official value",""
"QCL","Crops and livestock products","356","India","5412","Yield","01441","Linseed","2011","2011","kg/ha","409.5","A","Official value",""
"QCL","Crops and livestock products","356","India","5412","Yield","01441","Linseed","2012","2012","kg/ha","470.6","A","Official value",""
"QCL","Crops and livestock products","356","India","5412","Yield","01441","Linseed","2013","2013","kg/ha","496.6","A","Official value",""
"QCL","Crops and livestock products","356","India","5412","Yield","01441","Linseed","2014","2014","kg/ha","483.6","A","Official value",""
"QCL","Crops and livestock products","356","India","5412","Yield","01441","Linseed","2015","2015","kg/ha","543.9","A","Official value",""
"QCL","Crops and livestock products","356","India","5412","Yield","01441","Linseed","2016","2016","kg/ha","419.5","A","Official value",""
"QCL","Crops and livestock products","356","India","5412","Yield","01441","Linseed","2017","2017","kg/ha","566.5","A","Official value",""
"QCL","Crops and livestock products","356","India","5412","Yield","01441","Linseed","2018","2018","kg/ha","532.7","A","Official value",""
"QCL","Crops and livestock products","356","India","5412","Yield","01441","Linseed","2019","2019","kg/ha","573.6","A","Official value",""
"QCL","Crops and livestock products","356","India","5412","Yield","01441","Linseed","2020","2020","kg/ha","670.8","A","Official value",""
"QCL","Crops and livestock products","356","India","5412","Yield","01441","Linseed","2021","2021","kg/ha","636.8","A","Official value",""
"QCL","Crops and livestock products","356","India","5412","Yield","01441","Linseed","2022","2022","kg/ha","642.1","A","Official value",""
"QCL","Crops and livestock products","356","India","5412","Yield","01441","Linseed","2023","2023","kg/ha","698.5","A","Official value",""
"QCL","Crops and livestock products","356","India","5412","Yield","01441","Linseed","2024","2024","kg/ha","644","A","Official value",""
"QCL","Crops and livestock products","356","India","5412","Yield","0112","Maize (corn)","1961","1961","kg/ha","956.7","A","Official value",""
"QCL","Crops and livestock products","356","India","5412","Yield","0112","Maize (corn)","1962","1962","kg/ha","992.2","A","Official value",""
"QCL","Crops and livestock products","356","India","5412","Yield","0112","Maize (corn)","1963","1963","kg/ha","995.4","A","Official value",""
"QCL","Crops and livestock products","356","India","5412","Yield","0112","Maize (corn)","1964","1964","kg/ha","1010","A","Official value",""
"QCL","Crops and livestock products","356","India","5412","Yield","0112","Maize (corn)","1965","1965","kg/ha","1005","A","Official value",""
"QCL","Crops and livestock products","356","India","5412","Yield","0112","Maize (corn)","1966","1966","kg/ha","964.5","A","Official value",""
"QCL","Crops and livestock products","356","India","5412","Yield","0112","Maize (corn)","1967","1967","kg/ha","1122.8","A","Official value",""
"QCL","Crops and livestock products","356","India","5412","Yield","0112","Maize (corn)","1968","1968","kg/ha","997.4","A","Official value",""
"QCL","Crops and livestock products","356","India","5412","Yield","0112","Maize (corn)","1969","1969","kg/ha","967.9","A","Official value",""
"QCL","Crops and livestock products","356","India","5412","Yield","0112","Maize (corn)","1970","1970","kg/ha","1279.1","A","Official value",""
"QCL","Crops and livestock products","356","India","5412","Yield","0112","Maize (corn)","1971","1971","kg/ha","899.9","A","Official value",""
"QCL","Crops and livestock products","356","India","5412","Yield","0112","Maize (corn)","1972","1972","kg/ha","1094.3","A","Official value",""
"QCL","Crops and livestock products","356","India","5412","Yield","0112","Maize (corn)","1973","1973","kg/ha","964.8","A","Official value",""
"QCL","Crops and livestock products","356","India","5412","Yield","0112","Maize (corn)","1974","1974","kg/ha","948.1","A","Official value",""
"QCL","Crops and livestock products","356","India","5412","Yield","0112","Maize (corn)","1975","1975","kg/ha","1203.1","A","Official value",""
"QCL","Crops and livestock products","356","India","5412","Yield","0112","Maize (corn)","1976","1976","kg/ha","1060.1","A","Official value",""
"QCL","Crops and livestock products","356","India","5412","Yield","0112","Maize (corn)","1977","1977","kg/ha","1051.1","A","Official value",""
"QCL","Crops and livestock products","356","India","5412","Yield","0112","Maize (corn)","1978","1978","kg/ha","1076.2","A","Official value",""
"QCL","Crops and livestock products","356","India","5412","Yield","0112","Maize (corn)","1979","1979","kg/ha","979.4","A","Official value",""
"QCL","Crops and livestock products","356","India","5412","Yield","0112","Maize (corn)","1980","1980","kg/ha","1158.6","A","Official value",""
"QCL","Crops and livestock products","356","India","5412","Yield","0112","Maize (corn)","1981","1981","kg/ha","1162.2","A","Official value",""
"QCL","Crops and livestock products","356","India","5412","Yield","0112","Maize (corn)","1982","1982","kg/ha","1144.8","A","Official value",""
"QCL","Crops and livestock products","356","India","5412","Yield","0112","Maize (corn)","1983","1983","kg/ha","1352.1","A","Official value",""
"QCL","Crops and livestock products","356","India","5412","Yield","0112","Maize (corn)","1984","1984","kg/ha","1455.6","A","Official value",""
"QCL","Crops and livestock products","356","India","5412","Yield","0112","Maize (corn)","1985","1985","kg/ha","1146","A","Official value",""
"QCL","Crops and livestock products","356","India","5412","Yield","0112","Maize (corn)","1986","1986","kg/ha","1281.9","A","Official value",""
"QCL","Crops and livestock products","356","India","5412","Yield","0112","Maize (corn)","1987","1987","kg/ha","1028.8","A","Official value",""
"QCL","Crops and livestock products","356","India","5412","Yield","0112","Maize (corn)","1988","1988","kg/ha","1395.5","A","Official value",""
"QCL","Crops and livestock products","356","India","5412","Yield","0112","Maize (corn)","1989","1989","kg/ha","1631.6","A","Official value",""
"QCL","Crops and livestock products","356","India","5412","Yield","0112","Maize (corn)","1990","1990","kg/ha","1517.8","A","Official value",""
"QCL","Crops and livestock products","356","India","5412","Yield","0112","Maize (corn)","1991","1991","kg/ha","1376.3","A","Official value",""
"QCL","Crops and livestock products","356","India","5412","Yield","0112","Maize (corn)","1992","1992","kg/ha","1622.7","A","Official value",""
"QCL","Crops and livestock products","356","India","5412","Yield","0112","Maize (corn)","1993","1993","kg/ha","1586.6","A","Official value",""
"QCL","Crops and livestock products","356","India","5412","Yield","0112","Maize (corn)","1994","1994","kg/ha","1471.6","A","Official value",""
"QCL","Crops and livestock products","356","India","5412","Yield","0112","Maize (corn)","1995","1995","kg/ha","1550.3","A","Official value",""
"QCL","Crops and livestock products","356","India","5412","Yield","0112","Maize (corn)","1996","1996","kg/ha","1678","A","Official value",""
"QCL","Crops and livestock products","356","India","5412","Yield","0112","Maize (corn)","1997","1997","kg/ha","1747.7","A","Official value",""
"QCL","Crops and livestock products","356","India","5412","Yield","0112","Maize (corn)","1998","1998","kg/ha","1776.7","A","Official value",""
"QCL","Crops and livestock products","356","India","5412","Yield","0112","Maize (corn)","1999","1999","kg/ha","1784.8","A","Official value",""
"QCL","Crops and livestock products","356","India","5412","Yield","0112","Maize (corn)","2000","2000","kg/ha","1799.2","A","Official value",""
"QCL","Crops and livestock products","356","India","5412","Yield","0112","Maize (corn)","2001","2001","kg/ha","1993.3","A","Official value",""
"QCL","Crops and livestock products","356","India","5412","Yield","0112","Maize (corn)","2002","2002","kg/ha","1688.5","A","Official value",""
"QCL","Crops and livestock products","356","India","5412","Yield","0112","Maize (corn)","2003","2003","kg/ha","2015.9","A","Official value",""
"QCL","Crops and livestock products","356","India","5412","Yield","0112","Maize (corn)","2004","2004","kg/ha","1868.2","A","Official value",""
"QCL","Crops and livestock products","356","India","5412","Yield","0112","Maize (corn)","2005","2005","kg/ha","1955.7","A","Official value",""
"QCL","Crops and livestock products","356","India","5412","Yield","0112","Maize (corn)","2006","2006","kg/ha","1811.1","A","Official value",""
"QCL","Crops and livestock products","356","India","5412","Yield","0112","Maize (corn)","2007","2007","kg/ha","2315.8","A","Official value",""
"QCL","Crops and livestock products","356","India","5412","Yield","0112","Maize (corn)","2008","2008","kg/ha","2276.5","A","Official value",""
"QCL","Crops and livestock products","356","India","5412","Yield","0112","Maize (corn)","2009","2009","kg/ha","2146.1","A","Official value",""
"QCL","Crops and livestock products","356","India","5412","Yield","0112","Maize (corn)","2010","2010","kg/ha","2483.8","A","Official value",""
"QCL","Crops and livestock products","356","India","5412","Yield","0112","Maize (corn)","2011","2011","kg/ha","2493.5","A","Official value",""
"QCL","Crops and livestock products","356","India","5412","Yield","0112","Maize (corn)","2012","2012","kg/ha","2493","A","Official value",""
"QCL","Crops and livestock products","356","India","5412","Yield","0112","Maize (corn)","2013","2013","kg/ha","2645.9","A","Official value",""
"QCL","Crops and livestock products","356","India","5412","Yield","0112","Maize (corn)","2014","2014","kg/ha","2588.8","A","Official value",""
"QCL","Crops and livestock products","356","India","5412","Yield","0112","Maize (corn)","2015","2015","kg/ha","2637.2","A","Official value",""
"QCL","Crops and livestock products","356","India","5412","Yield","0112","Maize (corn)","2016","2016","kg/ha","2686.3","A","Official value",""
"QCL","Crops and livestock products","356","India","5412","Yield","0112","Maize (corn)","2017","2017","kg/ha","2937.5","A","Official value",""
"QCL","Crops and livestock products","356","India","5412","Yield","0112","Maize (corn)","2018","2018","kg/ha","3023.4","A","Official value",""
"QCL","Crops and livestock products","356","India","5412","Yield","0112","Maize (corn)","2019","2019","kg/ha","2998.1","A","Official value",""
"QCL","Crops and livestock products","356","India","5412","Yield","0112","Maize (corn)","2020","2020","kg/ha","3161.4","A","Official value",""
"QCL","Crops and livestock products","356","India","5412","Yield","0112","Maize (corn)","2021","2021","kg/ha","3303.3","A","Official value",""
"QCL","Crops and livestock products","356","India","5412","Yield","0112","Maize (corn)","2022","2022","kg/ha","3395.4","A","Official value",""
"QCL","Crops and livestock products","356","India","5412","Yield","0112","Maize (corn)","2023","2023","kg/ha","3326.5","A","Official value",""
"QCL","Crops and livestock products","356","India","5412","Yield","0112","Maize (corn)","2024","2024","kg/ha","3544.8","A","Official value",""
"QCL","Crops and livestock products","356","India","5412","Yield","01316","Mangoes, guavas and mangosteens","1961","1961","kg/ha","8221.2","E","Estimated value",""
"QCL","Crops and livestock products","356","India","5412","Yield","01316","Mangoes, guavas and mangosteens","1962","1962","kg/ha","8221.2","E","Estimated value",""
"QCL","Crops and livestock products","356","India","5412","Yield","01316","Mangoes, guavas and mangosteens","1963","1963","kg/ha","8235.3","E","Estimated value",""
"QCL","Crops and livestock products","356","India","5412","Yield","01316","Mangoes, guavas and mangosteens","1964","1964","kg/ha","8235.3","E","Estimated value",""
"QCL","Crops and livestock products","356","India","5412","Yield","01316","Mangoes, guavas and mangosteens","1965","1965","kg/ha","8235.3","E","Estimated value",""
"QCL","Crops and livestock products","356","India","5412","Yield","01316","Mangoes, guavas and mangosteens","1966","1966","kg/ha","8235.3","E","Estimated value",""
"QCL","Crops and livestock products","356","India","5412","Yield","01316","Mangoes, guavas and mangosteens","1967","1967","kg/ha","8236.7","E","Estimated value",""
"QCL","Crops and livestock products","356","India","5412","Yield","01316","Mangoes, guavas and mangosteens","1968","1968","kg/ha","8236.7","E","Estimated value",""
"QCL","Crops and livestock products","356","India","5412","Yield","01316","Mangoes, guavas and mangosteens","1969","1969","kg/ha","8236.7","E","Estimated value",""
"QCL","Crops and livestock products","356","India","5412","Yield","01316","Mangoes, guavas and mangosteens","1970","1970","kg/ha","8236.7","E","Estimated value",""
"QCL","Crops and livestock products","356","India","5412","Yield","01316","Mangoes, guavas and mangosteens","1971","1971","kg/ha","8236.7","E","Estimated value",""
"QCL","Crops and livestock products","356","India","5412","Yield","01316","Mangoes, guavas and mangosteens","1972","1972","kg/ha","8237","E","Estimated value",""
"QCL","Crops and livestock products","356","India","5412","Yield","01316","Mangoes, guavas and mangosteens","1973","1973","kg/ha","8237","E","Estimated value",""
"QCL","Crops and livestock products","356","India","5412","Yield","01316","Mangoes, guavas and mangosteens","1974","1974","kg/ha","8237.4","E","Estimated value",""
"QCL","Crops and livestock products","356","India","5412","Yield","01316","Mangoes, guavas and mangosteens","1975","1975","kg/ha","8237.4","E","Estimated value",""
"QCL","Crops and livestock products","356","India","5412","Yield","01316","Mangoes, guavas and mangosteens","1976","1976","kg/ha","8236.9","E","Estimated value",""
"QCL","Crops and livestock products","356","India","5412","Yield","01316","Mangoes, guavas and mangosteens","1977","1977","kg/ha","8235.9","A","Official value",""
"QCL","Crops and livestock products","356","India","5412","Yield","01316","Mangoes, guavas and mangosteens","1978","1978","kg/ha","8133.3","A","Official value",""
"QCL","Crops and livestock products","356","India","5412","Yield","01316","Mangoes, guavas and mangosteens","1979","1979","kg/ha","8717.2","A","Official value",""
"QCL","Crops and livestock products","356","India","5412","Yield","01316","Mangoes, guavas and mangosteens","1980","1980","kg/ha","8726","A","Official value",""
"QCL","Crops and livestock products","356","India","5412","Yield","01316","Mangoes, guavas and mangosteens","1981","1981","kg/ha","8692.7","A","Official value",""
"QCL","Crops and livestock products","356","India","5412","Yield","01316","Mangoes, guavas and mangosteens","1982","1982","kg/ha","8649.5","A","Official value",""
"QCL","Crops and livestock products","356","India","5412","Yield","01316","Mangoes, guavas and mangosteens","1983","1983","kg/ha","8641.8","A","Official value",""
"QCL","Crops and livestock products","356","India","5412","Yield","01316","Mangoes, guavas and mangosteens","1984","1984","kg/ha","8779.9","A","Official value",""
"QCL","Crops and livestock products","356","India","5412","Yield","01316","Mangoes, guavas and mangosteens","1985","1985","kg/ha","11745.3","A","Official value",""
"QCL","Crops and livestock products","356","India","5412","Yield","01316","Mangoes, guavas and mangosteens","1986","1986","kg/ha","12262.1","A","Official value",""
"QCL","Crops and livestock products","356","India","5412","Yield","01316","Mangoes, guavas and mangosteens","1987","1987","kg/ha","12126.3","A","Official value",""
"QCL","Crops and livestock products","356","India","5412","Yield","01316","Mangoes, guavas and mangosteens","1988","1988","kg/ha","9304","A","Official value",""
"QCL","Crops and livestock products","356","India","5412","Yield","01316","Mangoes, guavas and mangosteens","1989","1989","kg/ha","9888.4","A","Official value",""
"QCL","Crops and livestock products","356","India","5412","Yield","01316","Mangoes, guavas and mangosteens","1990","1990","kg/ha","10215.6","A","Official value",""
"QCL","Crops and livestock products","356","India","5412","Yield","01316","Mangoes, guavas and mangosteens","1991","1991","kg/ha","8121.7","A","Official value",""
"QCL","Crops and livestock products","356","India","5412","Yield","01316","Mangoes, guavas and mangosteens","1992","1992","kg/ha","8384.2","A","Official value",""
"QCL","Crops and livestock products","356","India","5412","Yield","01316","Mangoes, guavas and mangosteens","1993","1993","kg/ha","8514.6","A","Official value",""
"QCL","Crops and livestock products","356","India","5412","Yield","01316","Mangoes, guavas and mangosteens","1994","1994","kg/ha","9111.3","A","Official value",""
"QCL","Crops and livestock products","356","India","5412","Yield","01316","Mangoes, guavas and mangosteens","1995","1995","kg/ha","8669.9","A","Official value",""
"QCL","Crops and livestock products","356","India","5412","Yield","01316","Mangoes, guavas and mangosteens","1996","1996","kg/ha","7776.8","A","Official value",""
"QCL","Crops and livestock products","356","India","5412","Yield","01316","Mangoes, guavas and mangosteens","1997","1997","kg/ha","7706.3","A","Official value",""
"QCL","Crops and livestock products","356","India","5412","Yield","01316","Mangoes, guavas and mangosteens","1998","1998","kg/ha","7338.6","A","Official value",""
"QCL","Crops and livestock products","356","India","5412","Yield","01316","Mangoes, guavas and mangosteens","1999","1999","kg/ha","7510.7","A","Official value",""
"QCL","Crops and livestock products","356","India","5412","Yield","01316","Mangoes, guavas and mangosteens","2000","2000","kg/ha","7046.7","A","Official value",""
"QCL","Crops and livestock products","356","India","5412","Yield","01316","Mangoes, guavas and mangosteens","2001","2001","kg/ha","6758.5","A","Official value",""
"QCL","Crops and livestock products","356","India","5412","Yield","01316","Mangoes, guavas and mangosteens","2002","2002","kg/ha","8126.4","A","Official value",""
"QCL","Crops and livestock products","356","India","5412","Yield","01316","Mangoes, guavas and mangosteens","2003","2003","kg/ha","6444","A","Official value",""
"QCL","Crops and livestock products","356","India","5412","Yield","01316","Mangoes, guavas and mangosteens","2004","2004","kg/ha","6392.9","A","Official value",""
"QCL","Crops and livestock products","356","India","5412","Yield","01316","Mangoes, guavas and mangosteens","2005","2005","kg/ha","6399.6","A","Official value",""
"QCL","Crops and livestock products","356","India","5412","Yield","01316","Mangoes, guavas and mangosteens","2006","2006","kg/ha","6666.9","A","Official value",""
"QCL","Crops and livestock products","356","India","5412","Yield","01316","Mangoes, guavas and mangosteens","2007","2007","kg/ha","6658.8","A","Official value",""
"QCL","Crops and livestock products","356","India","5412","Yield","01316","Mangoes, guavas and mangosteens","2008","2008","kg/ha","5920.8","A","Official value",""
"QCL","Crops and livestock products","356","India","5412","Yield","01316","Mangoes, guavas and mangosteens","2009","2009","kg/ha","6873.9","A","Official value",""
"QCL","Crops and livestock products","356","India","5412","Yield","01316","Mangoes, guavas and mangosteens","2010","2010","kg/ha","7056.7","A","Official value",""
"QCL","Crops and livestock products","356","India","5412","Yield","01316","Mangoes, guavas and mangosteens","2011","2011","kg/ha","7054.4","A","Official value",""
"QCL","Crops and livestock products","356","India","5412","Yield","01316","Mangoes, guavas and mangosteens","2012","2012","kg/ha","7200.2","A","Official value",""
"QCL","Crops and livestock products","356","India","5412","Yield","01316","Mangoes, guavas and mangosteens","2013","2013","kg/ha","7748.5","A","Official value",""
"QCL","Crops and livestock products","356","India","5412","Yield","01316","Mangoes, guavas and mangosteens","2014","2014","kg/ha","7937.9","A","Official value",""
"QCL","Crops and livestock products","356","India","5412","Yield","01316","Mangoes, guavas and mangosteens","2015","2015","kg/ha","9348.7","A","Official value",""
"QCL","Crops and livestock products","356","India","5412","Yield","01316","Mangoes, guavas and mangosteens","2016","2016","kg/ha","9210.9","A","Official value",""
"QCL","Crops and livestock products","356","India","5412","Yield","01316","Mangoes, guavas and mangosteens","2017","2017","kg/ha","9437.6","A","Official value",""
"QCL","Crops and livestock products","356","India","5412","Yield","01316","Mangoes, guavas and mangosteens","2018","2018","kg/ha","9879.1","A","Official value",""
"QCL","Crops and livestock products","356","India","5412","Yield","01316","Mangoes, guavas and mangosteens","2019","2019","kg/ha","9965.1","A","Official value",""
"QCL","Crops and livestock products","356","India","5412","Yield","01316","Mangoes, guavas and mangosteens","2020","2020","kg/ha","9541.5","A","Official value",""
"QCL","Crops and livestock products","356","India","5412","Yield","01316","Mangoes, guavas and mangosteens","2021","2021","kg/ha","9512.1","A","Official value",""
"QCL","Crops and livestock products","356","India","5412","Yield","01316","Mangoes, guavas and mangosteens","2022","2022","kg/ha","9726","A","Official value",""
"QCL","Crops and livestock products","356","India","5412","Yield","01316","Mangoes, guavas and mangosteens","2023","2023","kg/ha","9724.2","A","Official value",""
"QCL","Crops and livestock products","356","India","5412","Yield","01316","Mangoes, guavas and mangosteens","2024","2024","kg/ha","10068.8","A","Official value",""
"QCL","Crops and livestock products","356","India","5417","Yield/Carcass Weight","21112","Meat of buffalo, fresh or chilled","1961","1961","kg/An","138","E","Estimated value",""
"QCL","Crops and livestock products","356","India","5417","Yield/Carcass Weight","21112","Meat of buffalo, fresh or chilled","1962","1962","kg/An","138","E","Estimated value",""
"QCL","Crops and livestock products","356","India","5417","Yield/Carcass Weight","21112","Meat of buffalo, fresh or chilled","1963","1963","kg/An","138","E","Estimated value",""
"QCL","Crops and livestock products","356","India","5417","Yield/Carcass Weight","21112","Meat of buffalo, fresh or chilled","1964","1964","kg/An","138","E","Estimated value",""
"QCL","Crops and livestock products","356","India","5417","Yield/Carcass Weight","21112","Meat of buffalo, fresh or chilled","1965","1965","kg/An","138","E","Estimated value",""
"QCL","Crops and livestock products","356","India","5417","Yield/Carcass Weight","21112","Meat of buffalo, fresh or chilled","1966","1966","kg/An","138","E","Estimated value",""
"QCL","Crops and livestock products","356","India","5417","Yield/Carcass Weight","21112","Meat of buffalo, fresh or chilled","1967","1967","kg/An","138","E","Estimated value",""
"QCL","Crops and livestock products","356","India","5417","Yield/Carcass Weight","21112","Meat of buffalo, fresh or chilled","1968","1968","kg/An","138","E","Estimated value",""
"QCL","Crops and livestock products","356","India","5417","Yield/Carcass Weight","21112","Meat of buffalo, fresh or chilled","1969","1969","kg/An","138","E","Estimated value",""
"QCL","Crops and livestock products","356","India","5417","Yield/Carcass Weight","21112","Meat of buffalo, fresh or chilled","1970","1970","kg/An","138","E","Estimated value",""
"QCL","Crops and livestock products","356","India","5417","Yield/Carcass Weight","21112","Meat of buffalo, fresh or chilled","1971","1971","kg/An","138","E","Estimated value",""
"QCL","Crops and livestock products","356","India","5417","Yield/Carcass Weight","21112","Meat of buffalo, fresh or chilled","1972","1972","kg/An","138","E","Estimated value",""
"QCL","Crops and livestock products","356","India","5417","Yield/Carcass Weight","21112","Meat of buffalo, fresh or chilled","1973","1973","kg/An","138","E","Estimated value",""
"QCL","Crops and livestock products","356","India","5417","Yield/Carcass Weight","21112","Meat of buffalo, fresh or chilled","1974","1974","kg/An","138","E","Estimated value",""
"QCL","Crops and livestock products","356","India","5417","Yield/Carcass Weight","21112","Meat of buffalo, fresh or chilled","1975","1975","kg/An","138","E","Estimated value",""
"QCL","Crops and livestock products","356","India","5417","Yield/Carcass Weight","21112","Meat of buffalo, fresh or chilled","1976","1976","kg/An","138","E","Estimated value",""
"QCL","Crops and livestock products","356","India","5417","Yield/Carcass Weight","21112","Meat of buffalo, fresh or chilled","1977","1977","kg/An","138","E","Estimated value",""
"QCL","Crops and livestock products","356","India","5417","Yield/Carcass Weight","21112","Meat of buffalo, fresh or chilled","1978","1978","kg/An","138","E","Estimated value",""
"QCL","Crops and livestock products","356","India","5417","Yield/Carcass Weight","21112","Meat of buffalo, fresh or chilled","1979","1979","kg/An","138","E","Estimated value",""
"QCL","Crops and livestock products","356","India","5417","Yield/Carcass Weight","21112","Meat of buffalo, fresh or chilled","1980","1980","kg/An","138","E","Estimated value",""
"QCL","Crops and livestock products","356","India","5417","Yield/Carcass Weight","21112","Meat of buffalo, fresh or chilled","1981","1981","kg/An","138","E","Estimated value",""
"QCL","Crops and livestock products","356","India","5417","Yield/Carcass Weight","21112","Meat of buffalo, fresh or chilled","1982","1982","kg/An","138","E","Estimated value",""
"QCL","Crops and livestock products","356","India","5417","Yield/Carcass Weight","21112","Meat of buffalo, fresh or chilled","1983","1983","kg/An","138","E","Estimated value",""
"QCL","Crops and livestock products","356","India","5417","Yield/Carcass Weight","21112","Meat of buffalo, fresh or chilled","1984","1984","kg/An","138","E","Estimated value",""
"QCL","Crops and livestock products","356","India","5417","Yield/Carcass Weight","21112","Meat of buffalo, fresh or chilled","1985","1985","kg/An","138","E","Estimated value",""
"QCL","Crops and livestock products","356","India","5417","Yield/Carcass Weight","21112","Meat of buffalo, fresh or chilled","1986","1986","kg/An","138","E","Estimated value",""
"QCL","Crops and livestock products","356","India","5417","Yield/Carcass Weight","21112","Meat of buffalo, fresh or chilled","1987","1987","kg/An","138","E","Estimated value",""
"QCL","Crops and livestock products","356","India","5417","Yield/Carcass Weight","21112","Meat of buffalo, fresh or chilled","1988","1988","kg/An","138","E","Estimated value",""
"QCL","Crops and livestock products","356","India","5417","Yield/Carcass Weight","21112","Meat of buffalo, fresh or chilled","1989","1989","kg/An","138","E","Estimated value",""
"QCL","Crops and livestock products","356","India","5417","Yield/Carcass Weight","21112","Meat of buffalo, fresh or chilled","1990","1990","kg/An","138","E","Estimated value",""
"QCL","Crops and livestock products","356","India","5417","Yield/Carcass Weight","21112","Meat of buffalo, fresh or chilled","1991","1991","kg/An","183","X","Value from external organization",""
"QCL","Crops and livestock products","356","India","5417","Yield/Carcass Weight","21112","Meat of buffalo, fresh or chilled","1992","1992","kg/An","169","E","Estimated value",""
"QCL","Crops and livestock products","356","India","5417","Yield/Carcass Weight","21112","Meat of buffalo, fresh or chilled","1993","1993","kg/An","114","E","Estimated value",""
"QCL","Crops and livestock products","356","India","5417","Yield/Carcass Weight","21112","Meat of buffalo, fresh or chilled","1994","1994","kg/An","122","E","Estimated value",""
"QCL","Crops and livestock products","356","India","5417","Yield/Carcass Weight","21112","Meat of buffalo, fresh or chilled","1995","1995","kg/An","129","E","Estimated value",""
"QCL","Crops and livestock products","356","India","5417","Yield/Carcass Weight","21112","Meat of buffalo, fresh or chilled","1996","1996","kg/An","105","E","Estimated value",""
"QCL","Crops and livestock products","356","India","5417","Yield/Carcass Weight","21112","Meat of buffalo, fresh or chilled","1997","1997","kg/An","126","E","Estimated value",""
"QCL","Crops and livestock products","356","India","5417","Yield/Carcass Weight","21112","Meat of buffalo, fresh or chilled","1998","1998","kg/An","153","E","Estimated value",""
"QCL","Crops and livestock products","356","India","5417","Yield/Carcass Weight","21112","Meat of buffalo, fresh or chilled","1999","1999","kg/An","162","E","Estimated value",""
"QCL","Crops and livestock products","356","India","5417","Yield/Carcass Weight","21112","Meat of buffalo, fresh or chilled","2000","2000","kg/An","168","E","Estimated value",""
"QCL","Crops and livestock products","356","India","5417","Yield/Carcass Weight","21112","Meat of buffalo, fresh or chilled","2001","2001","kg/An","179","E","Estimated value",""
"QCL","Crops and livestock products","356","India","5417","Yield/Carcass Weight","21112","Meat of buffalo, fresh or chilled","2002","2002","kg/An","193","E","Estimated value",""
"QCL","Crops and livestock products","356","India","5417","Yield/Carcass Weight","21112","Meat of buffalo, fresh or chilled","2003","2003","kg/An","206","E","Estimated value",""
"QCL","Crops and livestock products","356","India","5417","Yield/Carcass Weight","21112","Meat of buffalo, fresh or chilled","2004","2004","kg/An","224","E","Estimated value",""
"QCL","Crops and livestock products","356","India","5417","Yield/Carcass Weight","21112","Meat of buffalo, fresh or chilled","2005","2005","kg/An","226","E","Estimated value",""
"QCL","Crops and livestock products","356","India","5417","Yield/Carcass Weight","21112","Meat of buffalo, fresh or chilled","2006","2006","kg/An","244","E","Estimated value",""
"QCL","Crops and livestock products","356","India","5417","Yield/Carcass Weight","21112","Meat of buffalo, fresh or chilled","2007","2007","kg/An","244","E","Estimated value",""
"QCL","Crops and livestock products","356","India","5417","Yield/Carcass Weight","21112","Meat of buffalo, fresh or chilled","2008","2008","kg/An","259","E","Estimated value",""
"QCL","Crops and livestock products","356","India","5417","Yield/Carcass Weight","21112","Meat of buffalo, fresh or chilled","2009","2009","kg/An","278","E","Estimated value",""
"QCL","Crops and livestock products","356","India","5417","Yield/Carcass Weight","21112","Meat of buffalo, fresh or chilled","2010","2010","kg/An","279","E","Estimated value",""
"QCL","Crops and livestock products","356","India","5417","Yield/Carcass Weight","21112","Meat of buffalo, fresh or chilled","2011","2011","kg/An","293","E","Estimated value",""
"QCL","Crops and livestock products","356","India","5417","Yield/Carcass Weight","21112","Meat of buffalo, fresh or chilled","2012","2012","kg/An","306","E","Estimated value",""
"QCL","Crops and livestock products","356","India","5417","Yield/Carcass Weight","21112","Meat of buffalo, fresh or chilled","2013","2013","kg/An","330","E","Estimated value",""
"QCL","Crops and livestock products","356","India","5417","Yield/Carcass Weight","21112","Meat of buffalo, fresh or chilled","2014","2014","kg/An","345","E","Estimated value",""
"QCL","Crops and livestock products","356","India","5417","Yield/Carcass Weight","21112","Meat of buffalo, fresh or chilled","2015","2015","kg/An","357","E","Estimated value",""
"QCL","Crops and livestock products","356","India","5417","Yield/Carcass Weight","21112","Meat of buffalo, fresh or chilled","2016","2016","kg/An","365","E","Estimated value",""
"QCL","Crops and livestock products","356","India","5417","Yield/Carcass Weight","21112","Meat of buffalo, fresh or chilled","2017","2017","kg/An","373","E","Estimated value",""
"QCL","Crops and livestock products","356","India","5417","Yield/Carcass Weight","21112","Meat of buffalo, fresh or chilled","2018","2018","kg/An","356","E","Estimated value",""
"QCL","Crops and livestock products","356","India","5417","Yield/Carcass Weight","21112","Meat of buffalo, fresh or chilled","2019","2019","kg/An","365","E","Estimated value",""
"QCL","Crops and livestock products","356","India","5417","Yield/Carcass Weight","21112","Meat of buffalo, fresh or chilled","2020","2020","kg/An","326","E","Estimated value",""
"QCL","Crops and livestock products","356","India","5417","Yield/Carcass Weight","21112","Meat of buffalo, fresh or chilled","2021","2021","kg/An","357","E","Estimated value",""
"QCL","Crops and livestock products","356","India","5417","Yield/Carcass Weight","21112","Meat of buffalo, fresh or chilled","2022","2022","kg/An","368","E","Estimated value",""
"QCL","Crops and livestock products","356","India","5417","Yield/Carcass Weight","21112","Meat of buffalo, fresh or chilled","2023","2023","kg/An","376","E","Estimated value",""
"QCL","Crops and livestock products","356","India","5417","Yield/Carcass Weight","21112","Meat of buffalo, fresh or chilled","2024","2024","kg/An","382","E","Estimated value",""
"QCL","Crops and livestock products","356","India","5417","Yield/Carcass Weight","21111.01","Meat of cattle with the bone, fresh or chilled","1961","1961","kg/An","80","E","Estimated value",""
"QCL","Crops and livestock products","356","India","5417","Yield/Carcass Weight","21111.01","Meat of cattle with the bone, fresh or chilled","1962","1962","kg/An","80","E","Estimated value",""
"QCL","Crops and livestock products","356","India","5417","Yield/Carcass Weight","21111.01","Meat of cattle with the bone, fresh or chilled","1963","1963","kg/An","80","E","Estimated value",""
"QCL","Crops and livestock products","356","India","5417","Yield/Carcass Weight","21111.01","Meat of cattle with the bone, fresh or chilled","1964","1964","kg/An","80","E","Estimated value",""
"QCL","Crops and livestock products","356","India","5417","Yield/Carcass Weight","21111.01","Meat of cattle with the bone, fresh or chilled","1965","1965","kg/An","80","E","Estimated value",""
"QCL","Crops and livestock products","356","India","5417","Yield/Carcass Weight","21111.01","Meat of cattle with the bone, fresh or chilled","1966","1966","kg/An","80","E","Estimated value",""
"QCL","Crops and livestock products","356","India","5417","Yield/Carcass Weight","21111.01","Meat of cattle with the bone, fresh or chilled","1967","1967","kg/An","80","E","Estimated value",""
"QCL","Crops and livestock products","356","India","5417","Yield/Carcass Weight","21111.01","Meat of cattle with the bone, fresh or chilled","1968","1968","kg/An","80","E","Estimated value",""
"QCL","Crops and livestock products","356","India","5417","Yield/Carcass Weight","21111.01","Meat of cattle with the bone, fresh or chilled","1969","1969","kg/An","80","E","Estimated value",""
"QCL","Crops and livestock products","356","India","5417","Yield/Carcass Weight","21111.01","Meat of cattle with the bone, fresh or chilled","1970","1970","kg/An","80","E","Estimated value",""
"QCL","Crops and livestock products","356","India","5417","Yield/Carcass Weight","21111.01","Meat of cattle with the bone, fresh or chilled","1971","1971","kg/An","80","E","Estimated value",""
"QCL","Crops and livestock products","356","India","5417","Yield/Carcass Weight","21111.01","Meat of cattle with the bone, fresh or chilled","1972","1972","kg/An","81","E","Estimated value",""
"QCL","Crops and livestock products","356","India","5417","Yield/Carcass Weight","21111.01","Meat of cattle with the bone, fresh or chilled","1973","1973","kg/An","82","E","Estimated value",""
"QCL","Crops and livestock products","356","India","5417","Yield/Carcass Weight","21111.01","Meat of cattle with the bone, fresh or chilled","1974","1974","kg/An","83","E","Estimated value",""
"QCL","Crops and livestock products","356","India","5417","Yield/Carcass Weight","21111.01","Meat of cattle with the bone, fresh or chilled","1975","1975","kg/An","84","E","Estimated value",""
"QCL","Crops and livestock products","356","India","5417","Yield/Carcass Weight","21111.01","Meat of cattle with the bone, fresh or chilled","1976","1976","kg/An","85","E","Estimated value",""
"QCL","Crops and livestock products","356","India","5417","Yield/Carcass Weight","21111.01","Meat of cattle with the bone, fresh or chilled","1977","1977","kg/An","85","E","Estimated value",""
"QCL","Crops and livestock products","356","India","5417","Yield/Carcass Weight","21111.01","Meat of cattle with the bone, fresh or chilled","1978","1978","kg/An","86","E","Estimated value",""
"QCL","Crops and livestock products","356","India","5417","Yield/Carcass Weight","21111.01","Meat of cattle with the bone, fresh or chilled","1979","1979","kg/An","87","E","Estimated value",""
"QCL","Crops and livestock products","356","India","5417","Yield/Carcass Weight","21111.01","Meat of cattle with the bone, fresh or chilled","1980","1980","kg/An","88","E","Estimated value",""
"QCL","Crops and livestock products","356","India","5417","Yield/Carcass Weight","21111.01","Meat of cattle with the bone, fresh or chilled","1981","1981","kg/An","88","E","Estimated value",""
"QCL","Crops and livestock products","356","India","5417","Yield/Carcass Weight","21111.01","Meat of cattle with the bone, fresh or chilled","1982","1982","kg/An","89","E","Estimated value",""
"QCL","Crops and livestock products","356","India","5417","Yield/Carcass Weight","21111.01","Meat of cattle with the bone, fresh or chilled","1983","1983","kg/An","90","E","Estimated value",""
"QCL","Crops and livestock products","356","India","5417","Yield/Carcass Weight","21111.01","Meat of cattle with the bone, fresh or chilled","1984","1984","kg/An","90","E","Estimated value",""
"QCL","Crops and livestock products","356","India","5417","Yield/Carcass Weight","21111.01","Meat of cattle with the bone, fresh or chilled","1985","1985","kg/An","91","E","Estimated value",""
"QCL","Crops and livestock products","356","India","5417","Yield/Carcass Weight","21111.01","Meat of cattle with the bone, fresh or chilled","1986","1986","kg/An","92","E","Estimated value",""
"QCL","Crops and livestock products","356","India","5417","Yield/Carcass Weight","21111.01","Meat of cattle with the bone, fresh or chilled","1987","1987","kg/An","93","E","Estimated value",""
"QCL","Crops and livestock products","356","India","5417","Yield/Carcass Weight","21111.01","Meat of cattle with the bone, fresh or chilled","1988","1988","kg/An","94","E","Estimated value",""
"QCL","Crops and livestock products","356","India","5417","Yield/Carcass Weight","21111.01","Meat of cattle with the bone, fresh or chilled","1989","1989","kg/An","95","E","Estimated value",""
"QCL","Crops and livestock products","356","India","5417","Yield/Carcass Weight","21111.01","Meat of cattle with the bone, fresh or chilled","1990","1990","kg/An","103","E","Estimated value",""
"QCL","Crops and livestock products","356","India","5424","Yield/Carcass Weight","21121","Meat of chickens, fresh or chilled","1961","1961","g/An","900","E","Estimated value",""
"QCL","Crops and livestock products","356","India","5424","Yield/Carcass Weight","21121","Meat of chickens, fresh or chilled","1962","1962","g/An","900","E","Estimated value",""
"QCL","Crops and livestock products","356","India","5424","Yield/Carcass Weight","21121","Meat of chickens, fresh or chilled","1963","1963","g/An","900","E","Estimated value",""
"QCL","Crops and livestock products","356","India","5424","Yield/Carcass Weight","21121","Meat of chickens, fresh or chilled","1964","1964","g/An","900","E","Estimated value",""
"QCL","Crops and livestock products","356","India","5424","Yield/Carcass Weight","21121","Meat of chickens, fresh or chilled","1965","1965","g/An","900","E","Estimated value",""
"QCL","Crops and livestock products","356","India","5424","Yield/Carcass Weight","21121","Meat of chickens, fresh or chilled","1966","1966","g/An","900","E","Estimated value",""
"QCL","Crops and livestock products","356","India","5424","Yield/Carcass Weight","21121","Meat of chickens, fresh or chilled","1967","1967","g/An","900","E","Estimated value",""
"QCL","Crops and livestock products","356","India","5424","Yield/Carcass Weight","21121","Meat of chickens, fresh or chilled","1968","1968","g/An","900","E","Estimated value",""
"QCL","Crops and livestock products","356","India","5424","Yield/Carcass Weight","21121","Meat of chickens, fresh or chilled","1969","1969","g/An","900","E","Estimated value",""
"QCL","Crops and livestock products","356","India","5424","Yield/Carcass Weight","21121","Meat of chickens, fresh or chilled","1970","1970","g/An","900","E","Estimated value",""
"QCL","Crops and livestock products","356","India","5424","Yield/Carcass Weight","21121","Meat of chickens, fresh or chilled","1971","1971","g/An","900","E","Estimated value",""
"QCL","Crops and livestock products","356","India","5424","Yield/Carcass Weight","21121","Meat of chickens, fresh or chilled","1972","1972","g/An","900","E","Estimated value",""
"QCL","Crops and livestock products","356","India","5424","Yield/Carcass Weight","21121","Meat of chickens, fresh or chilled","1973","1973","g/An","900","E","Estimated value",""
"QCL","Crops and livestock products","356","India","5424","Yield/Carcass Weight","21121","Meat of chickens, fresh or chilled","1974","1974","g/An","900","E","Estimated value",""
"QCL","Crops and livestock products","356","India","5424","Yield/Carcass Weight","21121","Meat of chickens, fresh or chilled","1975","1975","g/An","900","E","Estimated value",""
"QCL","Crops and livestock products","356","India","5424","Yield/Carcass Weight","21121","Meat of chickens, fresh or chilled","1976","1976","g/An","900","E","Estimated value",""
"QCL","Crops and livestock products","356","India","5424","Yield/Carcass Weight","21121","Meat of chickens, fresh or chilled","1977","1977","g/An","900","E","Estimated value",""
"QCL","Crops and livestock products","356","India","5424","Yield/Carcass Weight","21121","Meat of chickens, fresh or chilled","1978","1978","g/An","900","E","Estimated value",""
"QCL","Crops and livestock products","356","India","5424","Yield/Carcass Weight","21121","Meat of chickens, fresh or chilled","1979","1979","g/An","900","E","Estimated value",""
"QCL","Crops and livestock products","356","India","5424","Yield/Carcass Weight","21121","Meat of chickens, fresh or chilled","1980","1980","g/An","900","E","Estimated value",""
"QCL","Crops and livestock products","356","India","5424","Yield/Carcass Weight","21121","Meat of chickens, fresh or chilled","1981","1981","g/An","900","E","Estimated value",""
"QCL","Crops and livestock products","356","India","5424","Yield/Carcass Weight","21121","Meat of chickens, fresh or chilled","1982","1982","g/An","900","E","Estimated value",""
"QCL","Crops and livestock products","356","India","5424","Yield/Carcass Weight","21121","Meat of chickens, fresh or chilled","1983","1983","g/An","900","E","Estimated value",""
"QCL","Crops and livestock products","356","India","5424","Yield/Carcass Weight","21121","Meat of chickens, fresh or chilled","1984","1984","g/An","900","E","Estimated value",""
"QCL","Crops and livestock products","356","India","5424","Yield/Carcass Weight","21121","Meat of chickens, fresh or chilled","1985","1985","g/An","900","E","Estimated value",""
"QCL","Crops and livestock products","356","India","5424","Yield/Carcass Weight","21121","Meat of chickens, fresh or chilled","1986","1986","g/An","900","E","Estimated value",""
"QCL","Crops and livestock products","356","India","5424","Yield/Carcass Weight","21121","Meat of chickens, fresh or chilled","1987","1987","g/An","900","E","Estimated value",""
"QCL","Crops and livestock products","356","India","5424","Yield/Carcass Weight","21121","Meat of chickens, fresh or chilled","1988","1988","g/An","900","E","Estimated value",""
"QCL","Crops and livestock products","356","India","5424","Yield/Carcass Weight","21121","Meat of chickens, fresh or chilled","1989","1989","g/An","900","E","Estimated value",""
"QCL","Crops and livestock products","356","India","5424","Yield/Carcass Weight","21121","Meat of chickens, fresh or chilled","1990","1990","g/An","900","E","Estimated value",""
"QCL","Crops and livestock products","356","India","5424","Yield/Carcass Weight","21121","Meat of chickens, fresh or chilled","1991","1991","g/An","900","E","Estimated value",""
"QCL","Crops and livestock products","356","India","5424","Yield/Carcass Weight","21121","Meat of chickens, fresh or chilled","1992","1992","g/An","900","E","Estimated value",""
"QCL","Crops and livestock products","356","India","5424","Yield/Carcass Weight","21121","Meat of chickens, fresh or chilled","1993","1993","g/An","900","E","Estimated value",""
"QCL","Crops and livestock products","356","India","5424","Yield/Carcass Weight","21121","Meat of chickens, fresh or chilled","1994","1994","g/An","900","E","Estimated value",""
"QCL","Crops and livestock products","356","India","5424","Yield/Carcass Weight","21121","Meat of chickens, fresh or chilled","1995","1995","g/An","900","E","Estimated value",""
"QCL","Crops and livestock products","356","India","5424","Yield/Carcass Weight","21121","Meat of chickens, fresh or chilled","1996","1996","g/An","900","E","Estimated value",""
"QCL","Crops and livestock products","356","India","5424","Yield/Carcass Weight","21121","Meat of chickens, fresh or chilled","1997","1997","g/An","900","E","Estimated value",""
"QCL","Crops and livestock products","356","India","5424","Yield/Carcass Weight","21121","Meat of chickens, fresh or chilled","1998","1998","g/An","950","X","Value from external organization",""
"QCL","Crops and livestock products","356","India","5424","Yield/Carcass Weight","21121","Meat of chickens, fresh or chilled","1999","1999","g/An","990","X","Value from external organization",""
"QCL","Crops and livestock products","356","India","5424","Yield/Carcass Weight","21121","Meat of chickens, fresh or chilled","2000","2000","g/An","1005","X","Value from external organization",""
"QCL","Crops and livestock products","356","India","5424","Yield/Carcass Weight","21121","Meat of chickens, fresh or chilled","2001","2001","g/An","1013","X","Value from external organization",""
"QCL","Crops and livestock products","356","India","5424","Yield/Carcass Weight","21121","Meat of chickens, fresh or chilled","2002","2002","g/An","1129","X","Value from external organization",""
"QCL","Crops and livestock products","356","India","5424","Yield/Carcass Weight","21121","Meat of chickens, fresh or chilled","2003","2003","g/An","1150","X","Value from external organization",""
"QCL","Crops and livestock products","356","India","5424","Yield/Carcass Weight","21121","Meat of chickens, fresh or chilled","2004","2004","g/An","1150","X","Value from external organization",""
"QCL","Crops and livestock products","356","India","5424","Yield/Carcass Weight","21121","Meat of chickens, fresh or chilled","2005","2005","g/An","1148","X","Value from external organization",""
"QCL","Crops and livestock products","356","India","5424","Yield/Carcass Weight","21121","Meat of chickens, fresh or chilled","2006","2006","g/An","1150","X","Value from external organization",""
"QCL","Crops and livestock products","356","India","5424","Yield/Carcass Weight","21121","Meat of chickens, fresh or chilled","2007","2007","g/An","1190","A","Official value",""
"QCL","Crops and livestock products","356","India","5424","Yield/Carcass Weight","21121","Meat of chickens, fresh or chilled","2008","2008","g/An","1178","A","Official value",""
"QCL","Crops and livestock products","356","India","5424","Yield/Carcass Weight","21121","Meat of chickens, fresh or chilled","2009","2009","g/An","1199","A","Official value",""
"QCL","Crops and livestock products","356","India","5424","Yield/Carcass Weight","21121","Meat of chickens, fresh or chilled","2010","2010","g/An","1207","A","Official value",""
"QCL","Crops and livestock products","356","India","5424","Yield/Carcass Weight","21121","Meat of chickens, fresh or chilled","2011","2011","g/An","1335","E","Estimated value",""
"QCL","Crops and livestock products","356","India","5424","Yield/Carcass Weight","21121","Meat of chickens, fresh or chilled","2012","2012","g/An","1241","A","Official value",""
"QCL","Crops and livestock products","356","India","5424","Yield/Carcass Weight","21121","Meat of chickens, fresh or chilled","2013","2013","g/An","1411","A","Official value",""
"QCL","Crops and livestock products","356","India","5424","Yield/Carcass Weight","21121","Meat of chickens, fresh or chilled","2014","2014","g/An","1283","A","Official value",""
"QCL","Crops and livestock products","356","India","5424","Yield/Carcass Weight","21121","Meat of chickens, fresh or chilled","2015","2015","g/An","1363","A","Official value",""
"QCL","Crops and livestock products","356","India","5424","Yield/Carcass Weight","21121","Meat of chickens, fresh or chilled","2016","2016","g/An","1418","E","Estimated value",""
"QCL","Crops and livestock products","356","India","5424","Yield/Carcass Weight","21121","Meat of chickens, fresh or chilled","2017","2017","g/An","1504","E","Estimated value",""
"QCL","Crops and livestock products","356","India","5424","Yield/Carcass Weight","21121","Meat of chickens, fresh or chilled","2018","2018","g/An","1564","E","Estimated value",""
"QCL","Crops and livestock products","356","India","5424","Yield/Carcass Weight","21121","Meat of chickens, fresh or chilled","2019","2019","g/An","1594","E","Estimated value",""
"QCL","Crops and livestock products","356","India","5424","Yield/Carcass Weight","21121","Meat of chickens, fresh or chilled","2020","2020","g/An","1571","E","Estimated value",""
"QCL","Crops and livestock products","356","India","5424","Yield/Carcass Weight","21121","Meat of chickens, fresh or chilled","2021","2021","g/An","1554","E","Estimated value",""
"QCL","Crops and livestock products","356","India","5424","Yield/Carcass Weight","21121","Meat of chickens, fresh or chilled","2022","2022","g/An","1559","A","Official value",""
"QCL","Crops and livestock products","356","India","5424","Yield/Carcass Weight","21121","Meat of chickens, fresh or chilled","2023","2023","g/An","1507","A","Official value",""
"QCL","Crops and livestock products","356","India","5424","Yield/Carcass Weight","21121","Meat of chickens, fresh or chilled","2024","2024","g/An","1496","A","Official value",""
"QCL","Crops and livestock products","356","India","5424","Yield/Carcass Weight","21122","Meat of ducks, fresh or chilled","1961","1961","g/An","1300","E","Estimated value",""
"QCL","Crops and livestock products","356","India","5424","Yield/Carcass Weight","21122","Meat of ducks, fresh or chilled","1962","1962","g/An","1300","E","Estimated value",""
"QCL","Crops and livestock products","356","India","5424","Yield/Carcass Weight","21122","Meat of ducks, fresh or chilled","1963","1963","g/An","1300","E","Estimated value",""
"QCL","Crops and livestock products","356","India","5424","Yield/Carcass Weight","21122","Meat of ducks, fresh or chilled","1964","1964","g/An","1300","E","Estimated value",""
"QCL","Crops and livestock products","356","India","5424","Yield/Carcass Weight","21122","Meat of ducks, fresh or chilled","1965","1965","g/An","1300","E","Estimated value",""
"QCL","Crops and livestock products","356","India","5424","Yield/Carcass Weight","21122","Meat of ducks, fresh or chilled","1966","1966","g/An","1300","E","Estimated value",""
"QCL","Crops and livestock products","356","India","5424","Yield/Carcass Weight","21122","Meat of ducks, fresh or chilled","1967","1967","g/An","1300","E","Estimated value",""
"QCL","Crops and livestock products","356","India","5424","Yield/Carcass Weight","21122","Meat of ducks, fresh or chilled","1968","1968","g/An","1300","E","Estimated value",""
"QCL","Crops and livestock products","356","India","5424","Yield/Carcass Weight","21122","Meat of ducks, fresh or chilled","1969","1969","g/An","1300","E","Estimated value",""
"QCL","Crops and livestock products","356","India","5424","Yield/Carcass Weight","21122","Meat of ducks, fresh or chilled","1970","1970","g/An","1300","E","Estimated value",""
"QCL","Crops and livestock products","356","India","5424","Yield/Carcass Weight","21122","Meat of ducks, fresh or chilled","1971","1971","g/An","1300","E","Estimated value",""
"QCL","Crops and livestock products","356","India","5424","Yield/Carcass Weight","21122","Meat of ducks, fresh or chilled","1972","1972","g/An","1300","E","Estimated value",""
"QCL","Crops and livestock products","356","India","5424","Yield/Carcass Weight","21122","Meat of ducks, fresh or chilled","1973","1973","g/An","1300","E","Estimated value",""
"QCL","Crops and livestock products","356","India","5424","Yield/Carcass Weight","21122","Meat of ducks, fresh or chilled","1974","1974","g/An","1300","E","Estimated value",""
"QCL","Crops and livestock products","356","India","5424","Yield/Carcass Weight","21122","Meat of ducks, fresh or chilled","1975","1975","g/An","1300","E","Estimated value",""
"QCL","Crops and livestock products","356","India","5424","Yield/Carcass Weight","21122","Meat of ducks, fresh or chilled","1976","1976","g/An","1300","E","Estimated value",""
"QCL","Crops and livestock products","356","India","5424","Yield/Carcass Weight","21122","Meat of ducks, fresh or chilled","1977","1977","g/An","1300","E","Estimated value",""
"QCL","Crops and livestock products","356","India","5424","Yield/Carcass Weight","21122","Meat of ducks, fresh or chilled","1978","1978","g/An","1300","E","Estimated value",""
"QCL","Crops and livestock products","356","India","5424","Yield/Carcass Weight","21122","Meat of ducks, fresh or chilled","1979","1979","g/An","1300","E","Estimated value",""
"QCL","Crops and livestock products","356","India","5424","Yield/Carcass Weight","21122","Meat of ducks, fresh or chilled","1980","1980","g/An","1300","E","Estimated value",""
"QCL","Crops and livestock products","356","India","5424","Yield/Carcass Weight","21122","Meat of ducks, fresh or chilled","1981","1981","g/An","1300","E","Estimated value",""
"QCL","Crops and livestock products","356","India","5424","Yield/Carcass Weight","21122","Meat of ducks, fresh or chilled","1982","1982","g/An","1300","E","Estimated value",""
"QCL","Crops and livestock products","356","India","5424","Yield/Carcass Weight","21122","Meat of ducks, fresh or chilled","1983","1983","g/An","1300","E","Estimated value",""
"QCL","Crops and livestock products","356","India","5424","Yield/Carcass Weight","21122","Meat of ducks, fresh or chilled","1984","1984","g/An","1300","E","Estimated value",""
"QCL","Crops and livestock products","356","India","5424","Yield/Carcass Weight","21122","Meat of ducks, fresh or chilled","1985","1985","g/An","1300","E","Estimated value",""
"QCL","Crops and livestock products","356","India","5424","Yield/Carcass Weight","21122","Meat of ducks, fresh or chilled","1986","1986","g/An","1300","E","Estimated value",""
"QCL","Crops and livestock products","356","India","5424","Yield/Carcass Weight","21122","Meat of ducks, fresh or chilled","1987","1987","g/An","1300","E","Estimated value",""
"QCL","Crops and livestock products","356","India","5424","Yield/Carcass Weight","21122","Meat of ducks, fresh or chilled","1988","1988","g/An","1300","E","Estimated value",""
"QCL","Crops and livestock products","356","India","5424","Yield/Carcass Weight","21122","Meat of ducks, fresh or chilled","1989","1989","g/An","1300","E","Estimated value",""
"QCL","Crops and livestock products","356","India","5424","Yield/Carcass Weight","21122","Meat of ducks, fresh or chilled","1990","1990","g/An","1300","E","Estimated value",""
"QCL","Crops and livestock products","356","India","5424","Yield/Carcass Weight","21122","Meat of ducks, fresh or chilled","1991","1991","g/An","1300","E","Estimated value",""
"QCL","Crops and livestock products","356","India","5424","Yield/Carcass Weight","21122","Meat of ducks, fresh or chilled","1992","1992","g/An","1300","E","Estimated value",""
"QCL","Crops and livestock products","356","India","5424","Yield/Carcass Weight","21122","Meat of ducks, fresh or chilled","1993","1993","g/An","1300","E","Estimated value",""
"QCL","Crops and livestock products","356","India","5424","Yield/Carcass Weight","21122","Meat of ducks, fresh or chilled","1994","1994","g/An","1300","E","Estimated value",""
"QCL","Crops and livestock products","356","India","5424","Yield/Carcass Weight","21122","Meat of ducks, fresh or chilled","1995","1995","g/An","1300","E","Estimated value",""
"QCL","Crops and livestock products","356","India","5424","Yield/Carcass Weight","21122","Meat of ducks, fresh or chilled","1996","1996","g/An","1300","E","Estimated value",""
"QCL","Crops and livestock products","356","India","5424","Yield/Carcass Weight","21122","Meat of ducks, fresh or chilled","1997","1997","g/An","1300","E","Estimated value",""
"QCL","Crops and livestock products","356","India","5424","Yield/Carcass Weight","21122","Meat of ducks, fresh or chilled","1998","1998","g/An","1300","E","Estimated value",""
"QCL","Crops and livestock products","356","India","5424","Yield/Carcass Weight","21122","Meat of ducks, fresh or chilled","1999","1999","g/An","1300","E","Estimated value",""
"QCL","Crops and livestock products","356","India","5424","Yield/Carcass Weight","21122","Meat of ducks, fresh or chilled","2000","2000","g/An","1300","E","Estimated value",""
"QCL","Crops and livestock products","356","India","5424","Yield/Carcass Weight","21122","Meat of ducks, fresh or chilled","2001","2001","g/An","1300","E","Estimated value",""
"QCL","Crops and livestock products","356","India","5424","Yield/Carcass Weight","21122","Meat of ducks, fresh or chilled","2002","2002","g/An","1300","E","Estimated value",""
"QCL","Crops and livestock products","356","India","5424","Yield/Carcass Weight","21122","Meat of ducks, fresh or chilled","2003","2003","g/An","1300","E","Estimated value",""
"QCL","Crops and livestock products","356","India","5424","Yield/Carcass Weight","21122","Meat of ducks, fresh or chilled","2004","2004","g/An","1300","E","Estimated value",""
"QCL","Crops and livestock products","356","India","5424","Yield/Carcass Weight","21122","Meat of ducks, fresh or chilled","2005","2005","g/An","1300","E","Estimated value",""
"QCL","Crops and livestock products","356","India","5424","Yield/Carcass Weight","21122","Meat of ducks, fresh or chilled","2006","2006","g/An","1300","E","Estimated value",""
"QCL","Crops and livestock products","356","India","5424","Yield/Carcass Weight","21122","Meat of ducks, fresh or chilled","2007","2007","g/An","1300","E","Estimated value",""
"QCL","Crops and livestock products","356","India","5424","Yield/Carcass Weight","21122","Meat of ducks, fresh or chilled","2008","2008","g/An","1300","E","Estimated value",""
"QCL","Crops and livestock products","356","India","5424","Yield/Carcass Weight","21122","Meat of ducks, fresh or chilled","2009","2009","g/An","1300","E","Estimated value",""
"QCL","Crops and livestock products","356","India","5424","Yield/Carcass Weight","21122","Meat of ducks, fresh or chilled","2010","2010","g/An","1300","E","Estimated value",""
"QCL","Crops and livestock products","356","India","5424","Yield/Carcass Weight","21122","Meat of ducks, fresh or chilled","2011","2011","g/An","1300","E","Estimated value",""
"QCL","Crops and livestock products","356","India","5424","Yield/Carcass Weight","21122","Meat of ducks, fresh or chilled","2012","2012","g/An","1300","E","Estimated value",""
"QCL","Crops and livestock products","356","India","5424","Yield/Carcass Weight","21122","Meat of ducks, fresh or chilled","2013","2013","g/An","1300","E","Estimated value",""
"QCL","Crops and livestock products","356","India","5424","Yield/Carcass Weight","21122","Meat of ducks, fresh or chilled","2014","2014","g/An","1300","E","Estimated value",""
"QCL","Crops and livestock products","356","India","5424","Yield/Carcass Weight","21122","Meat of ducks, fresh or chilled","2015","2015","g/An","1300","E","Estimated value",""
"QCL","Crops and livestock products","356","India","5424","Yield/Carcass Weight","21122","Meat of ducks, fresh or chilled","2016","2016","g/An","1300","E","Estimated value",""
"QCL","Crops and livestock products","356","India","5424","Yield/Carcass Weight","21122","Meat of ducks, fresh or chilled","2017","2017","g/An","1300","E","Estimated value",""
"QCL","Crops and livestock products","356","India","5424","Yield/Carcass Weight","21122","Meat of ducks, fresh or chilled","2018","2018","g/An","1300","E","Estimated value",""
"QCL","Crops and livestock products","356","India","5424","Yield/Carcass Weight","21122","Meat of ducks, fresh or chilled","2019","2019","g/An","1301","E","Estimated value",""
"QCL","Crops and livestock products","356","India","5424","Yield/Carcass Weight","21122","Meat of ducks, fresh or chilled","2020","2020","g/An","1301","E","Estimated value",""
"QCL","Crops and livestock products","356","India","5424","Yield/Carcass Weight","21122","Meat of ducks, fresh or chilled","2021","2021","g/An","1302","E","Estimated value",""
"QCL","Crops and livestock products","356","India","5424","Yield/Carcass Weight","21122","Meat of ducks, fresh or chilled","2022","2022","g/An","1302","E","Estimated value",""
"QCL","Crops and livestock products","356","India","5424","Yield/Carcass Weight","21122","Meat of ducks, fresh or chilled","2023","2023","g/An","1301","E","Estimated value",""
"QCL","Crops and livestock products","356","India","5424","Yield/Carcass Weight","21122","Meat of ducks, fresh or chilled","2024","2024","g/An","1301","E","Estimated value",""
"QCL","Crops and livestock products","356","India","5417","Yield/Carcass Weight","21116","Meat of goat, fresh or chilled","1961","1961","kg/An","10","E","Estimated value",""
"QCL","Crops and livestock products","356","India","5417","Yield/Carcass Weight","21116","Meat of goat, fresh or chilled","1962","1962","kg/An","10","E","Estimated value",""
"QCL","Crops and livestock products","356","India","5417","Yield/Carcass Weight","21116","Meat of goat, fresh or chilled","1963","1963","kg/An","10","E","Estimated value",""
"QCL","Crops and livestock products","356","India","5417","Yield/Carcass Weight","21116","Meat of goat, fresh or chilled","1964","1964","kg/An","10","E","Estimated value",""
"QCL","Crops and livestock products","356","India","5417","Yield/Carcass Weight","21116","Meat of goat, fresh or chilled","1965","1965","kg/An","10","E","Estimated value",""
"QCL","Crops and livestock products","356","India","5417","Yield/Carcass Weight","21116","Meat of goat, fresh or chilled","1966","1966","kg/An","10","E","Estimated value",""
"QCL","Crops and livestock products","356","India","5417","Yield/Carcass Weight","21116","Meat of goat, fresh or chilled","1967","1967","kg/An","10","E","Estimated value",""
"QCL","Crops and livestock products","356","India","5417","Yield/Carcass Weight","21116","Meat of goat, fresh or chilled","1968","1968","kg/An","10","E","Estimated value",""
"QCL","Crops and livestock products","356","India","5417","Yield/Carcass Weight","21116","Meat of goat, fresh or chilled","1969","1969","kg/An","10","E","Estimated value",""
"QCL","Crops and livestock products","356","India","5417","Yield/Carcass Weight","21116","Meat of goat, fresh or chilled","1970","1970","kg/An","10","E","Estimated value",""
"QCL","Crops and livestock products","356","India","5417","Yield/Carcass Weight","21116","Meat of goat, fresh or chilled","1971","1971","kg/An","10","E","Estimated value",""
"QCL","Crops and livestock products","356","India","5417","Yield/Carcass Weight","21116","Meat of goat, fresh or chilled","1972","1972","kg/An","10","E","Estimated value",""
"QCL","Crops and livestock products","356","India","5417","Yield/Carcass Weight","21116","Meat of goat, fresh or chilled","1973","1973","kg/An","10","E","Estimated value",""
"QCL","Crops and livestock products","356","India","5417","Yield/Carcass Weight","21116","Meat of goat, fresh or chilled","1974","1974","kg/An","10","E","Estimated value",""
"QCL","Crops and livestock products","356","India","5417","Yield/Carcass Weight","21116","Meat of goat, fresh or chilled","1975","1975","kg/An","10","E","Estimated value",""
"QCL","Crops and livestock products","356","India","5417","Yield/Carcass Weight","21116","Meat of goat, fresh or chilled","1976","1976","kg/An","10","E","Estimated value",""
"QCL","Crops and livestock products","356","India","5417","Yield/Carcass Weight","21116","Meat of goat, fresh or chilled","1977","1977","kg/An","10","E","Estimated value",""
"QCL","Crops and livestock products","356","India","5417","Yield/Carcass Weight","21116","Meat of goat, fresh or chilled","1978","1978","kg/An","10","E","Estimated value",""
"QCL","Crops and livestock products","356","India","5417","Yield/Carcass Weight","21116","Meat of goat, fresh or chilled","1979","1979","kg/An","10","E","Estimated value",""
"QCL","Crops and livestock products","356","India","5417","Yield/Carcass Weight","21116","Meat of goat, fresh or chilled","1980","1980","kg/An","10","E","Estimated value",""
"QCL","Crops and livestock products","356","India","5417","Yield/Carcass Weight","21116","Meat of goat, fresh or chilled","1981","1981","kg/An","10","E","Estimated value",""
"QCL","Crops and livestock products","356","India","5417","Yield/Carcass Weight","21116","Meat of goat, fresh or chilled","1982","1982","kg/An","10","E","Estimated value",""
"QCL","Crops and livestock products","356","India","5417","Yield/Carcass Weight","21116","Meat of goat, fresh or chilled","1983","1983","kg/An","10","E","Estimated value",""
"QCL","Crops and livestock products","356","India","5417","Yield/Carcass Weight","21116","Meat of goat, fresh or chilled","1984","1984","kg/An","10","E","Estimated value",""
"QCL","Crops and livestock products","356","India","5417","Yield/Carcass Weight","21116","Meat of goat, fresh or chilled","1985","1985","kg/An","10","E","Estimated value",""
"QCL","Crops and livestock products","356","India","5417","Yield/Carcass Weight","21116","Meat of goat, fresh or chilled","1986","1986","kg/An","10","E","Estimated value",""
"QCL","Crops and livestock products","356","India","5417","Yield/Carcass Weight","21116","Meat of goat, fresh or chilled","1987","1987","kg/An","10","E","Estimated value",""
"QCL","Crops and livestock products","356","India","5417","Yield/Carcass Weight","21116","Meat of goat, fresh or chilled","1988","1988","kg/An","10","E","Estimated value",""
"QCL","Crops and livestock products","356","India","5417","Yield/Carcass Weight","21116","Meat of goat, fresh or chilled","1989","1989","kg/An","10","E","Estimated value",""
"QCL","Crops and livestock products","356","India","5417","Yield/Carcass Weight","21116","Meat of goat, fresh or chilled","1990","1990","kg/An","10","E","Estimated value",""
"QCL","Crops and livestock products","356","India","5417","Yield/Carcass Weight","21116","Meat of goat, fresh or chilled","1991","1991","kg/An","10","E","Estimated value",""
"QCL","Crops and livestock products","356","India","5417","Yield/Carcass Weight","21116","Meat of goat, fresh or chilled","1992","1992","kg/An","10","E","Estimated value",""
"QCL","Crops and livestock products","356","India","5417","Yield/Carcass Weight","21116","Meat of goat, fresh or chilled","1993","1993","kg/An","10","E","Estimated value",""
"QCL","Crops and livestock products","356","India","5417","Yield/Carcass Weight","21116","Meat of goat, fresh or chilled","1994","1994","kg/An","10","E","Estimated value",""
"QCL","Crops and livestock products","356","India","5417","Yield/Carcass Weight","21116","Meat of goat, fresh or chilled","1995","1995","kg/An","10","E","Estimated value",""
"QCL","Crops and livestock products","356","India","5417","Yield/Carcass Weight","21116","Meat of goat, fresh or chilled","1996","1996","kg/An","10","E","Estimated value",""
"QCL","Crops and livestock products","356","India","5417","Yield/Carcass Weight","21116","Meat of goat, fresh or chilled","1997","1997","kg/An","10","E","Estimated value",""
"QCL","Crops and livestock products","356","India","5417","Yield/Carcass Weight","21116","Meat of goat, fresh or chilled","1998","1998","kg/An","10","E","Estimated value",""
"QCL","Crops and livestock products","356","India","5417","Yield/Carcass Weight","21116","Meat of goat, fresh or chilled","1999","1999","kg/An","10","E","Estimated value",""
"QCL","Crops and livestock products","356","India","5417","Yield/Carcass Weight","21116","Meat of goat, fresh or chilled","2000","2000","kg/An","10","E","Estimated value",""
"QCL","Crops and livestock products","356","India","5417","Yield/Carcass Weight","21116","Meat of goat, fresh or chilled","2001","2001","kg/An","10","E","Estimated value",""
"QCL","Crops and livestock products","356","India","5417","Yield/Carcass Weight","21116","Meat of goat, fresh or chilled","2002","2002","kg/An","11","E","Estimated value",""
"QCL","Crops and livestock products","356","India","5417","Yield/Carcass Weight","21116","Meat of goat, fresh or chilled","2003","2003","kg/An","11","E","Estimated value",""
"QCL","Crops and livestock products","356","India","5417","Yield/Carcass Weight","21116","Meat of goat, fresh or chilled","2004","2004","kg/An","11","E","Estimated value",""
"QCL","Crops and livestock products","356","India","5417","Yield/Carcass Weight","21116","Meat of goat, fresh or chilled","2005","2005","kg/An","11","E","Estimated value",""
"QCL","Crops and livestock products","356","India","5417","Yield/Carcass Weight","21116","Meat of goat, fresh or chilled","2006","2006","kg/An","11","E","Estimated value",""
"QCL","Crops and livestock products","356","India","5417","Yield/Carcass Weight","21116","Meat of goat, fresh or chilled","2007","2007","kg/An","11","E","Estimated value",""
"QCL","Crops and livestock products","356","India","5417","Yield/Carcass Weight","21116","Meat of goat, fresh or chilled","2008","2008","kg/An","11","E","Estimated value",""
"QCL","Crops and livestock products","356","India","5417","Yield/Carcass Weight","21116","Meat of goat, fresh or chilled","2009","2009","kg/An","11","E","Estimated value",""
"QCL","Crops and livestock products","356","India","5417","Yield/Carcass Weight","21116","Meat of goat, fresh or chilled","2010","2010","kg/An","11","E","Estimated value",""
"QCL","Crops and livestock products","356","India","5417","Yield/Carcass Weight","21116","Meat of goat, fresh or chilled","2011","2011","kg/An","11","E","Estimated value",""
"QCL","Crops and livestock products","356","India","5417","Yield/Carcass Weight","21116","Meat of goat, fresh or chilled","2012","2012","kg/An","11","E","Estimated value",""
"QCL","Crops and livestock products","356","India","5417","Yield/Carcass Weight","21116","Meat of goat, fresh or chilled","2013","2013","kg/An","11","E","Estimated value",""
"QCL","Crops and livestock products","356","India","5417","Yield/Carcass Weight","21116","Meat of goat, fresh or chilled","2014","2014","kg/An","11","A","Official value",""
"QCL","Crops and livestock products","356","India","5417","Yield/Carcass Weight","21116","Meat of goat, fresh or chilled","2015","2015","kg/An","11","E","Estimated value",""
"QCL","Crops and livestock products","356","India","5417","Yield/Carcass Weight","21116","Meat of goat, fresh or chilled","2016","2016","kg/An","11","E","Estimated value",""
"QCL","Crops and livestock products","356","India","5417","Yield/Carcass Weight","21116","Meat of goat, fresh or chilled","2017","2017","kg/An","11","E","Estimated value",""
"QCL","Crops and livestock products","356","India","5417","Yield/Carcass Weight","21116","Meat of goat, fresh or chilled","2018","2018","kg/An","11","A","Official value",""
"QCL","Crops and livestock products","356","India","5417","Yield/Carcass Weight","21116","Meat of goat, fresh or chilled","2019","2019","kg/An","11","A","Official value",""
"QCL","Crops and livestock products","356","India","5417","Yield/Carcass Weight","21116","Meat of goat, fresh or chilled","2020","2020","kg/An","11","A","Official value",""
"QCL","Crops and livestock products","356","India","5417","Yield/Carcass Weight","21116","Meat of goat, fresh or chilled","2021","2021","kg/An","11","A","Official value",""
"QCL","Crops and livestock products","356","India","5417","Yield/Carcass Weight","21116","Meat of goat, fresh or chilled","2022","2022","kg/An","11","A","Official value",""
"QCL","Crops and livestock products","356","India","5417","Yield/Carcass Weight","21116","Meat of goat, fresh or chilled","2023","2023","kg/An","12","A","Official value",""
"QCL","Crops and livestock products","356","India","5417","Yield/Carcass Weight","21116","Meat of goat, fresh or chilled","2024","2024","kg/An","12","E","Estimated value",""
"QCL","Crops and livestock products","356","India","5417","Yield/Carcass Weight","21113.01","Meat of pig with the bone, fresh or chilled","1961","1961","kg/An","35","E","Estimated value",""
"QCL","Crops and livestock products","356","India","5417","Yield/Carcass Weight","21113.01","Meat of pig with the bone, fresh or chilled","1962","1962","kg/An","35","E","Estimated value",""
"QCL","Crops and livestock products","356","India","5417","Yield/Carcass Weight","21113.01","Meat of pig with the bone, fresh or chilled","1963","1963","kg/An","35","E","Estimated value",""
"QCL","Crops and livestock products","356","India","5417","Yield/Carcass Weight","21113.01","Meat of pig with the bone, fresh or chilled","1964","1964","kg/An","35","E","Estimated value",""
"QCL","Crops and livestock products","356","India","5417","Yield/Carcass Weight","21113.01","Meat of pig with the bone, fresh or chilled","1965","1965","kg/An","35","E","Estimated value",""
"QCL","Crops and livestock products","356","India","5417","Yield/Carcass Weight","21113.01","Meat of pig with the bone, fresh or chilled","1966","1966","kg/An","35","E","Estimated value",""
"QCL","Crops and livestock products","356","India","5417","Yield/Carcass Weight","21113.01","Meat of pig with the bone, fresh or chilled","1967","1967","kg/An","35","E","Estimated value",""
"QCL","Crops and livestock products","356","India","5417","Yield/Carcass Weight","21113.01","Meat of pig with the bone, fresh or chilled","1968","1968","kg/An","35","E","Estimated value",""
"QCL","Crops and livestock products","356","India","5417","Yield/Carcass Weight","21113.01","Meat of pig with the bone, fresh or chilled","1969","1969","kg/An","35","E","Estimated value",""
"QCL","Crops and livestock products","356","India","5417","Yield/Carcass Weight","21113.01","Meat of pig with the bone, fresh or chilled","1970","1970","kg/An","35","E","Estimated value",""
"QCL","Crops and livestock products","356","India","5417","Yield/Carcass Weight","21113.01","Meat of pig with the bone, fresh or chilled","1971","1971","kg/An","35","E","Estimated value",""
"QCL","Crops and livestock products","356","India","5417","Yield/Carcass Weight","21113.01","Meat of pig with the bone, fresh or chilled","1972","1972","kg/An","35","E","Estimated value",""
"QCL","Crops and livestock products","356","India","5417","Yield/Carcass Weight","21113.01","Meat of pig with the bone, fresh or chilled","1973","1973","kg/An","35","E","Estimated value",""
"QCL","Crops and livestock products","356","India","5417","Yield/Carcass Weight","21113.01","Meat of pig with the bone, fresh or chilled","1974","1974","kg/An","35","E","Estimated value",""
"QCL","Crops and livestock products","356","India","5417","Yield/Carcass Weight","21113.01","Meat of pig with the bone, fresh or chilled","1975","1975","kg/An","35","E","Estimated value",""
"QCL","Crops and livestock products","356","India","5417","Yield/Carcass Weight","21113.01","Meat of pig with the bone, fresh or chilled","1976","1976","kg/An","35","E","Estimated value",""
"QCL","Crops and livestock products","356","India","5417","Yield/Carcass Weight","21113.01","Meat of pig with the bone, fresh or chilled","1977","1977","kg/An","35","E","Estimated value",""
"QCL","Crops and livestock products","356","India","5417","Yield/Carcass Weight","21113.01","Meat of pig with the bone, fresh or chilled","1978","1978","kg/An","35","E","Estimated value",""
"QCL","Crops and livestock products","356","India","5417","Yield/Carcass Weight","21113.01","Meat of pig with the bone, fresh or chilled","1979","1979","kg/An","35","E","Estimated value",""
"QCL","Crops and livestock products","356","India","5417","Yield/Carcass Weight","21113.01","Meat of pig with the bone, fresh or chilled","1980","1980","kg/An","35","E","Estimated value",""
"QCL","Crops and livestock products","356","India","5417","Yield/Carcass Weight","21113.01","Meat of pig with the bone, fresh or chilled","1981","1981","kg/An","35","E","Estimated value",""
"QCL","Crops and livestock products","356","India","5417","Yield/Carcass Weight","21113.01","Meat of pig with the bone, fresh or chilled","1982","1982","kg/An","35","E","Estimated value",""
"QCL","Crops and livestock products","356","India","5417","Yield/Carcass Weight","21113.01","Meat of pig with the bone, fresh or chilled","1983","1983","kg/An","35","E","Estimated value",""
"QCL","Crops and livestock products","356","India","5417","Yield/Carcass Weight","21113.01","Meat of pig with the bone, fresh or chilled","1984","1984","kg/An","35","E","Estimated value",""
"QCL","Crops and livestock products","356","India","5417","Yield/Carcass Weight","21113.01","Meat of pig with the bone, fresh or chilled","1985","1985","kg/An","35","E","Estimated value",""
"QCL","Crops and livestock products","356","India","5417","Yield/Carcass Weight","21113.01","Meat of pig with the bone, fresh or chilled","1986","1986","kg/An","35","E","Estimated value",""
"QCL","Crops and livestock products","356","India","5417","Yield/Carcass Weight","21113.01","Meat of pig with the bone, fresh or chilled","1987","1987","kg/An","35","E","Estimated value",""
"QCL","Crops and livestock products","356","India","5417","Yield/Carcass Weight","21113.01","Meat of pig with the bone, fresh or chilled","1988","1988","kg/An","35","E","Estimated value",""
"QCL","Crops and livestock products","356","India","5417","Yield/Carcass Weight","21113.01","Meat of pig with the bone, fresh or chilled","1989","1989","kg/An","35","E","Estimated value",""
"QCL","Crops and livestock products","356","India","5417","Yield/Carcass Weight","21113.01","Meat of pig with the bone, fresh or chilled","1990","1990","kg/An","35","E","Estimated value",""
"QCL","Crops and livestock products","356","India","5417","Yield/Carcass Weight","21113.01","Meat of pig with the bone, fresh or chilled","1991","1991","kg/An","35","E","Estimated value",""
"QCL","Crops and livestock products","356","India","5417","Yield/Carcass Weight","21113.01","Meat of pig with the bone, fresh or chilled","1992","1992","kg/An","35","E","Estimated value",""
"QCL","Crops and livestock products","356","India","5417","Yield/Carcass Weight","21113.01","Meat of pig with the bone, fresh or chilled","1993","1993","kg/An","35","E","Estimated value",""
"QCL","Crops and livestock products","356","India","5417","Yield/Carcass Weight","21113.01","Meat of pig with the bone, fresh or chilled","1994","1994","kg/An","35","E","Estimated value",""
"QCL","Crops and livestock products","356","India","5417","Yield/Carcass Weight","21113.01","Meat of pig with the bone, fresh or chilled","1995","1995","kg/An","35","E","Estimated value",""
"QCL","Crops and livestock products","356","India","5417","Yield/Carcass Weight","21113.01","Meat of pig with the bone, fresh or chilled","1996","1996","kg/An","35","E","Estimated value",""
"QCL","Crops and livestock products","356","India","5417","Yield/Carcass Weight","21113.01","Meat of pig with the bone, fresh or chilled","1997","1997","kg/An","35","E","Estimated value",""
"QCL","Crops and livestock products","356","India","5417","Yield/Carcass Weight","21113.01","Meat of pig with the bone, fresh or chilled","1998","1998","kg/An","35","E","Estimated value",""
"QCL","Crops and livestock products","356","India","5417","Yield/Carcass Weight","21113.01","Meat of pig with the bone, fresh or chilled","1999","1999","kg/An","35","E","Estimated value",""
"QCL","Crops and livestock products","356","India","5417","Yield/Carcass Weight","21113.01","Meat of pig with the bone, fresh or chilled","2000","2000","kg/An","35","E","Estimated value",""
"QCL","Crops and livestock products","356","India","5417","Yield/Carcass Weight","21113.01","Meat of pig with the bone, fresh or chilled","2001","2001","kg/An","35","E","Estimated value",""
"QCL","Crops and livestock products","356","India","5417","Yield/Carcass Weight","21113.01","Meat of pig with the bone, fresh or chilled","2002","2002","kg/An","35","E","Estimated value",""
"QCL","Crops and livestock products","356","India","5417","Yield/Carcass Weight","21113.01","Meat of pig with the bone, fresh or chilled","2003","2003","kg/An","35","E","Estimated value",""
"QCL","Crops and livestock products","356","India","5417","Yield/Carcass Weight","21113.01","Meat of pig with the bone, fresh or chilled","2004","2004","kg/An","35","E","Estimated value",""
"QCL","Crops and livestock products","356","India","5417","Yield/Carcass Weight","21113.01","Meat of pig with the bone, fresh or chilled","2005","2005","kg/An","35","E","Estimated value",""
"QCL","Crops and livestock products","356","India","5417","Yield/Carcass Weight","21113.01","Meat of pig with the bone, fresh or chilled","2006","2006","kg/An","35","E","Estimated value",""
"QCL","Crops and livestock products","356","India","5417","Yield/Carcass Weight","21113.01","Meat of pig with the bone, fresh or chilled","2007","2007","kg/An","35","E","Estimated value",""
"QCL","Crops and livestock products","356","India","5417","Yield/Carcass Weight","21113.01","Meat of pig with the bone, fresh or chilled","2008","2008","kg/An","35","E","Estimated value",""
"QCL","Crops and livestock products","356","India","5417","Yield/Carcass Weight","21113.01","Meat of pig with the bone, fresh or chilled","2009","2009","kg/An","35","E","Estimated value",""
"QCL","Crops and livestock products","356","India","5417","Yield/Carcass Weight","21113.01","Meat of pig with the bone, fresh or chilled","2010","2010","kg/An","35","E","Estimated value",""
"QCL","Crops and livestock products","356","India","5417","Yield/Carcass Weight","21113.01","Meat of pig with the bone, fresh or chilled","2011","2011","kg/An","35","E","Estimated value",""
"QCL","Crops and livestock products","356","India","5417","Yield/Carcass Weight","21113.01","Meat of pig with the bone, fresh or chilled","2012","2012","kg/An","35","E","Estimated value",""
"QCL","Crops and livestock products","356","India","5417","Yield/Carcass Weight","21113.01","Meat of pig with the bone, fresh or chilled","2013","2013","kg/An","35","E","Estimated value",""
"QCL","Crops and livestock products","356","India","5417","Yield/Carcass Weight","21113.01","Meat of pig with the bone, fresh or chilled","2014","2014","kg/An","35","E","Estimated value",""
"QCL","Crops and livestock products","356","India","5417","Yield/Carcass Weight","21113.01","Meat of pig with the bone, fresh or chilled","2015","2015","kg/An","35","E","Estimated value",""
"QCL","Crops and livestock products","356","India","5417","Yield/Carcass Weight","21113.01","Meat of pig with the bone, fresh or chilled","2016","2016","kg/An","35","E","Estimated value",""
"QCL","Crops and livestock products","356","India","5417","Yield/Carcass Weight","21113.01","Meat of pig with the bone, fresh or chilled","2017","2017","kg/An","35","E","Estimated value",""
"QCL","Crops and livestock products","356","India","5417","Yield/Carcass Weight","21113.01","Meat of pig with the bone, fresh or chilled","2018","2018","kg/An","38","A","Official value",""
"QCL","Crops and livestock products","356","India","5417","Yield/Carcass Weight","21113.01","Meat of pig with the bone, fresh or chilled","2019","2019","kg/An","37","A","Official value",""
"QCL","Crops and livestock products","356","India","5417","Yield/Carcass Weight","21113.01","Meat of pig with the bone, fresh or chilled","2020","2020","kg/An","39","E","Estimated value",""
"QCL","Crops and livestock products","356","India","5417","Yield/Carcass Weight","21113.01","Meat of pig with the bone, fresh or chilled","2021","2021","kg/An","41","A","Official value",""
"QCL","Crops and livestock products","356","India","5417","Yield/Carcass Weight","21113.01","Meat of pig with the bone, fresh or chilled","2022","2022","kg/An","40","A","Official value",""
"QCL","Crops and livestock products","356","India","5417","Yield/Carcass Weight","21113.01","Meat of pig with the bone, fresh or chilled","2023","2023","kg/An","40","A","Official value",""
"QCL","Crops and livestock products","356","India","5417","Yield/Carcass Weight","21113.01","Meat of pig with the bone, fresh or chilled","2024","2024","kg/An","40","E","Estimated value",""
"QCL","Crops and livestock products","356","India","5417","Yield/Carcass Weight","21115","Meat of sheep, fresh or chilled","1961","1961","kg/An","12","E","Estimated value",""
"QCL","Crops and livestock products","356","India","5417","Yield/Carcass Weight","21115","Meat of sheep, fresh or chilled","1962","1962","kg/An","12","E","Estimated value",""
"QCL","Crops and livestock products","356","India","5417","Yield/Carcass Weight","21115","Meat of sheep, fresh or chilled","1963","1963","kg/An","12","E","Estimated value",""
"QCL","Crops and livestock products","356","India","5417","Yield/Carcass Weight","21115","Meat of sheep, fresh or chilled","1964","1964","kg/An","12","E","Estimated value",""
"QCL","Crops and livestock products","356","India","5417","Yield/Carcass Weight","21115","Meat of sheep, fresh or chilled","1965","1965","kg/An","12","E","Estimated value",""
"QCL","Crops and livestock products","356","India","5417","Yield/Carcass Weight","21115","Meat of sheep, fresh or chilled","1966","1966","kg/An","12","E","Estimated value",""
"QCL","Crops and livestock products","356","India","5417","Yield/Carcass Weight","21115","Meat of sheep, fresh or chilled","1967","1967","kg/An","12","E","Estimated value",""
"QCL","Crops and livestock products","356","India","5417","Yield/Carcass Weight","21115","Meat of sheep, fresh or chilled","1968","1968","kg/An","12","E","Estimated value",""
"QCL","Crops and livestock products","356","India","5417","Yield/Carcass Weight","21115","Meat of sheep, fresh or chilled","1969","1969","kg/An","12","E","Estimated value",""
"QCL","Crops and livestock products","356","India","5417","Yield/Carcass Weight","21115","Meat of sheep, fresh or chilled","1970","1970","kg/An","12","E","Estimated value",""
"QCL","Crops and livestock products","356","India","5417","Yield/Carcass Weight","21115","Meat of sheep, fresh or chilled","1971","1971","kg/An","12","E","Estimated value",""
"QCL","Crops and livestock products","356","India","5417","Yield/Carcass Weight","21115","Meat of sheep, fresh or chilled","1972","1972","kg/An","12","E","Estimated value",""
"QCL","Crops and livestock products","356","India","5417","Yield/Carcass Weight","21115","Meat of sheep, fresh or chilled","1973","1973","kg/An","12","E","Estimated value",""
"QCL","Crops and livestock products","356","India","5417","Yield/Carcass Weight","21115","Meat of sheep, fresh or chilled","1974","1974","kg/An","12","E","Estimated value",""
"QCL","Crops and livestock products","356","India","5417","Yield/Carcass Weight","21115","Meat of sheep, fresh or chilled","1975","1975","kg/An","12","E","Estimated value",""
"QCL","Crops and livestock products","356","India","5417","Yield/Carcass Weight","21115","Meat of sheep, fresh or chilled","1976","1976","kg/An","12","E","Estimated value",""
"QCL","Crops and livestock products","356","India","5417","Yield/Carcass Weight","21115","Meat of sheep, fresh or chilled","1977","1977","kg/An","12","E","Estimated value",""
"QCL","Crops and livestock products","356","India","5417","Yield/Carcass Weight","21115","Meat of sheep, fresh or chilled","1978","1978","kg/An","12","E","Estimated value",""
"QCL","Crops and livestock products","356","India","5417","Yield/Carcass Weight","21115","Meat of sheep, fresh or chilled","1979","1979","kg/An","12","E","Estimated value",""
"QCL","Crops and livestock products","356","India","5417","Yield/Carcass Weight","21115","Meat of sheep, fresh or chilled","1980","1980","kg/An","12","E","Estimated value",""
"QCL","Crops and livestock products","356","India","5417","Yield/Carcass Weight","21115","Meat of sheep, fresh or chilled","1981","1981","kg/An","12","E","Estimated value",""
"QCL","Crops and livestock products","356","India","5417","Yield/Carcass Weight","21115","Meat of sheep, fresh or chilled","1982","1982","kg/An","12","E","Estimated value",""
"QCL","Crops and livestock products","356","India","5417","Yield/Carcass Weight","21115","Meat of sheep, fresh or chilled","1983","1983","kg/An","12","E","Estimated value",""
"QCL","Crops and livestock products","356","India","5417","Yield/Carcass Weight","21115","Meat of sheep, fresh or chilled","1984","1984","kg/An","12","E","Estimated value",""
"QCL","Crops and livestock products","356","India","5417","Yield/Carcass Weight","21115","Meat of sheep, fresh or chilled","1985","1985","kg/An","12","E","Estimated value",""
"QCL","Crops and livestock products","356","India","5417","Yield/Carcass Weight","21115","Meat of sheep, fresh or chilled","1986","1986","kg/An","12","E","Estimated value",""
"QCL","Crops and livestock products","356","India","5417","Yield/Carcass Weight","21115","Meat of sheep, fresh or chilled","1987","1987","kg/An","12","E","Estimated value",""
"QCL","Crops and livestock products","356","India","5417","Yield/Carcass Weight","21115","Meat of sheep, fresh or chilled","1988","1988","kg/An","12","E","Estimated value",""
"QCL","Crops and livestock products","356","India","5417","Yield/Carcass Weight","21115","Meat of sheep, fresh or chilled","1989","1989","kg/An","12","E","Estimated value",""
"QCL","Crops and livestock products","356","India","5417","Yield/Carcass Weight","21115","Meat of sheep, fresh or chilled","1990","1990","kg/An","12","E","Estimated value",""
"QCL","Crops and livestock products","356","India","5417","Yield/Carcass Weight","21115","Meat of sheep, fresh or chilled","1991","1991","kg/An","12","E","Estimated value",""
"QCL","Crops and livestock products","356","India","5417","Yield/Carcass Weight","21115","Meat of sheep, fresh or chilled","1992","1992","kg/An","12","E","Estimated value",""
"QCL","Crops and livestock products","356","India","5417","Yield/Carcass Weight","21115","Meat of sheep, fresh or chilled","1993","1993","kg/An","12","E","Estimated value",""
"QCL","Crops and livestock products","356","India","5417","Yield/Carcass Weight","21115","Meat of sheep, fresh or chilled","1994","1994","kg/An","12","E","Estimated value",""
"QCL","Crops and livestock products","356","India","5417","Yield/Carcass Weight","21115","Meat of sheep, fresh or chilled","1995","1995","kg/An","12","E","Estimated value",""
"QCL","Crops and livestock products","356","India","5417","Yield/Carcass Weight","21115","Meat of sheep, fresh or chilled","1996","1996","kg/An","12","E","Estimated value",""
"QCL","Crops and livestock products","356","India","5417","Yield/Carcass Weight","21115","Meat of sheep, fresh or chilled","1997","1997","kg/An","12","E","Estimated value",""
"QCL","Crops and livestock products","356","India","5417","Yield/Carcass Weight","21115","Meat of sheep, fresh or chilled","1998","1998","kg/An","12","E","Estimated value",""
"QCL","Crops and livestock products","356","India","5417","Yield/Carcass Weight","21115","Meat of sheep, fresh or chilled","1999","1999","kg/An","12","E","Estimated value",""
"QCL","Crops and livestock products","356","India","5417","Yield/Carcass Weight","21115","Meat of sheep, fresh or chilled","2000","2000","kg/An","12","E","Estimated value",""
"QCL","Crops and livestock products","356","India","5417","Yield/Carcass Weight","21115","Meat of sheep, fresh or chilled","2001","2001","kg/An","12","E","Estimated value",""
"QCL","Crops and livestock products","356","India","5417","Yield/Carcass Weight","21115","Meat of sheep, fresh or chilled","2002","2002","kg/An","12","E","Estimated value",""
"QCL","Crops and livestock products","356","India","5417","Yield/Carcass Weight","21115","Meat of sheep, fresh or chilled","2003","2003","kg/An","12","E","Estimated value",""
"QCL","Crops and livestock products","356","India","5417","Yield/Carcass Weight","21115","Meat of sheep, fresh or chilled","2004","2004","kg/An","12","E","Estimated value",""
"QCL","Crops and livestock products","356","India","5417","Yield/Carcass Weight","21115","Meat of sheep, fresh or chilled","2005","2005","kg/An","12","E","Estimated value",""
"QCL","Crops and livestock products","356","India","5417","Yield/Carcass Weight","21115","Meat of sheep, fresh or chilled","2006","2006","kg/An","12","E","Estimated value",""
"QCL","Crops and livestock products","356","India","5417","Yield/Carcass Weight","21115","Meat of sheep, fresh or chilled","2007","2007","kg/An","12","E","Estimated value",""
"QCL","Crops and livestock products","356","India","5417","Yield/Carcass Weight","21115","Meat of sheep, fresh or chilled","2008","2008","kg/An","12","E","Estimated value",""
"QCL","Crops and livestock products","356","India","5417","Yield/Carcass Weight","21115","Meat of sheep, fresh or chilled","2009","2009","kg/An","12","E","Estimated value",""
"QCL","Crops and livestock products","356","India","5417","Yield/Carcass Weight","21115","Meat of sheep, fresh or chilled","2010","2010","kg/An","12","E","Estimated value",""
"QCL","Crops and livestock products","356","India","5417","Yield/Carcass Weight","21115","Meat of sheep, fresh or chilled","2011","2011","kg/An","12","E","Estimated value",""
"QCL","Crops and livestock products","356","India","5417","Yield/Carcass Weight","21115","Meat of sheep, fresh or chilled","2012","2012","kg/An","12","E","Estimated value",""
"QCL","Crops and livestock products","356","India","5417","Yield/Carcass Weight","21115","Meat of sheep, fresh or chilled","2013","2013","kg/An","12","E","Estimated value",""
"QCL","Crops and livestock products","356","India","5417","Yield/Carcass Weight","21115","Meat of sheep, fresh or chilled","2014","2014","kg/An","12","A","Official value",""
"QCL","Crops and livestock products","356","India","5417","Yield/Carcass Weight","21115","Meat of sheep, fresh or chilled","2015","2015","kg/An","12","E","Estimated value",""
"QCL","Crops and livestock products","356","India","5417","Yield/Carcass Weight","21115","Meat of sheep, fresh or chilled","2016","2016","kg/An","13","E","Estimated value",""
"QCL","Crops and livestock products","356","India","5417","Yield/Carcass Weight","21115","Meat of sheep, fresh or chilled","2017","2017","kg/An","13","E","Estimated value",""
"QCL","Crops and livestock products","356","India","5417","Yield/Carcass Weight","21115","Meat of sheep, fresh or chilled","2018","2018","kg/An","13","A","Official value",""
"QCL","Crops and livestock products","356","India","5417","Yield/Carcass Weight","21115","Meat of sheep, fresh or chilled","2019","2019","kg/An","14","A","Official value",""
"QCL","Crops and livestock products","356","India","5417","Yield/Carcass Weight","21115","Meat of sheep, fresh or chilled","2020","2020","kg/An","14","A","Official value",""
"QCL","Crops and livestock products","356","India","5417","Yield/Carcass Weight","21115","Meat of sheep, fresh or chilled","2021","2021","kg/An","14","A","Official value",""
"QCL","Crops and livestock products","356","India","5417","Yield/Carcass Weight","21115","Meat of sheep, fresh or chilled","2022","2022","kg/An","14","A","Official value",""
"QCL","Crops and livestock products","356","India","5417","Yield/Carcass Weight","21115","Meat of sheep, fresh or chilled","2023","2023","kg/An","14","A","Official value",""
"QCL","Crops and livestock products","356","India","5417","Yield/Carcass Weight","21115","Meat of sheep, fresh or chilled","2024","2024","kg/An","14","E","Estimated value",""
"QCL","Crops and livestock products","356","India","5412","Yield","0118","Millet","1961","1961","kg/ha","414.1","A","Official value",""
"QCL","Crops and livestock products","356","India","5412","Yield","0118","Millet","1962","1962","kg/ha","431.2","A","Official value",""
"QCL","Crops and livestock products","356","India","5412","Yield","0118","Millet","1963","1963","kg/ha","435.3","A","Official value",""
"QCL","Crops and livestock products","356","India","5412","Yield","0118","Millet","1964","1964","kg/ha","450.1","A","Official value",""
"QCL","Crops and livestock products","356","India","5412","Yield","0118","Millet","1965","1965","kg/ha","345.1","A","Official value",""
"QCL","Crops and livestock products","356","India","5412","Yield","0118","Millet","1966","1966","kg/ha","396.4","A","Official value",""
"QCL","Crops and livestock products","356","India","5412","Yield","0118","Millet","1967","1967","kg/ha","449.8","A","Official value",""
"QCL","Crops and livestock products","356","India","5412","Yield","0118","Millet","1968","1968","kg/ha","381","A","Official value",""
"QCL","Crops and livestock products","356","India","5412","Yield","0118","Millet","1969","1969","kg/ha","458.6","A","Official value",""
"QCL","Crops and livestock products","356","India","5412","Yield","0118","Millet","1970","1970","kg/ha","603.5","A","Official value",""
"QCL","Crops and livestock products","356","India","5412","Yield","0118","Millet","1971","1971","kg/ha","492.5","A","Official value",""
"QCL","Crops and livestock products","356","India","5412","Yield","0118","Millet","1972","1972","kg/ha","402.2","A","Official value",""
"QCL","Crops and livestock products","356","India","5412","Yield","0118","Millet","1973","1973","kg/ha","554","A","Official value",""
"QCL","Crops and livestock products","356","India","5412","Yield","0118","Millet","1974","1974","kg/ha","385.4","A","Official value",""
"QCL","Crops and livestock products","356","India","5412","Yield","0118","Millet","1975","1975","kg/ha","554","A","Official value",""
"QCL","Crops and livestock products","356","India","5412","Yield","0118","Millet","1976","1976","kg/ha","538.3","A","Official value",""
"QCL","Crops and livestock products","356","India","5412","Yield","0118","Millet","1977","1977","kg/ha","528.8","A","Official value",""
"QCL","Crops and livestock products","356","India","5412","Yield","0118","Millet","1978","1978","kg/ha","576.4","A","Official value",""
"QCL","Crops and livestock products","356","India","5412","Yield","0118","Millet","1979","1979","kg/ha","470.7","A","Official value",""
"QCL","Crops and livestock products","356","India","5412","Yield","0118","Millet","1980","1980","kg/ha","514.2","A","Official value",""
"QCL","Crops and livestock products","356","India","5412","Yield","0118","Millet","1981","1981","kg/ha","557.5","A","Official value",""
"QCL","Crops and livestock products","356","India","5412","Yield","0118","Millet","1982","1982","kg/ha","509.3","A","Official value",""
"QCL","Crops and livestock products","356","India","5412","Yield","0118","Millet","1983","1983","kg/ha","678.5","A","Official value",""
"QCL","Crops and livestock products","356","India","5412","Yield","0118","Millet","1984","1984","kg/ha","602.4","A","Official value",""
"QCL","Crops and livestock products","356","India","5412","Yield","0118","Millet","1985","1985","kg/ha","456.5","A","Official value",""
"QCL","Crops and livestock products","356","India","5412","Yield","0118","Millet","1986","1986","kg/ha","503.6","A","Official value",""
"QCL","Crops and livestock products","356","India","5412","Yield","0118","Millet","1987","1987","kg/ha","495.7","A","Official value",""
"QCL","Crops and livestock products","356","India","5412","Yield","0118","Millet","1988","1988","kg/ha","663.7","A","Official value",""
"QCL","Crops and livestock products","356","India","5412","Yield","0118","Millet","1989","1989","kg/ha","672.4","A","Official value",""
"QCL","Crops and livestock products","356","India","5412","Yield","0118","Millet","1990","1990","kg/ha","690.5","A","Official value",""
"QCL","Crops and livestock products","356","India","5412","Yield","0118","Millet","1991","1991","kg/ha","570.6","A","Official value",""
"QCL","Crops and livestock products","356","India","5412","Yield","0118","Millet","1992","1992","kg/ha","846.6","A","Official value",""
"QCL","Crops and livestock products","356","India","5412","Yield","0118","Millet","1993","1993","kg/ha","620.6","A","Official value",""
"QCL","Crops and livestock products","356","India","5412","Yield","0118","Millet","1994","1994","kg/ha","747.5","A","Official value",""
"QCL","Crops and livestock products","356","India","5412","Yield","0118","Millet","1995","1995","kg/ha","679","A","Official value",""
"QCL","Crops and livestock products","356","India","5412","Yield","0118","Millet","1996","1996","kg/ha","803.9","A","Official value",""
"QCL","Crops and livestock products","356","India","5412","Yield","0118","Millet","1997","1997","kg/ha","787.3","A","Official value",""
"QCL","Crops and livestock products","356","India","5412","Yield","0118","Millet","1998","1998","kg/ha","812","A","Official value",""
"QCL","Crops and livestock products","356","India","5412","Yield","0118","Millet","1999","1999","kg/ha","732.2","A","Official value",""
"QCL","Crops and livestock products","356","India","5412","Yield","0118","Millet","2000","2000","kg/ha","781.5","A","Official value",""
"QCL","Crops and livestock products","356","India","5412","Yield","0118","Millet","2001","2001","kg/ha","900.6","A","Official value",""
"QCL","Crops and livestock products","356","India","5412","Yield","0118","Millet","2002","2002","kg/ha","631.1","A","Official value",""
"QCL","Crops and livestock products","356","India","5412","Yield","0118","Millet","2003","2003","kg/ha","1081.4","A","Official value",""
"QCL","Crops and livestock products","356","India","5412","Yield","0118","Millet","2004","2004","kg/ha","913.6","A","Official value",""
"QCL","Crops and livestock products","356","India","5412","Yield","0118","Millet","2005","2005","kg/ha","857.5","A","Official value",""
"QCL","Crops and livestock products","356","India","5412","Yield","0118","Millet","2006","2006","kg/ha","888.2","A","Official value",""
"QCL","Crops and livestock products","356","India","5412","Yield","0118","Millet","2007","2007","kg/ha","1044.9","A","Official value",""
"QCL","Crops and livestock products","356","India","5412","Yield","0118","Millet","2008","2008","kg/ha","1031.2","A","Official value",""
"QCL","Crops and livestock products","356","India","5412","Yield","0118","Millet","2009","2009","kg/ha","800.9","A","Official value",""
"QCL","Crops and livestock products","356","India","5412","Yield","0118","Millet","2010","2010","kg/ha","1105.5","A","Official value",""
"QCL","Crops and livestock products","356","India","5412","Yield","0118","Millet","2011","2011","kg/ha","1171.4","A","Official value",""
"QCL","Crops and livestock products","356","India","5412","Yield","0118","Millet","2012","2012","kg/ha","1205","A","Official value",""
"QCL","Crops and livestock products","356","India","5412","Yield","0118","Millet","2013","2013","kg/ha","1204","A","Official value",""
"QCL","Crops and livestock products","356","India","5412","Yield","0118","Millet","2014","2014","kg/ha","1275.9","A","Official value",""
"QCL","Crops and livestock products","356","India","5412","Yield","0118","Millet","2015","2015","kg/ha","1152.8","A","Official value",""
"QCL","Crops and livestock products","356","India","5412","Yield","0118","Millet","2016","2016","kg/ha","1270.9","A","Official value",""
"QCL","Crops and livestock products","356","India","5412","Yield","0118","Millet","2017","2017","kg/ha","1261.6","A","Official value",""
"QCL","Crops and livestock products","356","India","5412","Yield","0118","Millet","2018","2018","kg/ha","1211.4","A","Official value",""
"QCL","Crops and livestock products","356","India","5412","Yield","0118","Millet","2019","2019","kg/ha","1386.8","A","Official value",""
"QCL","Crops and livestock products","356","India","5412","Yield","0118","Millet","2020","2020","kg/ha","1427.1","A","Official value",""
"QCL","Crops and livestock products","356","India","5412","Yield","0118","Millet","2021","2021","kg/ha","1396","A","Official value",""
"QCL","Crops and livestock products","356","India","5412","Yield","0118","Millet","2022","2022","kg/ha","1417.7","A","Official value",""
"QCL","Crops and livestock products","356","India","5412","Yield","0118","Millet","2023","2023","kg/ha","1419.7","A","Official value",""
"QCL","Crops and livestock products","356","India","5412","Yield","0118","Millet","2024","2024","kg/ha","1431.4","A","Official value",""
"QCL","Crops and livestock products","356","India","5412","Yield","01950.01","Natural rubber in primary forms","1961","1961","kg/ha","599.8","E","Estimated value",""
"QCL","Crops and livestock products","356","India","5412","Yield","01950.01","Natural rubber in primary forms","1962","1962","kg/ha","603","E","Estimated value",""
"QCL","Crops and livestock products","356","India","5412","Yield","01950.01","Natural rubber in primary forms","1963","1963","kg/ha","620","E","Estimated value",""
"QCL","Crops and livestock products","356","India","5412","Yield","01950.01","Natural rubber in primary forms","1964","1964","kg/ha","597.9","E","Estimated value",""
"QCL","Crops and livestock products","356","India","5412","Yield","01950.01","Natural rubber in primary forms","1965","1965","kg/ha","602.3","E","Estimated value",""
"QCL","Crops and livestock products","356","India","5412","Yield","01950.01","Natural rubber in primary forms","1966","1966","kg/ha","604.5","E","Estimated value",""
"QCL","Crops and livestock products","356","India","5412","Yield","01950.01","Natural rubber in primary forms","1967","1967","kg/ha","612.8","E","Estimated value",""
"QCL","Crops and livestock products","356","India","5412","Yield","01950.01","Natural rubber in primary forms","1968","1968","kg/ha","625.9","E","Estimated value",""
"QCL","Crops and livestock products","356","India","5412","Yield","01950.01","Natural rubber in primary forms","1969","1969","kg/ha","666.3","E","Estimated value",""
"QCL","Crops and livestock products","356","India","5412","Yield","01950.01","Natural rubber in primary forms","1970","1970","kg/ha","651.5","E","Estimated value",""
"QCL","Crops and livestock products","356","India","5412","Yield","01950.01","Natural rubber in primary forms","1971","1971","kg/ha","653.9","A","Official value",""
"QCL","Crops and livestock products","356","India","5412","Yield","01950.01","Natural rubber in primary forms","1972","1972","kg/ha","679.2","A","Official value",""
"QCL","Crops and livestock products","356","India","5412","Yield","01950.01","Natural rubber in primary forms","1973","1973","kg/ha","725.2","A","Official value",""
"QCL","Crops and livestock products","356","India","5412","Yield","01950.01","Natural rubber in primary forms","1974","1974","kg/ha","754.2","A","Official value",""
"QCL","Crops and livestock products","356","India","5412","Yield","01950.01","Natural rubber in primary forms","1975","1975","kg/ha","760.8","A","Official value",""
"QCL","Crops and livestock products","356","India","5412","Yield","01950.01","Natural rubber in primary forms","1976","1976","kg/ha","774.2","A","Official value",""
"QCL","Crops and livestock products","356","India","5412","Yield","01950.01","Natural rubber in primary forms","1977","1977","kg/ha","804.3","A","Official value",""
"QCL","Crops and livestock products","356","India","5412","Yield","01950.01","Natural rubber in primary forms","1978","1978","kg/ha","769.6","A","Official value",""
"QCL","Crops and livestock products","356","India","5412","Yield","01950.01","Natural rubber in primary forms","1979","1979","kg/ha","711.5","A","Official value",""
"QCL","Crops and livestock products","356","India","5412","Yield","01950.01","Natural rubber in primary forms","1980","1980","kg/ha","770.9","A","Official value",""
"QCL","Crops and livestock products","356","India","5412","Yield","01950.01","Natural rubber in primary forms","1981","1981","kg/ha","788.4","A","Official value",""
"QCL","Crops and livestock products","356","India","5412","Yield","01950.01","Natural rubber in primary forms","1982","1982","kg/ha","779.3","A","Official value",""
"QCL","Crops and livestock products","356","India","5412","Yield","01950.01","Natural rubber in primary forms","1983","1983","kg/ha","830.7","A","Official value",""
"QCL","Crops and livestock products","356","India","5412","Yield","01950.01","Natural rubber in primary forms","1984","1984","kg/ha","857.2","A","Official value",""
"QCL","Crops and livestock products","356","India","5412","Yield","01950.01","Natural rubber in primary forms","1985","1985","kg/ha","886","A","Official value",""
"QCL","Crops and livestock products","356","India","5412","Yield","01950.01","Natural rubber in primary forms","1986","1986","kg/ha","897.9","A","Official value",""
"QCL","Crops and livestock products","356","India","5412","Yield","01950.01","Natural rubber in primary forms","1987","1987","kg/ha","925.8","A","Official value",""
"QCL","Crops and livestock products","356","India","5412","Yield","01950.01","Natural rubber in primary forms","1988","1988","kg/ha","944.2","A","Official value",""
"QCL","Crops and livestock products","356","India","5412","Yield","01950.01","Natural rubber in primary forms","1989","1989","kg/ha","974.1","A","Official value",""
"QCL","Crops and livestock products","356","India","5412","Yield","01950.01","Natural rubber in primary forms","1990","1990","kg/ha","1028.4","A","Official value",""
"QCL","Crops and livestock products","356","India","5412","Yield","01950.01","Natural rubber in primary forms","1991","1991","kg/ha","1075.7","A","Official value",""
"QCL","Crops and livestock products","356","India","5412","Yield","01950.01","Natural rubber in primary forms","1992","1992","kg/ha","1135.3","A","Official value",""
"QCL","Crops and livestock products","356","India","5412","Yield","01950.01","Natural rubber in primary forms","1993","1993","kg/ha","1108.8","A","Official value",""
"QCL","Crops and livestock products","356","India","5412","Yield","01950.01","Natural rubber in primary forms","1994","1994","kg/ha","1162.2","A","Official value",""
"QCL","Crops and livestock products","356","India","5412","Yield","01950.01","Natural rubber in primary forms","1995","1995","kg/ha","1325.8","A","Official value",""
"QCL","Crops and livestock products","356","India","5412","Yield","01950.01","Natural rubber in primary forms","1996","1996","kg/ha","1385.2","A","Official value",""
"QCL","Crops and livestock products","356","India","5412","Yield","01950.01","Natural rubber in primary forms","1997","1997","kg/ha","1458.9","A","Official value",""
"QCL","Crops and livestock products","356","India","5412","Yield","01950.01","Natural rubber in primary forms","1998","1998","kg/ha","1563.3","A","Official value",""
"QCL","Crops and livestock products","356","India","5412","Yield","01950.01","Natural rubber in primary forms","1999","1999","kg/ha","1574.7","A","Official value",""
"QCL","Crops and livestock products","356","India","5412","Yield","01950.01","Natural rubber in primary forms","2000","2000","kg/ha","1575","A","Official value",""
"QCL","Crops and livestock products","356","India","5412","Yield","01950.01","Natural rubber in primary forms","2001","2001","kg/ha","1573.6","A","Official value",""
"QCL","Crops and livestock products","356","India","5412","Yield","01950.01","Natural rubber in primary forms","2002","2002","kg/ha","1591.8","A","Official value",""
"QCL","Crops and livestock products","356","India","5412","Yield","01950.01","Natural rubber in primary forms","2003","2003","kg/ha","1662.7","A","Official value",""
"QCL","Crops and livestock products","356","India","5412","Yield","01950.01","Natural rubber in primary forms","2004","2004","kg/ha","1703.8","A","Official value",""
"QCL","Crops and livestock products","356","India","5412","Yield","01950.01","Natural rubber in primary forms","2005","2005","kg/ha","1795.6","A","Official value",""
"QCL","Crops and livestock products","356","India","5412","Yield","01950.01","Natural rubber in primary forms","2006","2006","kg/ha","1878.6","A","Official value",""
"QCL","Crops and livestock products","356","India","5412","Yield","01950.01","Natural rubber in primary forms","2007","2007","kg/ha","1798.1","A","Official value",""
"QCL","Crops and livestock products","356","India","5412","Yield","01950.01","Natural rubber in primary forms","2008","2008","kg/ha","1867.2","A","Official value",""
"QCL","Crops and livestock products","356","India","5412","Yield","01950.01","Natural rubber in primary forms","2009","2009","kg/ha","1776.5","A","Official value",""
"QCL","Crops and livestock products","356","India","5412","Yield","01950.01","Natural rubber in primary forms","2010","2010","kg/ha","1807.1","A","Official value",""
"QCL","Crops and livestock products","356","India","5412","Yield","01950.01","Natural rubber in primary forms","2011","2011","kg/ha","1818.2","E","Estimated value",""
"QCL","Crops and livestock products","356","India","5412","Yield","01950.01","Natural rubber in primary forms","2012","2012","kg/ha","2036.2","E","Estimated value",""
"QCL","Crops and livestock products","356","India","5412","Yield","01950.01","Natural rubber in primary forms","2013","2013","kg/ha","2000","E","Estimated value",""
"QCL","Crops and livestock products","356","India","5412","Yield","01950.01","Natural rubber in primary forms","2014","2014","kg/ha","2065.9","E","Estimated value",""
"QCL","Crops and livestock products","356","India","5412","Yield","01950.01","Natural rubber in primary forms","2015","2015","kg/ha","2071.3","E","Estimated value",""
"QCL","Crops and livestock products","356","India","5412","Yield","01950.01","Natural rubber in primary forms","2016","2016","kg/ha","2078.2","E","Estimated value",""
"QCL","Crops and livestock products","356","India","5412","Yield","01950.01","Natural rubber in primary forms","2017","2017","kg/ha","2091.9","E","Estimated value",""
"QCL","Crops and livestock products","356","India","5412","Yield","01950.01","Natural rubber in primary forms","2018","2018","kg/ha","2112.7","E","Estimated value",""
"QCL","Crops and livestock products","356","India","5412","Yield","01950.01","Natural rubber in primary forms","2019","2019","kg/ha","2140.7","E","Estimated value",""
"QCL","Crops and livestock products","356","India","5412","Yield","01950.01","Natural rubber in primary forms","2020","2020","kg/ha","2167.6","E","Estimated value",""
"QCL","Crops and livestock products","356","India","5412","Yield","01950.01","Natural rubber in primary forms","2021","2021","kg/ha","2219.9","E","Estimated value",""
"QCL","Crops and livestock products","356","India","5412","Yield","01950.01","Natural rubber in primary forms","2022","2022","kg/ha","2230.7","E","Estimated value",""
"QCL","Crops and livestock products","356","India","5412","Yield","01950.01","Natural rubber in primary forms","2023","2023","kg/ha","2256","E","Estimated value",""
"QCL","Crops and livestock products","356","India","5412","Yield","01950.01","Natural rubber in primary forms","2024","2024","kg/ha","2281.3","E","Estimated value",""
"QCL","Crops and livestock products","356","India","5412","Yield","01653","Nutmeg, mace, cardamoms, raw","1961","1961","kg/ha","60","E","Estimated value",""
"QCL","Crops and livestock products","356","India","5412","Yield","01653","Nutmeg, mace, cardamoms, raw","1962","1962","kg/ha","71.4","A","Official value",""
"QCL","Crops and livestock products","356","India","5412","Yield","01653","Nutmeg, mace, cardamoms, raw","1963","1963","kg/ha","70.2","A","Official value",""
"QCL","Crops and livestock products","356","India","5412","Yield","01653","Nutmeg, mace, cardamoms, raw","1964","1964","kg/ha","72.7","A","Official value",""
"QCL","Crops and livestock products","356","India","5412","Yield","01653","Nutmeg, mace, cardamoms, raw","1965","1965","kg/ha","70.2","A","Official value",""
"QCL","Crops and livestock products","356","India","5412","Yield","01653","Nutmeg, mace, cardamoms, raw","1966","1966","kg/ha","53.3","A","Official value",""
"QCL","Crops and livestock products","356","India","5412","Yield","01653","Nutmeg, mace, cardamoms, raw","1967","1967","kg/ha","41.1","A","Official value",""
"QCL","Crops and livestock products","356","India","5412","Yield","01653","Nutmeg, mace, cardamoms, raw","1968","1968","kg/ha","40","A","Official value",""
"QCL","Crops and livestock products","356","India","5412","Yield","01653","Nutmeg, mace, cardamoms, raw","1969","1969","kg/ha","40.5","A","Official value",""
"QCL","Crops and livestock products","356","India","5412","Yield","01653","Nutmeg, mace, cardamoms, raw","1970","1970","kg/ha","40","A","Official value",""
"QCL","Crops and livestock products","356","India","5412","Yield","01653","Nutmeg, mace, cardamoms, raw","1971","1971","kg/ha","46.9","A","Official value",""
"QCL","Crops and livestock products","356","India","5412","Yield","01653","Nutmeg, mace, cardamoms, raw","1972","1972","kg/ha","38.2","A","Official value",""
"QCL","Crops and livestock products","356","India","5412","Yield","01653","Nutmeg, mace, cardamoms, raw","1973","1973","kg/ha","42.2","A","Official value",""
"QCL","Crops and livestock products","356","India","5412","Yield","01653","Nutmeg, mace, cardamoms, raw","1974","1974","kg/ha","53.8","A","Official value",""
"QCL","Crops and livestock products","356","India","5412","Yield","01653","Nutmeg, mace, cardamoms, raw","1975","1975","kg/ha","52.1","A","Official value",""
"QCL","Crops and livestock products","356","India","5412","Yield","01653","Nutmeg, mace, cardamoms, raw","1976","1976","kg/ha","45.4","A","Official value",""
"QCL","Crops and livestock products","356","India","5412","Yield","01653","Nutmeg, mace, cardamoms, raw","1977","1977","kg/ha","47.1","A","Official value",""
"QCL","Crops and livestock products","356","India","5412","Yield","01653","Nutmeg, mace, cardamoms, raw","1978","1978","kg/ha","62.3","A","Official value",""
"QCL","Crops and livestock products","356","India","5412","Yield","01653","Nutmeg, mace, cardamoms, raw","1979","1979","kg/ha","59.6","A","Official value",""
"QCL","Crops and livestock products","356","India","5412","Yield","01653","Nutmeg, mace, cardamoms, raw","1980","1980","kg/ha","62.7","A","Official value",""
"QCL","Crops and livestock products","356","India","5412","Yield","01653","Nutmeg, mace, cardamoms, raw","1981","1981","kg/ha","93.4","A","Official value",""
"QCL","Crops and livestock products","356","India","5412","Yield","01653","Nutmeg, mace, cardamoms, raw","1982","1982","kg/ha","77.9","A","Official value",""
"QCL","Crops and livestock products","356","India","5412","Yield","01653","Nutmeg, mace, cardamoms, raw","1983","1983","kg/ha","79","A","Official value",""
"QCL","Crops and livestock products","356","India","5412","Yield","01653","Nutmeg, mace, cardamoms, raw","1984","1984","kg/ha","81.3","A","Official value",""
"QCL","Crops and livestock products","356","India","5412","Yield","01653","Nutmeg, mace, cardamoms, raw","1985","1985","kg/ha","85.1","A","Official value",""
"QCL","Crops and livestock products","356","India","5412","Yield","01653","Nutmeg, mace, cardamoms, raw","1986","1986","kg/ha","83.5","A","Official value",""
"QCL","Crops and livestock products","356","India","5412","Yield","01653","Nutmeg, mace, cardamoms, raw","1987","1987","kg/ha","78","A","Official value",""
"QCL","Crops and livestock products","356","India","5412","Yield","01653","Nutmeg, mace, cardamoms, raw","1988","1988","kg/ha","72.3","A","Official value",""
"QCL","Crops and livestock products","356","India","5412","Yield","01653","Nutmeg, mace, cardamoms, raw","1989","1989","kg/ha","83.5","A","Official value",""
"QCL","Crops and livestock products","356","India","5412","Yield","01653","Nutmeg, mace, cardamoms, raw","1990","1990","kg/ha","80.9","A","Official value",""
"QCL","Crops and livestock products","356","India","5412","Yield","01653","Nutmeg, mace, cardamoms, raw","1991","1991","kg/ha","80.9","A","Official value",""
"QCL","Crops and livestock products","356","India","5412","Yield","01653","Nutmeg, mace, cardamoms, raw","1992","1992","kg/ha","95.3","A","Official value",""
"QCL","Crops and livestock products","356","India","5412","Yield","01653","Nutmeg, mace, cardamoms, raw","1993","1993","kg/ha","107.5","A","Official value",""
"QCL","Crops and livestock products","356","India","5412","Yield","01653","Nutmeg, mace, cardamoms, raw","1994","1994","kg/ha","106.6","A","Official value",""
"QCL","Crops and livestock products","356","India","5412","Yield","01653","Nutmeg, mace, cardamoms, raw","1995","1995","kg/ha","115.3","A","Official value",""
"QCL","Crops and livestock products","356","India","5412","Yield","01653","Nutmeg, mace, cardamoms, raw","1996","1996","kg/ha","127.3","A","Official value",""
"QCL","Crops and livestock products","356","India","5412","Yield","01653","Nutmeg, mace, cardamoms, raw","1997","1997","kg/ha","124.1","A","Official value",""
"QCL","Crops and livestock products","356","India","5412","Yield","01653","Nutmeg, mace, cardamoms, raw","1998","1998","kg/ha","105.9","A","Official value",""
"QCL","Crops and livestock products","356","India","5412","Yield","01653","Nutmeg, mace, cardamoms, raw","1999","1999","kg/ha","126.2","A","Official value",""
"QCL","Crops and livestock products","356","India","5412","Yield","01653","Nutmeg, mace, cardamoms, raw","2000","2000","kg/ha","156.9","A","Official value",""
"QCL","Crops and livestock products","356","India","5412","Yield","01653","Nutmeg, mace, cardamoms, raw","2001","2001","kg/ha","165.9","A","Official value",""
"QCL","Crops and livestock products","356","India","5412","Yield","01653","Nutmeg, mace, cardamoms, raw","2002","2002","kg/ha","174","A","Official value",""
"QCL","Crops and livestock products","356","India","5412","Yield","01653","Nutmeg, mace, cardamoms, raw","2003","2003","kg/ha","174.7","A","Official value",""
"QCL","Crops and livestock products","356","India","5412","Yield","01653","Nutmeg, mace, cardamoms, raw","2004","2004","kg/ha","177.5","A","Official value",""
"QCL","Crops and livestock products","356","India","5412","Yield","01653","Nutmeg, mace, cardamoms, raw","2005","2005","kg/ha","185.8","A","Official value",""
"QCL","Crops and livestock products","356","India","5412","Yield","01653","Nutmeg, mace, cardamoms, raw","2006","2006","kg/ha","163.5","A","Official value",""
"QCL","Crops and livestock products","356","India","5412","Yield","01653","Nutmeg, mace, cardamoms, raw","2007","2007","kg/ha","166.6","A","Official value",""
"QCL","Crops and livestock products","356","India","5412","Yield","01653","Nutmeg, mace, cardamoms, raw","2008","2008","kg/ha","168","A","Official value",""
"QCL","Crops and livestock products","356","India","5412","Yield","01653","Nutmeg, mace, cardamoms, raw","2009","2009","kg/ha","174.3","A","Official value",""
"QCL","Crops and livestock products","356","India","5412","Yield","01653","Nutmeg, mace, cardamoms, raw","2010","2010","kg/ha","181.1","A","Official value",""
"QCL","Crops and livestock products","356","India","5412","Yield","01653","Nutmeg, mace, cardamoms, raw","2011","2011","kg/ha","177.7","A","Official value",""
"QCL","Crops and livestock products","356","India","5412","Yield","01653","Nutmeg, mace, cardamoms, raw","2012","2012","kg/ha","196.4","A","Official value",""
"QCL","Crops and livestock products","356","India","5412","Yield","01653","Nutmeg, mace, cardamoms, raw","2013","2013","kg/ha","172.7","A","Official value",""
"QCL","Crops and livestock products","356","India","5412","Yield","01653","Nutmeg, mace, cardamoms, raw","2014","2014","kg/ha","225.8","A","Official value",""
"QCL","Crops and livestock products","356","India","5412","Yield","01653","Nutmeg, mace, cardamoms, raw","2015","2015","kg/ha","239.1","A","Official value",""
"QCL","Crops and livestock products","356","India","5412","Yield","01653","Nutmeg, mace, cardamoms, raw","2016","2016","kg/ha","355.1","A","Official value",""
"QCL","Crops and livestock products","356","India","5412","Yield","01653","Nutmeg, mace, cardamoms, raw","2017","2017","kg/ha","398.1","A","Official value",""
"QCL","Crops and livestock products","356","India","5412","Yield","01653","Nutmeg, mace, cardamoms, raw","2018","2018","kg/ha","398.1","A","Official value",""
"QCL","Crops and livestock products","356","India","5412","Yield","01653","Nutmeg, mace, cardamoms, raw","2019","2019","kg/ha","361.9","A","Official value",""
"QCL","Crops and livestock products","356","India","5412","Yield","01653","Nutmeg, mace, cardamoms, raw","2020","2020","kg/ha","339.4","A","Official value",""
"QCL","Crops and livestock products","356","India","5412","Yield","01653","Nutmeg, mace, cardamoms, raw","2021","2021","kg/ha","458.7","A","Official value",""
"QCL","Crops and livestock products","356","India","5412","Yield","01653","Nutmeg, mace, cardamoms, raw","2022","2022","kg/ha","504.6","A","Official value",""
"QCL","Crops and livestock products","356","India","5412","Yield","01653","Nutmeg, mace, cardamoms, raw","2023","2023","kg/ha","486.5","A","Official value",""
"QCL","Crops and livestock products","356","India","5412","Yield","01653","Nutmeg, mace, cardamoms, raw","2024","2024","kg/ha","496.6","A","Official value",""
"QCL","Crops and livestock products","356","India","5412","Yield","01239.01","Okra","1961","1961","kg/ha","5166.7","E","Estimated value",""
"QCL","Crops and livestock products","356","India","5412","Yield","01239.01","Okra","1962","1962","kg/ha","5000","E","Estimated value",""
"QCL","Crops and livestock products","356","India","5412","Yield","01239.01","Okra","1963","1963","kg/ha","5000","E","Estimated value",""
"QCL","Crops and livestock products","356","India","5412","Yield","01239.01","Okra","1964","1964","kg/ha","4970.6","E","Estimated value",""
"QCL","Crops and livestock products","356","India","5412","Yield","01239.01","Okra","1965","1965","kg/ha","5000","E","Estimated value",""
"QCL","Crops and livestock products","356","India","5412","Yield","01239.01","Okra","1966","1966","kg/ha","5081.1","E","Estimated value",""
"QCL","Crops and livestock products","356","India","5412","Yield","01239.01","Okra","1967","1967","kg/ha","5105.3","E","Estimated value",""
"QCL","Crops and livestock products","356","India","5412","Yield","01239.01","Okra","1968","1968","kg/ha","5050.5","E","Estimated value",""
"QCL","Crops and livestock products","356","India","5412","Yield","01239.01","Okra","1969","1969","kg/ha","5000","E","Estimated value",""
"QCL","Crops and livestock products","356","India","5412","Yield","01239.01","Okra","1970","1970","kg/ha","5275.2","E","Estimated value",""
"QCL","Crops and livestock products","356","India","5412","Yield","01239.01","Okra","1971","1971","kg/ha","5288.9","E","Estimated value",""
"QCL","Crops and livestock products","356","India","5412","Yield","01239.01","Okra","1972","1972","kg/ha","5299.1","E","Estimated value",""
"QCL","Crops and livestock products","356","India","5412","Yield","01239.01","Okra","1973","1973","kg/ha","5491.8","E","Estimated value",""
"QCL","Crops and livestock products","356","India","5412","Yield","01239.01","Okra","1974","1974","kg/ha","5500","E","Estimated value",""
"QCL","Crops and livestock products","356","India","5412","Yield","01239.01","Okra","1975","1975","kg/ha","5500","E","Estimated value",""
"QCL","Crops and livestock products","356","India","5412","Yield","01239.01","Okra","1976","1976","kg/ha","5584.9","E","Estimated value",""
"QCL","Crops and livestock products","356","India","5412","Yield","01239.01","Okra","1977","1977","kg/ha","5563.6","E","Estimated value",""
"QCL","Crops and livestock products","356","India","5412","Yield","01239.01","Okra","1978","1978","kg/ha","5535.7","E","Estimated value",""
"QCL","Crops and livestock products","356","India","5412","Yield","01239.01","Okra","1979","1979","kg/ha","5603.4","E","Estimated value",""
"QCL","Crops and livestock products","356","India","5412","Yield","01239.01","Okra","1980","1980","kg/ha","5762.7","E","Estimated value",""
"QCL","Crops and livestock products","356","India","5412","Yield","01239.01","Okra","1981","1981","kg/ha","5800","E","Estimated value",""
"QCL","Crops and livestock products","356","India","5412","Yield","01239.01","Okra","1982","1982","kg/ha","5803.3","E","Estimated value",""
"QCL","Crops and livestock products","356","India","5412","Yield","01239.01","Okra","1983","1983","kg/ha","5873","E","Estimated value",""
"QCL","Crops and livestock products","356","India","5412","Yield","01239.01","Okra","1984","1984","kg/ha","5937.5","E","Estimated value",""
"QCL","Crops and livestock products","356","India","5412","Yield","01239.01","Okra","1985","1985","kg/ha","5909.1","E","Estimated value",""
"QCL","Crops and livestock products","356","India","5412","Yield","01239.01","Okra","1986","1986","kg/ha","6029.4","E","Estimated value",""
"QCL","Crops and livestock products","356","India","5412","Yield","01239.01","Okra","1987","1987","kg/ha","6098.3","E","Estimated value",""
"QCL","Crops and livestock products","356","India","5412","Yield","01239.01","Okra","1988","1988","kg/ha","6204","E","Estimated value",""
"QCL","Crops and livestock products","356","India","5412","Yield","01239.01","Okra","1989","1989","kg/ha","6250","E","Estimated value",""
"QCL","Crops and livestock products","356","India","5412","Yield","01239.01","Okra","1990","1990","kg/ha","6246.6","E","Estimated value",""
"QCL","Crops and livestock products","356","India","5412","Yield","01239.01","Okra","1991","1991","kg/ha","6289.2","X","Value from external organization",""
"QCL","Crops and livestock products","356","India","5412","Yield","01239.01","Okra","1992","1992","kg/ha","6400","E","Estimated value",""
"QCL","Crops and livestock products","356","India","5412","Yield","01239.01","Okra","1993","1993","kg/ha","6396.3","E","Estimated value",""
"QCL","Crops and livestock products","356","India","5412","Yield","01239.01","Okra","1994","1994","kg/ha","10100","A","Official value",""
"QCL","Crops and livestock products","356","India","5412","Yield","01239.01","Okra","1995","1995","kg/ha","9285.7","A","Official value",""
"QCL","Crops and livestock products","356","India","5412","Yield","01239.01","Okra","1996","1996","kg/ha","10000","E","Estimated value",""
"QCL","Crops and livestock products","356","India","5412","Yield","01239.01","Okra","1997","1997","kg/ha","10000","E","Estimated value",""
"QCL","Crops and livestock products","356","India","5412","Yield","01239.01","Okra","1998","1998","kg/ha","10031.3","A","Official value",""
"QCL","Crops and livestock products","356","India","5412","Yield","01239.01","Okra","1999","1999","kg/ha","10242.4","A","Official value",""
"QCL","Crops and livestock products","356","India","5412","Yield","01239.01","Okra","2000","2000","kg/ha","9771.4","A","Official value",""
"QCL","Crops and livestock products","356","India","5412","Yield","01239.01","Okra","2001","2001","kg/ha","9542.9","A","Official value",""
"QCL","Crops and livestock products","356","India","5412","Yield","01239.01","Okra","2002","2002","kg/ha","9485.7","A","Official value",""
"QCL","Crops and livestock products","356","India","5412","Yield","01239.01","Okra","2003","2003","kg/ha","9540.5","A","Official value",""
"QCL","Crops and livestock products","356","India","5412","Yield","01239.01","Okra","2004","2004","kg/ha","10284.3","A","Official value",""
"QCL","Crops and livestock products","356","India","5412","Yield","01239.01","Okra","2005","2005","kg/ha","9830.4","A","Official value",""
"QCL","Crops and livestock products","356","India","5412","Yield","01239.01","Okra","2006","2006","kg/ha","10144.5","A","Official value",""
"QCL","Crops and livestock products","356","India","5412","Yield","01239.01","Okra","2007","2007","kg/ha","10277.8","A","Official value",""
"QCL","Crops and livestock products","356","India","5412","Yield","01239.01","Okra","2008","2008","kg/ha","10267.8","A","Official value",""
"QCL","Crops and livestock products","356","India","5412","Yield","01239.01","Okra","2009","2009","kg/ha","10481.5","A","Official value",""
"QCL","Crops and livestock products","356","India","5412","Yield","01239.01","Okra","2010","2010","kg/ha","10626.1","A","Official value",""
"QCL","Crops and livestock products","356","India","5412","Yield","01239.01","Okra","2011","2011","kg/ha","11614.5","A","Official value",""
"QCL","Crops and livestock products","356","India","5412","Yield","01239.01","Okra","2012","2012","kg/ha","12083","A","Official value",""
"QCL","Crops and livestock products","356","India","5412","Yield","01239.01","Okra","2013","2013","kg/ha","11963.3","A","Official value",""
"QCL","Crops and livestock products","356","India","5412","Yield","01239.01","Okra","2014","2014","kg/ha","11914.5","A","Official value",""
"QCL","Crops and livestock products","356","India","5412","Yield","01239.01","Okra","2015","2015","kg/ha","11327.4","A","Official value",""
"QCL","Crops and livestock products","356","India","5412","Yield","01239.01","Okra","2016","2016","kg/ha","11446.2","A","Official value",""
"QCL","Crops and livestock products","356","India","5412","Yield","01239.01","Okra","2017","2017","kg/ha","11840.2","A","Official value",""
"QCL","Crops and livestock products","356","India","5412","Yield","01239.01","Okra","2018","2018","kg/ha","11974.5","A","Official value",""
"QCL","Crops and livestock products","356","India","5412","Yield","01239.01","Okra","2019","2019","kg/ha","12039","A","Official value",""
"QCL","Crops and livestock products","356","India","5412","Yield","01239.01","Okra","2020","2020","kg/ha","12197.7","A","Official value",""
"QCL","Crops and livestock products","356","India","5412","Yield","01239.01","Okra","2021","2021","kg/ha","12177","A","Official value",""
"QCL","Crops and livestock products","356","India","5412","Yield","01239.01","Okra","2022","2022","kg/ha","12496.4","A","Official value",""
"QCL","Crops and livestock products","356","India","5412","Yield","01239.01","Okra","2023","2023","kg/ha","13038.3","A","Official value",""
"QCL","Crops and livestock products","356","India","5412","Yield","01239.01","Okra","2024","2024","kg/ha","13115.6","A","Official value",""
"QCL","Crops and livestock products","356","India","5412","Yield","01253.02","Onions and shallots, dry (excluding dehydrated)","1961","1961","kg/ha","10000","E","Estimated value",""
"QCL","Crops and livestock products","356","India","5412","Yield","01253.02","Onions and shallots, dry (excluding dehydrated)","1962","1962","kg/ha","10250","E","Estimated value",""
"QCL","Crops and livestock products","356","India","5412","Yield","01253.02","Onions and shallots, dry (excluding dehydrated)","1963","1963","kg/ha","10500","E","Estimated value",""
"QCL","Crops and livestock products","356","India","5412","Yield","01253.02","Onions and shallots, dry (excluding dehydrated)","1964","1964","kg/ha","10750","E","Estimated value",""
"QCL","Crops and livestock products","356","India","5412","Yield","01253.02","Onions and shallots, dry (excluding dehydrated)","1965","1965","kg/ha","10560","E","Estimated value",""
"QCL","Crops and livestock products","356","India","5412","Yield","01253.02","Onions and shallots, dry (excluding dehydrated)","1966","1966","kg/ha","10800","E","Estimated value",""
"QCL","Crops and livestock products","356","India","5412","Yield","01253.02","Onions and shallots, dry (excluding dehydrated)","1967","1967","kg/ha","10860","E","Estimated value",""
"QCL","Crops and livestock products","356","India","5412","Yield","01253.02","Onions and shallots, dry (excluding dehydrated)","1968","1968","kg/ha","11333.3","E","Estimated value",""
"QCL","Crops and livestock products","356","India","5412","Yield","01253.02","Onions and shallots, dry (excluding dehydrated)","1969","1969","kg/ha","10937.5","E","Estimated value",""
"QCL","Crops and livestock products","356","India","5412","Yield","01253.02","Onions and shallots, dry (excluding dehydrated)","1970","1970","kg/ha","10909.1","E","Estimated value",""
"QCL","Crops and livestock products","356","India","5412","Yield","01253.02","Onions and shallots, dry (excluding dehydrated)","1971","1971","kg/ha","10734.5","E","Estimated value",""
"QCL","Crops and livestock products","356","India","5412","Yield","01253.02","Onions and shallots, dry (excluding dehydrated)","1972","1972","kg/ha","10847.5","E","Estimated value",""
"QCL","Crops and livestock products","356","India","5412","Yield","01253.02","Onions and shallots, dry (excluding dehydrated)","1973","1973","kg/ha","10879.1","E","Estimated value",""
"QCL","Crops and livestock products","356","India","5412","Yield","01253.02","Onions and shallots, dry (excluding dehydrated)","1974","1974","kg/ha","10905.1","E","Estimated value",""
"QCL","Crops and livestock products","356","India","5412","Yield","01253.02","Onions and shallots, dry (excluding dehydrated)","1975","1975","kg/ha","10824.7","E","Estimated value",""
"QCL","Crops and livestock products","356","India","5412","Yield","01253.02","Onions and shallots, dry (excluding dehydrated)","1976","1976","kg/ha","11883","E","Estimated value",""
"QCL","Crops and livestock products","356","India","5412","Yield","01253.02","Onions and shallots, dry (excluding dehydrated)","1977","1977","kg/ha","11868","E","Estimated value",""
"QCL","Crops and livestock products","356","India","5412","Yield","01253.02","Onions and shallots, dry (excluding dehydrated)","1978","1978","kg/ha","10290","A","Official value",""
"QCL","Crops and livestock products","356","India","5412","Yield","01253.02","Onions and shallots, dry (excluding dehydrated)","1979","1979","kg/ha","10232.1","A","Official value",""
"QCL","Crops and livestock products","356","India","5412","Yield","01253.02","Onions and shallots, dry (excluding dehydrated)","1980","1980","kg/ha","9961.4","A","Official value",""
"QCL","Crops and livestock products","356","India","5412","Yield","01253.02","Onions and shallots, dry (excluding dehydrated)","1981","1981","kg/ha","10562","A","Official value",""
"QCL","Crops and livestock products","356","India","5412","Yield","01253.02","Onions and shallots, dry (excluding dehydrated)","1982","1982","kg/ha","10330.4","A","Official value",""
"QCL","Crops and livestock products","356","India","5412","Yield","01253.02","Onions and shallots, dry (excluding dehydrated)","1983","1983","kg/ha","9981.9","A","Official value",""
"QCL","Crops and livestock products","356","India","5412","Yield","01253.02","Onions and shallots, dry (excluding dehydrated)","1984","1984","kg/ha","11139.1","A","Official value",""
"QCL","Crops and livestock products","356","India","5412","Yield","01253.02","Onions and shallots, dry (excluding dehydrated)","1985","1985","kg/ha","10202.1","A","Official value",""
"QCL","Crops and livestock products","356","India","5412","Yield","01253.02","Onions and shallots, dry (excluding dehydrated)","1986","1986","kg/ha","9659","A","Official value",""
"QCL","Crops and livestock products","356","India","5412","Yield","01253.02","Onions and shallots, dry (excluding dehydrated)","1987","1987","kg/ha","9856.6","A","Official value",""
"QCL","Crops and livestock products","356","India","5412","Yield","01253.02","Onions and shallots, dry (excluding dehydrated)","1988","1988","kg/ha","10619.6","A","Official value",""
"QCL","Crops and livestock products","356","India","5412","Yield","01253.02","Onions and shallots, dry (excluding dehydrated)","1989","1989","kg/ha","10176.3","A","Official value",""
"QCL","Crops and livestock products","356","India","5412","Yield","01253.02","Onions and shallots, dry (excluding dehydrated)","1990","1990","kg/ha","10686.3","A","Official value",""
"QCL","Crops and livestock products","356","India","5412","Yield","01253.02","Onions and shallots, dry (excluding dehydrated)","1991","1991","kg/ha","11087.8","A","Official value",""
"QCL","Crops and livestock products","356","India","5412","Yield","01253.02","Onions and shallots, dry (excluding dehydrated)","1992","1992","kg/ha","10788.3","A","Official value",""
"QCL","Crops and livestock products","356","India","5412","Yield","01253.02","Onions and shallots, dry (excluding dehydrated)","1993","1993","kg/ha","10911.6","A","Official value",""
"QCL","Crops and livestock products","356","India","5412","Yield","01253.02","Onions and shallots, dry (excluding dehydrated)","1994","1994","kg/ha","10670.9","A","Official value",""
"QCL","Crops and livestock products","356","India","5412","Yield","01253.02","Onions and shallots, dry (excluding dehydrated)","1995","1995","kg/ha","10608.4","A","Official value",""
"QCL","Crops and livestock products","356","India","5412","Yield","01253.02","Onions and shallots, dry (excluding dehydrated)","1996","1996","kg/ha","10346.5","A","Official value",""
"QCL","Crops and livestock products","356","India","5412","Yield","01253.02","Onions and shallots, dry (excluding dehydrated)","1997","1997","kg/ha","9014.1","A","Official value",""
"QCL","Crops and livestock products","356","India","5412","Yield","01253.02","Onions and shallots, dry (excluding dehydrated)","1998","1998","kg/ha","11390.5","A","Official value",""
"QCL","Crops and livestock products","356","India","5412","Yield","01253.02","Onions and shallots, dry (excluding dehydrated)","1999","1999","kg/ha","9932.1","A","Official value",""
"QCL","Crops and livestock products","356","India","5412","Yield","01253.02","Onions and shallots, dry (excluding dehydrated)","2000","2000","kg/ha","10491.3","A","Official value",""
"QCL","Crops and livestock products","356","India","5412","Yield","01253.02","Onions and shallots, dry (excluding dehydrated)","2001","2001","kg/ha","10593.2","A","Official value",""
"QCL","Crops and livestock products","356","India","5412","Yield","01253.02","Onions and shallots, dry (excluding dehydrated)","2002","2002","kg/ha","9911.7","A","Official value",""
"QCL","Crops and livestock products","356","India","5412","Yield","01253.02","Onions and shallots, dry (excluding dehydrated)","2003","2003","kg/ha","11317.4","A","Official value",""
"QCL","Crops and livestock products","356","India","5412","Yield","01253.02","Onions and shallots, dry (excluding dehydrated)","2004","2004","kg/ha","12643.5","A","Official value",""
"QCL","Crops and livestock products","356","India","5412","Yield","01253.02","Onions and shallots, dry (excluding dehydrated)","2005","2005","kg/ha","13406.1","A","Official value",""
"QCL","Crops and livestock products","356","India","5412","Yield","01253.02","Onions and shallots, dry (excluding dehydrated)","2006","2006","kg/ha","14123.7","A","Official value",""
"QCL","Crops and livestock products","356","India","5412","Yield","01253.02","Onions and shallots, dry (excluding dehydrated)","2007","2007","kg/ha","16930.6","A","Official value",""
"QCL","Crops and livestock products","356","India","5412","Yield","01253.02","Onions and shallots, dry (excluding dehydrated)","2008","2008","kg/ha","16265","A","Official value",""
"QCL","Crops and livestock products","356","India","5412","Yield","01253.02","Onions and shallots, dry (excluding dehydrated)","2009","2009","kg/ha","16078.8","A","Official value",""
"QCL","Crops and livestock products","356","India","5412","Yield","01253.02","Onions and shallots, dry (excluding dehydrated)","2010","2010","kg/ha","14208.6","A","Official value",""
"QCL","Crops and livestock products","356","India","5412","Yield","01253.02","Onions and shallots, dry (excluding dehydrated)","2011","2011","kg/ha","16106.2","A","Official value",""
"QCL","Crops and livestock products","356","India","5412","Yield","01253.02","Onions and shallots, dry (excluding dehydrated)","2012","2012","kg/ha","15981.9","A","Official value",""
"QCL","Crops and livestock products","356","India","5412","Yield","01253.02","Onions and shallots, dry (excluding dehydrated)","2013","2013","kg/ha","15857.8","A","Official value",""
"QCL","Crops and livestock products","356","India","5412","Yield","01253.02","Onions and shallots, dry (excluding dehydrated)","2014","2014","kg/ha","16120.1","A","Official value",""
"QCL","Crops and livestock products","356","India","5412","Yield","01253.02","Onions and shallots, dry (excluding dehydrated)","2015","2015","kg/ha","16135.5","A","Official value",""
"QCL","Crops and livestock products","356","India","5412","Yield","01253.02","Onions and shallots, dry (excluding dehydrated)","2016","2016","kg/ha","15856.8","A","Official value",""
"QCL","Crops and livestock products","356","India","5412","Yield","01253.02","Onions and shallots, dry (excluding dehydrated)","2017","2017","kg/ha","17172.3","A","Official value",""
"QCL","Crops and livestock products","356","India","5412","Yield","01253.02","Onions and shallots, dry (excluding dehydrated)","2018","2018","kg/ha","18102.7","A","Official value",""
"QCL","Crops and livestock products","356","India","5412","Yield","01253.02","Onions and shallots, dry (excluding dehydrated)","2019","2019","kg/ha","18704.1","A","Official value",""
"QCL","Crops and livestock products","356","India","5412","Yield","01253.02","Onions and shallots, dry (excluding dehydrated)","2020","2020","kg/ha","18232.7","A","Official value",""
"QCL","Crops and livestock products","356","India","5412","Yield","01253.02","Onions and shallots, dry (excluding dehydrated)","2021","2021","kg/ha","16404.6","A","Official value",""
"QCL","Crops and livestock products","356","India","5412","Yield","01253.02","Onions and shallots, dry (excluding dehydrated)","2022","2022","kg/ha","16325.1","A","Official value",""
"QCL","Crops and livestock products","356","India","5412","Yield","01253.02","Onions and shallots, dry (excluding dehydrated)","2023","2023","kg/ha","17360.9","A","Official value",""
"QCL","Crops and livestock products","356","India","5412","Yield","01253.02","Onions and shallots, dry (excluding dehydrated)","2024","2024","kg/ha","15751","A","Official value",""
"QCL","Crops and livestock products","356","India","5412","Yield","01323","Oranges","1961","1961","kg/ha","13925.9","E","Estimated value",""
"QCL","Crops and livestock products","356","India","5412","Yield","01323","Oranges","1962","1962","kg/ha","12407.4","X","Value from external organization",""
"QCL","Crops and livestock products","356","India","5412","Yield","01323","Oranges","1963","1963","kg/ha","12181.8","E","Estimated value",""
"QCL","Crops and livestock products","356","India","5412","Yield","01323","Oranges","1964","1964","kg/ha","12339.3","E","Estimated value",""
"QCL","Crops and livestock products","356","India","5412","Yield","01323","Oranges","1965","1965","kg/ha","13220.3","E","Estimated value",""
"QCL","Crops and livestock products","356","India","5412","Yield","01323","Oranges","1966","1966","kg/ha","12857.1","E","Estimated value",""
"QCL","Crops and livestock products","356","India","5412","Yield","01323","Oranges","1967","1967","kg/ha","13333.3","E","Estimated value",""
"QCL","Crops and livestock products","356","India","5412","Yield","01323","Oranges","1968","1968","kg/ha","12768.4","E","Estimated value",""
"QCL","Crops and livestock products","356","India","5412","Yield","01323","Oranges","1969","1969","kg/ha","12500","E","Estimated value",""
"QCL","Crops and livestock products","356","India","5412","Yield","01323","Oranges","1970","1970","kg/ha","12903.2","E","Estimated value",""
"QCL","Crops and livestock products","356","India","5412","Yield","01323","Oranges","1971","1971","kg/ha","12755.1","E","Estimated value",""
"QCL","Crops and livestock products","356","India","5412","Yield","01323","Oranges","1972","1972","kg/ha","13000","E","Estimated value",""
"QCL","Crops and livestock products","356","India","5412","Yield","01323","Oranges","1973","1973","kg/ha","12000","E","Estimated value",""
"QCL","Crops and livestock products","356","India","5412","Yield","01323","Oranges","1974","1974","kg/ha","12745.1","E","Estimated value",""
"QCL","Crops and livestock products","356","India","5412","Yield","01323","Oranges","1975","1975","kg/ha","11734.7","E","Estimated value",""
"QCL","Crops and livestock products","356","India","5412","Yield","01323","Oranges","1976","1976","kg/ha","13725.5","E","Estimated value",""
"QCL","Crops and livestock products","356","India","5412","Yield","01323","Oranges","1977","1977","kg/ha","11978.9","E","Estimated value",""
"QCL","Crops and livestock products","356","India","5412","Yield","01323","Oranges","1978","1978","kg/ha","11630.4","E","Estimated value",""
"QCL","Crops and livestock products","356","India","5412","Yield","01323","Oranges","1979","1979","kg/ha","12417.6","E","Estimated value",""
"QCL","Crops and livestock products","356","India","5412","Yield","01323","Oranges","1980","1980","kg/ha","12326.3","E","Estimated value",""
"QCL","Crops and livestock products","356","India","5412","Yield","01323","Oranges","1981","1981","kg/ha","11737.9","E","Estimated value",""
"QCL","Crops and livestock products","356","India","5412","Yield","01323","Oranges","1982","1982","kg/ha","11757","E","Estimated value",""
"QCL","Crops and livestock products","356","India","5412","Yield","01323","Oranges","1983","1983","kg/ha","10864","E","Estimated value",""
"QCL","Crops and livestock products","356","India","5412","Yield","01323","Oranges","1984","1984","kg/ha","11713","E","Estimated value",""
"QCL","Crops and livestock products","356","India","5412","Yield","01323","Oranges","1985","1985","kg/ha","11739.1","E","Estimated value",""
"QCL","Crops and livestock products","356","India","5412","Yield","01323","Oranges","1986","1986","kg/ha","12819","X","Value from external organization",""
"QCL","Crops and livestock products","356","India","5412","Yield","01323","Oranges","1987","1987","kg/ha","13392.9","X","Value from external organization",""
"QCL","Crops and livestock products","356","India","5412","Yield","01323","Oranges","1988","1988","kg/ha","11666.7","X","Value from external organization",""
"QCL","Crops and livestock products","356","India","5412","Yield","01323","Oranges","1989","1989","kg/ha","14656.5","X","Value from external organization",""
"QCL","Crops and livestock products","356","India","5412","Yield","01323","Oranges","1990","1990","kg/ha","14565.2","E","Estimated value",""
"QCL","Crops and livestock products","356","India","5412","Yield","01323","Oranges","1991","1991","kg/ha","14538.5","E","Estimated value",""
"QCL","Crops and livestock products","356","India","5412","Yield","01323","Oranges","1992","1992","kg/ha","11875","E","Estimated value",""
"QCL","Crops and livestock products","356","India","5412","Yield","01323","Oranges","1993","1993","kg/ha","14921.3","E","Estimated value",""
"QCL","Crops and livestock products","356","India","5412","Yield","01323","Oranges","1994","1994","kg/ha","11544.1","A","Official value",""
"QCL","Crops and livestock products","356","India","5412","Yield","01323","Oranges","1995","1995","kg/ha","11411.8","A","Official value",""
"QCL","Crops and livestock products","356","India","5412","Yield","01323","Oranges","1996","1996","kg/ha","10597.6","A","Official value",""
"QCL","Crops and livestock products","356","India","5412","Yield","01323","Oranges","1997","1997","kg/ha","12864.3","A","Official value",""
"QCL","Crops and livestock products","356","India","5412","Yield","01323","Oranges","1998","1998","kg/ha","13083.1","A","Official value",""
"QCL","Crops and livestock products","356","India","5412","Yield","01323","Oranges","1999","1999","kg/ha","12424.4","A","Official value",""
"QCL","Crops and livestock products","356","India","5412","Yield","01323","Oranges","2000","2000","kg/ha","13523.9","A","Official value",""
"QCL","Crops and livestock products","356","India","5412","Yield","01323","Oranges","2001","2001","kg/ha","14397","A","Official value",""
"QCL","Crops and livestock products","356","India","5412","Yield","01323","Oranges","2002","2002","kg/ha","9575.9","A","Official value",""
"QCL","Crops and livestock products","356","India","5412","Yield","01323","Oranges","2003","2003","kg/ha","5375.1","A","Official value",""
"QCL","Crops and livestock products","356","India","5412","Yield","01323","Oranges","2004","2004","kg/ha","10381","A","Official value",""
"QCL","Crops and livestock products","356","India","5412","Yield","01323","Oranges","2005","2005","kg/ha","10692.9","A","Official value",""
"QCL","Crops and livestock products","356","India","5412","Yield","01323","Oranges","2006","2006","kg/ha","9286.1","A","Official value",""
"QCL","Crops and livestock products","356","India","5412","Yield","01323","Oranges","2007","2007","kg/ha","10823.7","A","Official value",""
"QCL","Crops and livestock products","356","India","5412","Yield","01323","Oranges","2008","2008","kg/ha","11321.1","A","Official value",""
"QCL","Crops and livestock products","356","India","5412","Yield","01323","Oranges","2009","2009","kg/ha","11224.1","A","Official value",""
"QCL","Crops and livestock products","356","India","5412","Yield","01323","Oranges","2010","2010","kg/ha","11211.1","A","Official value",""
"QCL","Crops and livestock products","356","India","5412","Yield","01323","Oranges","2011","2011","kg/ha","8382.2","A","Official value",""
"QCL","Crops and livestock products","356","India","5412","Yield","01323","Oranges","2012","2012","kg/ha","7604.9","A","Official value",""
"QCL","Crops and livestock products","356","India","5412","Yield","01323","Oranges","2013","2013","kg/ha","10897.8","A","Official value",""
"QCL","Crops and livestock products","356","India","5412","Yield","01323","Oranges","2014","2014","kg/ha","11600","A","Official value",""
"QCL","Crops and livestock products","356","India","5412","Yield","01323","Oranges","2015","2015","kg/ha","15378.2","A","Official value",""
"QCL","Crops and livestock products","356","India","5412","Yield","01323","Oranges","2016","2016","kg/ha","14227.6","A","Official value",""
"QCL","Crops and livestock products","356","India","5412","Yield","01323","Oranges","2017","2017","kg/ha","16782.8","A","Official value",""
"QCL","Crops and livestock products","356","India","5412","Yield","01323","Oranges","2018","2018","kg/ha","17689.8","A","Official value",""
"QCL","Crops and livestock products","356","India","5412","Yield","01323","Oranges","2019","2019","kg/ha","17459.1","A","Official value",""
"QCL","Crops and livestock products","356","India","5412","Yield","01323","Oranges","2020","2020","kg/ha","18581.4","A","Official value",""
"QCL","Crops and livestock products","356","India","5412","Yield","01323","Oranges","2021","2021","kg/ha","18417.5","A","Official value",""
"QCL","Crops and livestock products","356","India","5412","Yield","01323","Oranges","2022","2022","kg/ha","17083.3","A","Official value",""
"QCL","Crops and livestock products","356","India","5412","Yield","01323","Oranges","2023","2023","kg/ha","17000","A","Official value",""
"QCL","Crops and livestock products","356","India","5412","Yield","01323","Oranges","2024","2024","kg/ha","16038","A","Official value",""
"QCL","Crops and livestock products","356","India","5412","Yield","01241.90","Other beans, green","1961","1961","kg/ha","2312.5","E","Estimated value",""
"QCL","Crops and livestock products","356","India","5412","Yield","01241.90","Other beans, green","1962","1962","kg/ha","2296.3","E","Estimated value",""
"QCL","Crops and livestock products","356","India","5412","Yield","01241.90","Other beans, green","1963","1963","kg/ha","2289.2","E","Estimated value",""
"QCL","Crops and livestock products","356","India","5412","Yield","01241.90","Other beans, green","1964","1964","kg/ha","2352.9","E","Estimated value",""
"QCL","Crops and livestock products","356","India","5412","Yield","01241.90","Other beans, green","1965","1965","kg/ha","2386.4","E","Estimated value",""
"QCL","Crops and livestock products","356","India","5412","Yield","01241.90","Other beans, green","1966","1966","kg/ha","2356.3","E","Estimated value",""
"QCL","Crops and livestock products","356","India","5412","Yield","01241.90","Other beans, green","1967","1967","kg/ha","2333.3","E","Estimated value",""
"QCL","Crops and livestock products","356","India","5412","Yield","01241.90","Other beans, green","1968","1968","kg/ha","2340.4","E","Estimated value",""
"QCL","Crops and livestock products","356","India","5412","Yield","01241.90","Other beans, green","1969","1969","kg/ha","2395.8","E","Estimated value",""
"QCL","Crops and livestock products","356","India","5412","Yield","01241.90","Other beans, green","1970","1970","kg/ha","2400","E","Estimated value",""
"QCL","Crops and livestock products","356","India","5412","Yield","01241.90","Other beans, green","1971","1971","kg/ha","2381","E","Estimated value",""
"QCL","Crops and livestock products","356","India","5412","Yield","01241.90","Other beans, green","1972","1972","kg/ha","2452.8","E","Estimated value",""
"QCL","Crops and livestock products","356","India","5412","Yield","01241.90","Other beans, green","1973","1973","kg/ha","2523.4","E","Estimated value",""
"QCL","Crops and livestock products","356","India","5412","Yield","01241.90","Other beans, green","1974","1974","kg/ha","2518.2","E","Estimated value",""
"QCL","Crops and livestock products","356","India","5412","Yield","01241.90","Other beans, green","1975","1975","kg/ha","2500","E","Estimated value",""
"QCL","Crops and livestock products","356","India","5412","Yield","01241.90","Other beans, green","1976","1976","kg/ha","2482.5","E","Estimated value",""
"QCL","Crops and livestock products","356","India","5412","Yield","01241.90","Other beans, green","1977","1977","kg/ha","2478.3","E","Estimated value",""
"QCL","Crops and livestock products","356","India","5412","Yield","01241.90","Other beans, green","1978","1978","kg/ha","2500","E","Estimated value",""
"QCL","Crops and livestock products","356","India","5412","Yield","01241.90","Other beans, green","1979","1979","kg/ha","2520.7","E","Estimated value",""
"QCL","Crops and livestock products","356","India","5412","Yield","01241.90","Other beans, green","1980","1980","kg/ha","2560","E","Estimated value",""
"QCL","Crops and livestock products","356","India","5412","Yield","01241.90","Other beans, green","1981","1981","kg/ha","2640","E","Estimated value",""
"QCL","Crops and livestock products","356","India","5412","Yield","01241.90","Other beans, green","1982","1982","kg/ha","2692.3","E","Estimated value",""
"QCL","Crops and livestock products","356","India","5412","Yield","01241.90","Other beans, green","1983","1983","kg/ha","2689.4","E","Estimated value",""
"QCL","Crops and livestock products","356","India","5412","Yield","01241.90","Other beans, green","1984","1984","kg/ha","2706.8","E","Estimated value",""
"QCL","Crops and livestock products","356","India","5412","Yield","01241.90","Other beans, green","1985","1985","kg/ha","2723.9","E","Estimated value",""
"QCL","Crops and livestock products","356","India","5412","Yield","01241.90","Other beans, green","1986","1986","kg/ha","2740.7","E","Estimated value",""
"QCL","Crops and livestock products","356","India","5412","Yield","01241.90","Other beans, green","1987","1987","kg/ha","2757.4","E","Estimated value",""
"QCL","Crops and livestock products","356","India","5412","Yield","01241.90","Other beans, green","1988","1988","kg/ha","2789.9","E","Estimated value",""
"QCL","Crops and livestock products","356","India","5412","Yield","01241.90","Other beans, green","1989","1989","kg/ha","2746.5","E","Estimated value",""
"QCL","Crops and livestock products","356","India","5412","Yield","01241.90","Other beans, green","1990","1990","kg/ha","2956.1","E","Estimated value",""
"QCL","Crops and livestock products","356","India","5412","Yield","01241.90","Other beans, green","1991","1991","kg/ha","2615.4","X","Value from external organization",""
"QCL","Crops and livestock products","356","India","5412","Yield","01241.90","Other beans, green","1992","1992","kg/ha","3296.1","E","Estimated value",""
"QCL","Crops and livestock products","356","India","5412","Yield","01241.90","Other beans, green","1993","1993","kg/ha","3706.9","E","Estimated value",""
"QCL","Crops and livestock products","356","India","5412","Yield","01241.90","Other beans, green","1994","1994","kg/ha","4005.5","E","Estimated value",""
"QCL","Crops and livestock products","356","India","5412","Yield","01241.90","Other beans, green","1995","1995","kg/ha","4233.1","E","Estimated value",""
"QCL","Crops and livestock products","356","India","5412","Yield","01241.90","Other beans, green","1996","1996","kg/ha","4433.2","E","Estimated value",""
"QCL","Crops and livestock products","356","India","5412","Yield","01241.90","Other beans, green","1997","1997","kg/ha","4625","E","Estimated value",""
"QCL","Crops and livestock products","356","India","5412","Yield","01241.90","Other beans, green","1998","1998","kg/ha","4814.9","E","Estimated value",""
"QCL","Crops and livestock products","356","India","5412","Yield","01241.90","Other beans, green","1999","1999","kg/ha","5005.4","E","Estimated value",""
"QCL","Crops and livestock products","356","India","5412","Yield","01241.90","Other beans, green","2000","2000","kg/ha","5197","E","Estimated value",""
"QCL","Crops and livestock products","356","India","5412","Yield","01241.90","Other beans, green","2001","2001","kg/ha","5390","E","Estimated value",""
"QCL","Crops and livestock products","356","India","5412","Yield","01241.90","Other beans, green","2002","2002","kg/ha","5600.7","E","Estimated value",""
"QCL","Crops and livestock products","356","India","5412","Yield","01241.90","Other beans, green","2003","2003","kg/ha","5813","E","Estimated value",""
"QCL","Crops and livestock products","356","India","5412","Yield","01241.90","Other beans, green","2004","2004","kg/ha","6027.2","E","Estimated value",""
"QCL","Crops and livestock products","356","India","5412","Yield","01241.90","Other beans, green","2005","2005","kg/ha","6243.2","E","Estimated value",""
"QCL","Crops and livestock products","356","India","5412","Yield","01241.90","Other beans, green","2006","2006","kg/ha","6461.3","E","Estimated value",""
"QCL","Crops and livestock products","356","India","5412","Yield","01241.90","Other beans, green","2007","2007","kg/ha","6681.4","E","Estimated value",""
"QCL","Crops and livestock products","356","India","5412","Yield","01241.90","Other beans, green","2008","2008","kg/ha","6903.7","E","Estimated value",""
"QCL","Crops and livestock products","356","India","5412","Yield","01241.90","Other beans, green","2009","2009","kg/ha","7128.3","E","Estimated value",""
"QCL","Crops and livestock products","356","India","5412","Yield","01241.90","Other beans, green","2010","2010","kg/ha","7355.4","E","Estimated value",""
"QCL","Crops and livestock products","356","India","5412","Yield","01241.90","Other beans, green","2011","2011","kg/ha","8880","A","Official value",""
"QCL","Crops and livestock products","356","India","5412","Yield","01241.90","Other beans, green","2012","2012","kg/ha","9754.2","A","Official value",""
"QCL","Crops and livestock products","356","India","5412","Yield","01241.90","Other beans, green","2013","2013","kg/ha","10233.9","A","Official value",""
"QCL","Crops and livestock products","356","India","5412","Yield","01241.90","Other beans, green","2014","2014","kg/ha","9927.5","A","Official value",""
"QCL","Crops and livestock products","356","India","5412","Yield","01241.90","Other beans, green","2015","2015","kg/ha","10110.1","A","Official value",""
"QCL","Crops and livestock products","356","India","5412","Yield","01241.90","Other beans, green","2016","2016","kg/ha","10055","A","Official value",""
"QCL","Crops and livestock products","356","India","5412","Yield","01241.90","Other beans, green","2017","2017","kg/ha","10160.7","A","Official value",""
"QCL","Crops and livestock products","356","India","5412","Yield","01241.90","Other beans, green","2018","2018","kg/ha","9996.1","A","Official value",""
"QCL","Crops and livestock products","356","India","5412","Yield","01241.90","Other beans, green","2019","2019","kg/ha","9965.9","A","Official value",""
"QCL","Crops and livestock products","356","India","5412","Yield","01241.90","Other beans, green","2020","2020","kg/ha","9482.6","A","Official value",""
"QCL","Crops and livestock products","356","India","5412","Yield","01241.90","Other beans, green","2021","2021","kg/ha","9943.2","A","Official value",""
"QCL","Crops and livestock products","356","India","5412","Yield","01241.90","Other beans, green","2022","2022","kg/ha","9094.8","A","Official value",""
"QCL","Crops and livestock products","356","India","5412","Yield","01241.90","Other beans, green","2023","2023","kg/ha","9167.7","A","Official value",""
"QCL","Crops and livestock products","356","India","5412","Yield","01241.90","Other beans, green","2024","2024","kg/ha","9322.4","A","Official value",""
"QCL","Crops and livestock products","356","India","5412","Yield","01355.90","Other berries and fruits of the genus vaccinium n.e.c.","1985","1985","kg/ha","3636.4","E","Estimated value",""
"QCL","Crops and livestock products","356","India","5412","Yield","01355.90","Other berries and fruits of the genus vaccinium n.e.c.","1986","1986","kg/ha","3636.4","E","Estimated value",""
"QCL","Crops and livestock products","356","India","5412","Yield","01355.90","Other berries and fruits of the genus vaccinium n.e.c.","1987","1987","kg/ha","3636.4","E","Estimated value",""
"QCL","Crops and livestock products","356","India","5412","Yield","01355.90","Other berries and fruits of the genus vaccinium n.e.c.","1988","1988","kg/ha","3636.4","E","Estimated value",""
"QCL","Crops and livestock products","356","India","5412","Yield","01355.90","Other berries and fruits of the genus vaccinium n.e.c.","1989","1989","kg/ha","3636.4","E","Estimated value",""
"QCL","Crops and livestock products","356","India","5412","Yield","01355.90","Other berries and fruits of the genus vaccinium n.e.c.","1990","1990","kg/ha","3803.6","E","Estimated value",""
"QCL","Crops and livestock products","356","India","5412","Yield","01355.90","Other berries and fruits of the genus vaccinium n.e.c.","1991","1991","kg/ha","3850.3","E","Estimated value",""
"QCL","Crops and livestock products","356","India","5412","Yield","01355.90","Other berries and fruits of the genus vaccinium n.e.c.","1992","1992","kg/ha","4050.1","E","Estimated value",""
"QCL","Crops and livestock products","356","India","5412","Yield","01355.90","Other berries and fruits of the genus vaccinium n.e.c.","1993","1993","kg/ha","4243","E","Estimated value",""
"QCL","Crops and livestock products","356","India","5412","Yield","01355.90","Other berries and fruits of the genus vaccinium n.e.c.","1994","1994","kg/ha","4458.5","E","Estimated value",""
"QCL","Crops and livestock products","356","India","5412","Yield","01355.90","Other berries and fruits of the genus vaccinium n.e.c.","1995","1995","kg/ha","4597.1","E","Estimated value",""
"QCL","Crops and livestock products","356","India","5412","Yield","01355.90","Other berries and fruits of the genus vaccinium n.e.c.","1996","1996","kg/ha","4731.5","E","Estimated value",""
"QCL","Crops and livestock products","356","India","5412","Yield","01355.90","Other berries and fruits of the genus vaccinium n.e.c.","1997","1997","kg/ha","5077.2","E","Estimated value",""
"QCL","Crops and livestock products","356","India","5412","Yield","01355.90","Other berries and fruits of the genus vaccinium n.e.c.","1998","1998","kg/ha","4995.5","E","Estimated value",""
"QCL","Crops and livestock products","356","India","5412","Yield","01355.90","Other berries and fruits of the genus vaccinium n.e.c.","1999","1999","kg/ha","5326.1","E","Estimated value",""
"QCL","Crops and livestock products","356","India","5412","Yield","01355.90","Other berries and fruits of the genus vaccinium n.e.c.","2000","2000","kg/ha","5525.3","E","Estimated value",""
"QCL","Crops and livestock products","356","India","5412","Yield","01355.90","Other berries and fruits of the genus vaccinium n.e.c.","2001","2001","kg/ha","5559.6","E","Estimated value",""
"QCL","Crops and livestock products","356","India","5412","Yield","01355.90","Other berries and fruits of the genus vaccinium n.e.c.","2002","2002","kg/ha","5748.6","E","Estimated value",""
"QCL","Crops and livestock products","356","India","5412","Yield","01355.90","Other berries and fruits of the genus vaccinium n.e.c.","2003","2003","kg/ha","5929.5","E","Estimated value",""
"QCL","Crops and livestock products","356","India","5412","Yield","01355.90","Other berries and fruits of the genus vaccinium n.e.c.","2004","2004","kg/ha","6009.3","E","Estimated value",""
"QCL","Crops and livestock products","356","India","5412","Yield","01355.90","Other berries and fruits of the genus vaccinium n.e.c.","2005","2005","kg/ha","6138.4","E","Estimated value",""
"QCL","Crops and livestock products","356","India","5412","Yield","01355.90","Other berries and fruits of the genus vaccinium n.e.c.","2006","2006","kg/ha","6257.9","E","Estimated value",""
"QCL","Crops and livestock products","356","India","5412","Yield","01355.90","Other berries and fruits of the genus vaccinium n.e.c.","2007","2007","kg/ha","6943.1","E","Estimated value",""
"QCL","Crops and livestock products","356","India","5412","Yield","01355.90","Other berries and fruits of the genus vaccinium n.e.c.","2008","2008","kg/ha","6478.2","E","Estimated value",""
"QCL","Crops and livestock products","356","India","5412","Yield","01355.90","Other berries and fruits of the genus vaccinium n.e.c.","2009","2009","kg/ha","6573.4","E","Estimated value",""
"QCL","Crops and livestock products","356","India","5412","Yield","01355.90","Other berries and fruits of the genus vaccinium n.e.c.","2010","2010","kg/ha","6686.6","E","Estimated value",""
"QCL","Crops and livestock products","356","India","5412","Yield","01355.90","Other berries and fruits of the genus vaccinium n.e.c.","2011","2011","kg/ha","6800","E","Estimated value",""
"QCL","Crops and livestock products","356","India","5412","Yield","01355.90","Other berries and fruits of the genus vaccinium n.e.c.","2012","2012","kg/ha","6816.2","E","Estimated value",""
"QCL","Crops and livestock products","356","India","5412","Yield","01355.90","Other berries and fruits of the genus vaccinium n.e.c.","2013","2013","kg/ha","7008.7","E","Estimated value",""
"QCL","Crops and livestock products","356","India","5412","Yield","01355.90","Other berries and fruits of the genus vaccinium n.e.c.","2014","2014","kg/ha","7098.1","E","Estimated value",""
"QCL","Crops and livestock products","356","India","5412","Yield","01355.90","Other berries and fruits of the genus vaccinium n.e.c.","2015","2015","kg/ha","7192.4","E","Estimated value",""
"QCL","Crops and livestock products","356","India","5412","Yield","01355.90","Other berries and fruits of the genus vaccinium n.e.c.","2016","2016","kg/ha","6863.6","E","Estimated value",""
"QCL","Crops and livestock products","356","India","5412","Yield","01355.90","Other berries and fruits of the genus vaccinium n.e.c.","2017","2017","kg/ha","7057","E","Estimated value",""
"QCL","Crops and livestock products","356","India","5412","Yield","01355.90","Other berries and fruits of the genus vaccinium n.e.c.","2018","2018","kg/ha","7175.4","E","Estimated value",""
"QCL","Crops and livestock products","356","India","5412","Yield","01355.90","Other berries and fruits of the genus vaccinium n.e.c.","2019","2019","kg/ha","6844.4","E","Estimated value",""
"QCL","Crops and livestock products","356","India","5412","Yield","01355.90","Other berries and fruits of the genus vaccinium n.e.c.","2020","2020","kg/ha","6995.4","E","Estimated value",""
"QCL","Crops and livestock products","356","India","5412","Yield","01355.90","Other berries and fruits of the genus vaccinium n.e.c.","2021","2021","kg/ha","7004.1","E","Estimated value",""
"QCL","Crops and livestock products","356","India","5412","Yield","01355.90","Other berries and fruits of the genus vaccinium n.e.c.","2022","2022","kg/ha","6948","E","Estimated value",""
"QCL","Crops and livestock products","356","India","5412","Yield","01355.90","Other berries and fruits of the genus vaccinium n.e.c.","2023","2023","kg/ha","6982.5","E","Estimated value",""
"QCL","Crops and livestock products","356","India","5412","Yield","01355.90","Other berries and fruits of the genus vaccinium n.e.c.","2024","2024","kg/ha","6978.2","E","Estimated value",""
"QCL","Crops and livestock products","356","India","5412","Yield","01329","Other citrus fruit, n.e.c.","1961","1961","kg/ha","12500","E","Estimated value",""
"QCL","Crops and livestock products","356","India","5412","Yield","01329","Other citrus fruit, n.e.c.","1962","1962","kg/ha","10000","E","Estimated value",""
"QCL","Crops and livestock products","356","India","5412","Yield","01329","Other citrus fruit, n.e.c.","1963","1963","kg/ha","10000","E","Estimated value",""
"QCL","Crops and livestock products","356","India","5412","Yield","01329","Other citrus fruit, n.e.c.","1964","1964","kg/ha","10400","E","Estimated value",""
"QCL","Crops and livestock products","356","India","5412","Yield","01329","Other citrus fruit, n.e.c.","1965","1965","kg/ha","10400","E","Estimated value",""
"QCL","Crops and livestock products","356","India","5412","Yield","01329","Other citrus fruit, n.e.c.","1966","1966","kg/ha","10400","E","Estimated value",""
"QCL","Crops and livestock products","356","India","5412","Yield","01329","Other citrus fruit, n.e.c.","1967","1967","kg/ha","10800","E","Estimated value",""
"QCL","Crops and livestock products","356","India","5412","Yield","01329","Other citrus fruit, n.e.c.","1968","1968","kg/ha","10600","E","Estimated value",""
"QCL","Crops and livestock products","356","India","5412","Yield","01329","Other citrus fruit, n.e.c.","1969","1969","kg/ha","9000","E","Estimated value",""
"QCL","Crops and livestock products","356","India","5412","Yield","01329","Other citrus fruit, n.e.c.","1970","1970","kg/ha","10000","E","Estimated value",""
"QCL","Crops and livestock products","356","India","5412","Yield","01329","Other citrus fruit, n.e.c.","1971","1971","kg/ha","10000","E","Estimated value",""
"QCL","Crops and livestock products","356","India","5412","Yield","01329","Other citrus fruit, n.e.c.","1972","1972","kg/ha","10000","E","Estimated value",""
"QCL","Crops and livestock products","356","India","5412","Yield","01329","Other citrus fruit, n.e.c.","1973","1973","kg/ha","8571.4","E","Estimated value",""
"QCL","Crops and livestock products","356","India","5412","Yield","01329","Other citrus fruit, n.e.c.","1974","1974","kg/ha","10000","E","Estimated value",""
"QCL","Crops and livestock products","356","India","5412","Yield","01329","Other citrus fruit, n.e.c.","1975","1975","kg/ha","10000","E","Estimated value",""
"QCL","Crops and livestock products","356","India","5412","Yield","01329","Other citrus fruit, n.e.c.","1976","1976","kg/ha","9333.3","E","Estimated value",""
"QCL","Crops and livestock products","356","India","5412","Yield","01329","Other citrus fruit, n.e.c.","1977","1977","kg/ha","8333.3","E","Estimated value",""
"QCL","Crops and livestock products","356","India","5412","Yield","01329","Other citrus fruit, n.e.c.","1978","1978","kg/ha","7333.3","E","Estimated value",""
"QCL","Crops and livestock products","356","India","5412","Yield","01329","Other citrus fruit, n.e.c.","1979","1979","kg/ha","9333.3","E","Estimated value",""
"QCL","Crops and livestock products","356","India","5412","Yield","01329","Other citrus fruit, n.e.c.","1980","1980","kg/ha","10000","E","Estimated value",""
"QCL","Crops and livestock products","356","India","5412","Yield","01329","Other citrus fruit, n.e.c.","1981","1981","kg/ha","10000","E","Estimated value",""
"QCL","Crops and livestock products","356","India","5412","Yield","01329","Other citrus fruit, n.e.c.","1982","1982","kg/ha","10000","E","Estimated value",""
"QCL","Crops and livestock products","356","India","5412","Yield","01329","Other citrus fruit, n.e.c.","1983","1983","kg/ha","9375","E","Estimated value",""
"QCL","Crops and livestock products","356","India","5412","Yield","01329","Other citrus fruit, n.e.c.","1984","1984","kg/ha","10000","E","Estimated value",""
"QCL","Crops and livestock products","356","India","5412","Yield","01329","Other citrus fruit, n.e.c.","1985","1985","kg/ha","10000","E","Estimated value",""
"QCL","Crops and livestock products","356","India","5412","Yield","01329","Other citrus fruit, n.e.c.","1986","1986","kg/ha","11428.6","X","Value from external organization",""
"QCL","Crops and livestock products","356","India","5412","Yield","01329","Other citrus fruit, n.e.c.","1987","1987","kg/ha","11333.3","X","Value from external organization",""
"QCL","Crops and livestock products","356","India","5412","Yield","01329","Other citrus fruit, n.e.c.","1988","1988","kg/ha","10526.3","X","Value from external organization",""
"QCL","Crops and livestock products","356","India","5412","Yield","01329","Other citrus fruit, n.e.c.","1989","1989","kg/ha","12500","X","Value from external organization",""
"QCL","Crops and livestock products","356","India","5412","Yield","01329","Other citrus fruit, n.e.c.","1990","1990","kg/ha","12686.6","E","Estimated value",""
"QCL","Crops and livestock products","356","India","5412","Yield","01329","Other citrus fruit, n.e.c.","1991","1991","kg/ha","12210.5","E","Estimated value",""
"QCL","Crops and livestock products","356","India","5412","Yield","01329","Other citrus fruit, n.e.c.","1992","1992","kg/ha","10000","E","Estimated value",""
"QCL","Crops and livestock products","356","India","5412","Yield","01329","Other citrus fruit, n.e.c.","1993","1993","kg/ha","12676.1","E","Estimated value",""
"QCL","Crops and livestock products","356","India","5412","Yield","01329","Other citrus fruit, n.e.c.","1994","1994","kg/ha","12666.7","E","Estimated value",""
"QCL","Crops and livestock products","356","India","5412","Yield","01329","Other citrus fruit, n.e.c.","1995","1995","kg/ha","13102","E","Estimated value",""
"QCL","Crops and livestock products","356","India","5412","Yield","01329","Other citrus fruit, n.e.c.","1996","1996","kg/ha","13516","E","Estimated value",""
"QCL","Crops and livestock products","356","India","5412","Yield","01329","Other citrus fruit, n.e.c.","1997","1997","kg/ha","13872.5","E","Estimated value",""
"QCL","Crops and livestock products","356","India","5412","Yield","01329","Other citrus fruit, n.e.c.","1998","1998","kg/ha","14210.5","E","Estimated value",""
"QCL","Crops and livestock products","356","India","5412","Yield","01329","Other citrus fruit, n.e.c.","1999","1999","kg/ha","17866.7","X","Value from external organization",""
"QCL","Crops and livestock products","356","India","5412","Yield","01329","Other citrus fruit, n.e.c.","2000","2000","kg/ha","15000","E","Estimated value",""
"QCL","Crops and livestock products","356","India","5412","Yield","01329","Other citrus fruit, n.e.c.","2001","2001","kg/ha","13538.9","E","Estimated value",""
"QCL","Crops and livestock products","356","India","5412","Yield","01329","Other citrus fruit, n.e.c.","2002","2002","kg/ha","13219.4","E","Estimated value",""
"QCL","Crops and livestock products","356","India","5412","Yield","01329","Other citrus fruit, n.e.c.","2003","2003","kg/ha","12500","E","Estimated value",""
"QCL","Crops and livestock products","356","India","5412","Yield","01329","Other citrus fruit, n.e.c.","2004","2004","kg/ha","12500","X","Value from external organization",""
"QCL","Crops and livestock products","356","India","5412","Yield","01329","Other citrus fruit, n.e.c.","2005","2005","kg/ha","12500","E","Estimated value",""
"QCL","Crops and livestock products","356","India","5412","Yield","01329","Other citrus fruit, n.e.c.","2006","2006","kg/ha","12406.5","E","Estimated value",""
"QCL","Crops and livestock products","356","India","5412","Yield","01329","Other citrus fruit, n.e.c.","2007","2007","kg/ha","12577.4","E","Estimated value",""
"QCL","Crops and livestock products","356","India","5412","Yield","01329","Other citrus fruit, n.e.c.","2008","2008","kg/ha","12513.8","E","Estimated value",""
"QCL","Crops and livestock products","356","India","5412","Yield","01329","Other citrus fruit, n.e.c.","2009","2009","kg/ha","12508.9","E","Estimated value",""
"QCL","Crops and livestock products","356","India","5412","Yield","01329","Other citrus fruit, n.e.c.","2010","2010","kg/ha","12409.5","E","Estimated value",""
"QCL","Crops and livestock products","356","India","5412","Yield","01329","Other citrus fruit, n.e.c.","2011","2011","kg/ha","12531.9","E","Estimated value",""
"QCL","Crops and livestock products","356","India","5412","Yield","01329","Other citrus fruit, n.e.c.","2012","2012","kg/ha","12558.4","E","Estimated value",""
"QCL","Crops and livestock products","356","India","5412","Yield","01329","Other citrus fruit, n.e.c.","2013","2013","kg/ha","12573.5","E","Estimated value",""
"QCL","Crops and livestock products","356","India","5412","Yield","01329","Other citrus fruit, n.e.c.","2014","2014","kg/ha","13078.9","E","Estimated value",""
"QCL","Crops and livestock products","356","India","5412","Yield","01329","Other citrus fruit, n.e.c.","2015","2015","kg/ha","13025","E","Estimated value",""
"QCL","Crops and livestock products","356","India","5412","Yield","01329","Other citrus fruit, n.e.c.","2016","2016","kg/ha","11839.5","E","Estimated value",""
"QCL","Crops and livestock products","356","India","5412","Yield","01329","Other citrus fruit, n.e.c.","2017","2017","kg/ha","10352.9","A","Official value",""
"QCL","Crops and livestock products","356","India","5412","Yield","01329","Other citrus fruit, n.e.c.","2018","2018","kg/ha","10000","A","Official value",""
"QCL","Crops and livestock products","356","India","5412","Yield","01329","Other citrus fruit, n.e.c.","2019","2019","kg/ha","9125","A","Official value",""
"QCL","Crops and livestock products","356","India","5412","Yield","01329","Other citrus fruit, n.e.c.","2020","2020","kg/ha","6089.6","A","Official value",""
"QCL","Crops and livestock products","356","India","5412","Yield","01329","Other citrus fruit, n.e.c.","2021","2021","kg/ha","6350.6","A","Official value",""
"QCL","Crops and livestock products","356","India","5412","Yield","01329","Other citrus fruit, n.e.c.","2022","2022","kg/ha","7592.2","A","Official value",""
"QCL","Crops and livestock products","356","India","5412","Yield","01329","Other citrus fruit, n.e.c.","2023","2023","kg/ha","7350.5","A","Official value",""
"QCL","Crops and livestock products","356","India","5412","Yield","01329","Other citrus fruit, n.e.c.","2024","2024","kg/ha","8523","A","Official value",""
"QCL","Crops and livestock products","356","India","5412","Yield","01359.90","Other fruits, n.e.c.","1961","1961","kg/ha","6000","E","Estimated value",""
"QCL","Crops and livestock products","356","India","5412","Yield","01359.90","Other fruits, n.e.c.","1962","1962","kg/ha","6370.4","E","Estimated value",""
"QCL","Crops and livestock products","356","India","5412","Yield","01359.90","Other fruits, n.e.c.","1963","1963","kg/ha","5931","E","Estimated value",""
"QCL","Crops and livestock products","356","India","5412","Yield","01359.90","Other fruits, n.e.c.","1964","1964","kg/ha","6433.3","E","Estimated value",""
"QCL","Crops and livestock products","356","India","5412","Yield","01359.90","Other fruits, n.e.c.","1965","1965","kg/ha","6000","E","Estimated value",""
"QCL","Crops and livestock products","356","India","5412","Yield","01359.90","Other fruits, n.e.c.","1966","1966","kg/ha","6606.1","E","Estimated value",""
"QCL","Crops and livestock products","356","India","5412","Yield","01359.90","Other fruits, n.e.c.","1967","1967","kg/ha","6764.7","E","Estimated value",""
"QCL","Crops and livestock products","356","India","5412","Yield","01359.90","Other fruits, n.e.c.","1968","1968","kg/ha","6666.7","E","Estimated value",""
"QCL","Crops and livestock products","356","India","5412","Yield","01359.90","Other fruits, n.e.c.","1969","1969","kg/ha","7027.8","E","Estimated value",""
"QCL","Crops and livestock products","356","India","5412","Yield","01359.90","Other fruits, n.e.c.","1970","1970","kg/ha","6666.7","E","Estimated value",""
"QCL","Crops and livestock products","356","India","5412","Yield","01359.90","Other fruits, n.e.c.","1971","1971","kg/ha","6600","E","Estimated value",""
"QCL","Crops and livestock products","356","India","5412","Yield","01359.90","Other fruits, n.e.c.","1972","1972","kg/ha","6000","E","Estimated value",""
"QCL","Crops and livestock products","356","India","5412","Yield","01359.90","Other fruits, n.e.c.","1973","1973","kg/ha","6900","E","Estimated value",""
"QCL","Crops and livestock products","356","India","5412","Yield","01359.90","Other fruits, n.e.c.","1974","1974","kg/ha","6878","E","Estimated value",""
"QCL","Crops and livestock products","356","India","5412","Yield","01359.90","Other fruits, n.e.c.","1975","1975","kg/ha","7024.4","E","Estimated value",""
"QCL","Crops and livestock products","356","India","5412","Yield","01359.90","Other fruits, n.e.c.","1976","1976","kg/ha","6950","E","Estimated value",""
"QCL","Crops and livestock products","356","India","5412","Yield","01359.90","Other fruits, n.e.c.","1977","1977","kg/ha","7095.2","E","Estimated value",""
"QCL","Crops and livestock products","356","India","5412","Yield","01359.90","Other fruits, n.e.c.","1978","1978","kg/ha","7069.8","E","Estimated value",""
"QCL","Crops and livestock products","356","India","5412","Yield","01359.90","Other fruits, n.e.c.","1979","1979","kg/ha","7255.8","E","Estimated value",""
"QCL","Crops and livestock products","356","India","5412","Yield","01359.90","Other fruits, n.e.c.","1980","1980","kg/ha","7222.2","E","Estimated value",""
"QCL","Crops and livestock products","356","India","5412","Yield","01359.90","Other fruits, n.e.c.","1981","1981","kg/ha","7104.2","E","Estimated value",""
"QCL","Crops and livestock products","356","India","5412","Yield","01359.90","Other fruits, n.e.c.","1982","1982","kg/ha","7416.7","E","Estimated value",""
"QCL","Crops and livestock products","356","India","5412","Yield","01359.90","Other fruits, n.e.c.","1983","1983","kg/ha","7625","E","Estimated value",""
"QCL","Crops and livestock products","356","India","5412","Yield","01359.90","Other fruits, n.e.c.","1984","1984","kg/ha","7708.3","E","Estimated value",""
"QCL","Crops and livestock products","356","India","5412","Yield","01359.90","Other fruits, n.e.c.","1985","1985","kg/ha","7250","E","Estimated value",""
"QCL","Crops and livestock products","356","India","5412","Yield","01359.90","Other fruits, n.e.c.","1986","1986","kg/ha","7747.1","E","Estimated value",""
"QCL","Crops and livestock products","356","India","5412","Yield","01359.90","Other fruits, n.e.c.","1987","1987","kg/ha","7609.8","E","Estimated value",""
"QCL","Crops and livestock products","356","India","5412","Yield","01359.90","Other fruits, n.e.c.","1988","1988","kg/ha","7303","E","Estimated value",""
"QCL","Crops and livestock products","356","India","5412","Yield","01359.90","Other fruits, n.e.c.","1989","1989","kg/ha","7500","E","Estimated value",""
"QCL","Crops and livestock products","356","India","5412","Yield","01359.90","Other fruits, n.e.c.","1990","1990","kg/ha","7845.2","E","Estimated value",""
"QCL","Crops and livestock products","356","India","5412","Yield","01359.90","Other fruits, n.e.c.","1991","1991","kg/ha","7573.2","E","Estimated value",""
"QCL","Crops and livestock products","356","India","5412","Yield","01359.90","Other fruits, n.e.c.","1992","1992","kg/ha","7866.8","A","Official value",""
"QCL","Crops and livestock products","356","India","5412","Yield","01359.90","Other fruits, n.e.c.","1993","1993","kg/ha","5801.6","A","Official value",""
"QCL","Crops and livestock products","356","India","5412","Yield","01359.90","Other fruits, n.e.c.","1994","1994","kg/ha","7899.2","A","Official value",""
"QCL","Crops and livestock products","356","India","5412","Yield","01359.90","Other fruits, n.e.c.","1995","1995","kg/ha","9290.1","A","Official value",""
"QCL","Crops and livestock products","356","India","5412","Yield","01359.90","Other fruits, n.e.c.","1996","1996","kg/ha","15573.1","A","Official value",""
"QCL","Crops and livestock products","356","India","5412","Yield","01359.90","Other fruits, n.e.c.","1997","1997","kg/ha","9365","A","Official value",""
"QCL","Crops and livestock products","356","India","5412","Yield","01359.90","Other fruits, n.e.c.","1998","1998","kg/ha","11802.4","A","Official value",""
"QCL","Crops and livestock products","356","India","5412","Yield","01359.90","Other fruits, n.e.c.","1999","1999","kg/ha","9678.9","A","Official value",""
"QCL","Crops and livestock products","356","India","5412","Yield","01359.90","Other fruits, n.e.c.","2000","2000","kg/ha","11126.1","A","Official value",""
"QCL","Crops and livestock products","356","India","5412","Yield","01359.90","Other fruits, n.e.c.","2001","2001","kg/ha","10526.2","A","Official value",""
"QCL","Crops and livestock products","356","India","5412","Yield","01359.90","Other fruits, n.e.c.","2002","2002","kg/ha","4167.4","A","Official value",""
"QCL","Crops and livestock products","356","India","5412","Yield","01359.90","Other fruits, n.e.c.","2003","2003","kg/ha","35770.2","A","Official value",""
"QCL","Crops and livestock products","356","India","5412","Yield","01359.90","Other fruits, n.e.c.","2004","2004","kg/ha","6904.3","A","Official value",""
"QCL","Crops and livestock products","356","India","5412","Yield","01359.90","Other fruits, n.e.c.","2005","2005","kg/ha","6086.8","A","Official value",""
"QCL","Crops and livestock products","356","India","5412","Yield","01359.90","Other fruits, n.e.c.","2006","2006","kg/ha","6201.7","A","Official value",""
"QCL","Crops and livestock products","356","India","5412","Yield","01359.90","Other fruits, n.e.c.","2007","2007","kg/ha","6285.7","A","Official value",""
"QCL","Crops and livestock products","356","India","5412","Yield","01359.90","Other fruits, n.e.c.","2008","2008","kg/ha","8379.4","A","Official value",""
"QCL","Crops and livestock products","356","India","5412","Yield","01359.90","Other fruits, n.e.c.","2009","2009","kg/ha","4862.7","A","Official value",""
"QCL","Crops and livestock products","356","India","5412","Yield","01359.90","Other fruits, n.e.c.","2010","2010","kg/ha","6316.9","A","Official value",""
"QCL","Crops and livestock products","356","India","5412","Yield","01359.90","Other fruits, n.e.c.","2011","2011","kg/ha","5241","A","Official value",""
"QCL","Crops and livestock products","356","India","5412","Yield","01359.90","Other fruits, n.e.c.","2012","2012","kg/ha","5127.1","A","Official value",""
"QCL","Crops and livestock products","356","India","5412","Yield","01359.90","Other fruits, n.e.c.","2013","2013","kg/ha","5769.6","A","Official value",""
"QCL","Crops and livestock products","356","India","5412","Yield","01359.90","Other fruits, n.e.c.","2014","2014","kg/ha","6207.5","A","Official value",""
"QCL","Crops and livestock products","356","India","5412","Yield","01359.90","Other fruits, n.e.c.","2015","2015","kg/ha","10476.6","A","Official value",""
"QCL","Crops and livestock products","356","India","5412","Yield","01359.90","Other fruits, n.e.c.","2016","2016","kg/ha","10164.8","A","Official value",""
"QCL","Crops and livestock products","356","India","5412","Yield","01359.90","Other fruits, n.e.c.","2017","2017","kg/ha","10690.3","A","Official value",""
"QCL","Crops and livestock products","356","India","5412","Yield","01359.90","Other fruits, n.e.c.","2018","2018","kg/ha","10130.1","A","Official value",""
"QCL","Crops and livestock products","356","India","5412","Yield","01359.90","Other fruits, n.e.c.","2019","2019","kg/ha","10193.3","A","Official value",""
"QCL","Crops and livestock products","356","India","5412","Yield","01359.90","Other fruits, n.e.c.","2020","2020","kg/ha","10346.7","A","Official value",""
"QCL","Crops and livestock products","356","India","5412","Yield","01359.90","Other fruits, n.e.c.","2021","2021","kg/ha","10340.4","A","Official value",""
"QCL","Crops and livestock products","356","India","5412","Yield","01359.90","Other fruits, n.e.c.","2022","2022","kg/ha","11549.4","A","Official value",""
"QCL","Crops and livestock products","356","India","5412","Yield","01359.90","Other fruits, n.e.c.","2023","2023","kg/ha","12043.1","A","Official value",""
"QCL","Crops and livestock products","356","India","5412","Yield","01359.90","Other fruits, n.e.c.","2024","2024","kg/ha","11817.9","A","Official value",""
"QCL","Crops and livestock products","356","India","5412","Yield","01449.90","Other oil seeds, n.e.c.","1961","1961","kg/ha","209.6","E","Estimated value",""
"QCL","Crops and livestock products","356","India","5412","Yield","01449.90","Other oil seeds, n.e.c.","1962","1962","kg/ha","210.4","E","Estimated value",""
"QCL","Crops and livestock products","356","India","5412","Yield","01449.90","Other oil seeds, n.e.c.","1963","1963","kg/ha","165.6","E","Estimated value",""
"QCL","Crops and livestock products","356","India","5412","Yield","01449.90","Other oil seeds, n.e.c.","1964","1964","kg/ha","198","A","Official value",""
"QCL","Crops and livestock products","356","India","5412","Yield","01449.90","Other oil seeds, n.e.c.","1965","1965","kg/ha","174.3","A","Official value",""
"QCL","Crops and livestock products","356","India","5412","Yield","01449.90","Other oil seeds, n.e.c.","1966","1966","kg/ha","167","A","Official value",""
"QCL","Crops and livestock products","356","India","5412","Yield","01449.90","Other oil seeds, n.e.c.","1967","1967","kg/ha","209.4","A","Official value",""
"QCL","Crops and livestock products","356","India","5412","Yield","01449.90","Other oil seeds, n.e.c.","1968","1968","kg/ha","201.8","A","Official value",""
"QCL","Crops and livestock products","356","India","5412","Yield","01449.90","Other oil seeds, n.e.c.","1969","1969","kg/ha","203.3","A","Official value",""
"QCL","Crops and livestock products","356","India","5412","Yield","01449.90","Other oil seeds, n.e.c.","1970","1970","kg/ha","261.8","A","Official value",""
"QCL","Crops and livestock products","356","India","5412","Yield","01449.90","Other oil seeds, n.e.c.","1971","1971","kg/ha","234.6","A","Official value",""
"QCL","Crops and livestock products","356","India","5412","Yield","01449.90","Other oil seeds, n.e.c.","1972","1972","kg/ha","198.2","A","Official value",""
"QCL","Crops and livestock products","356","India","5412","Yield","01449.90","Other oil seeds, n.e.c.","1973","1973","kg/ha","246.2","A","Official value",""
"QCL","Crops and livestock products","356","India","5412","Yield","01449.90","Other oil seeds, n.e.c.","1974","1974","kg/ha","212.6","A","Official value",""
"QCL","Crops and livestock products","356","India","5412","Yield","01449.90","Other oil seeds, n.e.c.","1975","1975","kg/ha","244.6","A","Official value",""
"QCL","Crops and livestock products","356","India","5412","Yield","01449.90","Other oil seeds, n.e.c.","1976","1976","kg/ha","199.4","A","Official value",""
"QCL","Crops and livestock products","356","India","5412","Yield","01449.90","Other oil seeds, n.e.c.","1977","1977","kg/ha","243.3","A","Official value",""
"QCL","Crops and livestock products","356","India","5412","Yield","01449.90","Other oil seeds, n.e.c.","1978","1978","kg/ha","239.3","A","Official value",""
"QCL","Crops and livestock products","356","India","5412","Yield","01449.90","Other oil seeds, n.e.c.","1979","1979","kg/ha","180.6","A","Official value",""
"QCL","Crops and livestock products","356","India","5412","Yield","01449.90","Other oil seeds, n.e.c.","1980","1980","kg/ha","244","A","Official value",""
"QCL","Crops and livestock products","356","India","5412","Yield","01449.90","Other oil seeds, n.e.c.","1981","1981","kg/ha","265.4","A","Official value",""
"QCL","Crops and livestock products","356","India","5412","Yield","01449.90","Other oil seeds, n.e.c.","1982","1982","kg/ha","236.2","A","Official value",""
"QCL","Crops and livestock products","356","India","5412","Yield","01449.90","Other oil seeds, n.e.c.","1983","1983","kg/ha","294.2","A","Official value",""
"QCL","Crops and livestock products","356","India","5412","Yield","01449.90","Other oil seeds, n.e.c.","1984","1984","kg/ha","250.8","A","Official value",""
"QCL","Crops and livestock products","356","India","5412","Yield","01449.90","Other oil seeds, n.e.c.","1985","1985","kg/ha","302.8","A","Official value",""
"QCL","Crops and livestock products","356","India","5412","Yield","01449.90","Other oil seeds, n.e.c.","1986","1986","kg/ha","223.5","A","Official value",""
"QCL","Crops and livestock products","356","India","5412","Yield","01449.90","Other oil seeds, n.e.c.","1987","1987","kg/ha","280.6","A","Official value",""
"QCL","Crops and livestock products","356","India","5412","Yield","01449.90","Other oil seeds, n.e.c.","1988","1988","kg/ha","294.1","A","Official value",""
"QCL","Crops and livestock products","356","India","5412","Yield","01449.90","Other oil seeds, n.e.c.","1989","1989","kg/ha","300","A","Official value",""
"QCL","Crops and livestock products","356","India","5412","Yield","01449.90","Other oil seeds, n.e.c.","1990","1990","kg/ha","304.8","A","Official value",""
"QCL","Crops and livestock products","356","India","5412","Yield","01449.90","Other oil seeds, n.e.c.","1991","1991","kg/ha","280.3","A","Official value",""
"QCL","Crops and livestock products","356","India","5412","Yield","01449.90","Other oil seeds, n.e.c.","1992","1992","kg/ha","276.9","A","Official value",""
"QCL","Crops and livestock products","356","India","5412","Yield","01449.90","Other oil seeds, n.e.c.","1993","1993","kg/ha","327.2","A","Official value",""
"QCL","Crops and livestock products","356","India","5412","Yield","01449.90","Other oil seeds, n.e.c.","1994","1994","kg/ha","320.9","A","Official value",""
"QCL","Crops and livestock products","356","India","5412","Yield","01449.90","Other oil seeds, n.e.c.","1995","1995","kg/ha","316.1","A","Official value",""
"QCL","Crops and livestock products","356","India","5412","Yield","01449.90","Other oil seeds, n.e.c.","1996","1996","kg/ha","277.9","A","Official value",""
"QCL","Crops and livestock products","356","India","5412","Yield","01449.90","Other oil seeds, n.e.c.","1997","1997","kg/ha","299.1","A","Official value",""
"QCL","Crops and livestock products","356","India","5412","Yield","01449.90","Other oil seeds, n.e.c.","1998","1998","kg/ha","304.8","E","Estimated value",""
"QCL","Crops and livestock products","356","India","5412","Yield","01449.90","Other oil seeds, n.e.c.","1999","1999","kg/ha","304.3","E","Estimated value",""
"QCL","Crops and livestock products","356","India","5412","Yield","01449.90","Other oil seeds, n.e.c.","2000","2000","kg/ha","299.7","E","Estimated value",""
"QCL","Crops and livestock products","356","India","5412","Yield","01449.90","Other oil seeds, n.e.c.","2001","2001","kg/ha","302.3","E","Estimated value",""
"QCL","Crops and livestock products","356","India","5412","Yield","01449.90","Other oil seeds, n.e.c.","2002","2002","kg/ha","303.9","E","Estimated value",""
"QCL","Crops and livestock products","356","India","5412","Yield","01449.90","Other oil seeds, n.e.c.","2003","2003","kg/ha","300.3","E","Estimated value",""
"QCL","Crops and livestock products","356","India","5412","Yield","01449.90","Other oil seeds, n.e.c.","2004","2004","kg/ha","300.3","E","Estimated value",""
"QCL","Crops and livestock products","356","India","5412","Yield","01449.90","Other oil seeds, n.e.c.","2005","2005","kg/ha","300","E","Estimated value",""
"QCL","Crops and livestock products","356","India","5412","Yield","01449.90","Other oil seeds, n.e.c.","2006","2006","kg/ha","300.2","E","Estimated value",""
"QCL","Crops and livestock products","356","India","5412","Yield","01449.90","Other oil seeds, n.e.c.","2007","2007","kg/ha","305.6","E","Estimated value",""
"QCL","Crops and livestock products","356","India","5412","Yield","01449.90","Other oil seeds, n.e.c.","2008","2008","kg/ha","344.7","A","Official value",""
"QCL","Crops and livestock products","356","India","5412","Yield","01449.90","Other oil seeds, n.e.c.","2009","2009","kg/ha","266.3","A","Official value",""
"QCL","Crops and livestock products","356","India","5412","Yield","01449.90","Other oil seeds, n.e.c.","2010","2010","kg/ha","277.8","A","Official value",""
"QCL","Crops and livestock products","356","India","5412","Yield","01449.90","Other oil seeds, n.e.c.","2011","2011","kg/ha","316.1","E","Estimated value",""
"QCL","Crops and livestock products","356","India","5412","Yield","01449.90","Other oil seeds, n.e.c.","2012","2012","kg/ha","323.8","E","Estimated value",""
"QCL","Crops and livestock products","356","India","5412","Yield","01449.90","Other oil seeds, n.e.c.","2013","2013","kg/ha","328","A","Official value",""
"QCL","Crops and livestock products","356","India","5412","Yield","01449.90","Other oil seeds, n.e.c.","2014","2014","kg/ha","324.8","A","Official value",""
"QCL","Crops and livestock products","356","India","5412","Yield","01449.90","Other oil seeds, n.e.c.","2015","2015","kg/ha","293.7","A","Official value",""
"QCL","Crops and livestock products","356","India","5412","Yield","01449.90","Other oil seeds, n.e.c.","2016","2016","kg/ha","302.3","E","Estimated value",""
"QCL","Crops and livestock products","356","India","5412","Yield","01449.90","Other oil seeds, n.e.c.","2017","2017","kg/ha","309.2","E","Estimated value",""
"QCL","Crops and livestock products","356","India","5412","Yield","01449.90","Other oil seeds, n.e.c.","2018","2018","kg/ha","310.8","E","Estimated value",""
"QCL","Crops and livestock products","356","India","5412","Yield","01449.90","Other oil seeds, n.e.c.","2019","2019","kg/ha","311.4","E","Estimated value",""
"QCL","Crops and livestock products","356","India","5412","Yield","01449.90","Other oil seeds, n.e.c.","2020","2020","kg/ha","311.6","E","Estimated value",""
"QCL","Crops and livestock products","356","India","5412","Yield","01449.90","Other oil seeds, n.e.c.","2021","2021","kg/ha","312.1","E","Estimated value",""
"QCL","Crops and livestock products","356","India","5412","Yield","01449.90","Other oil seeds, n.e.c.","2022","2022","kg/ha","312.8","E","Estimated value",""
"QCL","Crops and livestock products","356","India","5412","Yield","01449.90","Other oil seeds, n.e.c.","2023","2023","kg/ha","313.4","E","Estimated value",""
"QCL","Crops and livestock products","356","India","5412","Yield","01449.90","Other oil seeds, n.e.c.","2024","2024","kg/ha","314","E","Estimated value",""
"QCL","Crops and livestock products","356","India","5412","Yield","01709.90","Other pulses n.e.c.","1961","1961","kg/ha","403.7","A","Official value",""
"QCL","Crops and livestock products","356","India","5412","Yield","01709.90","Other pulses n.e.c.","1962","1962","kg/ha","414.6","A","Official value",""
"QCL","Crops and livestock products","356","India","5412","Yield","01709.90","Other pulses n.e.c.","1963","1963","kg/ha","401.9","A","Official value",""
"QCL","Crops and livestock products","356","India","5412","Yield","01709.90","Other pulses n.e.c.","1964","1964","kg/ha","450.2","A","Official value",""
"QCL","Crops and livestock products","356","India","5412","Yield","01709.90","Other pulses n.e.c.","1965","1965","kg/ha","444","A","Official value",""
"QCL","Crops and livestock products","356","India","5412","Yield","01709.90","Other pulses n.e.c.","1966","1966","kg/ha","382.8","A","Official value",""
"QCL","Crops and livestock products","356","India","5412","Yield","01709.90","Other pulses n.e.c.","1967","1967","kg/ha","395.3","A","Official value",""
"QCL","Crops and livestock products","356","India","5412","Yield","01709.90","Other pulses n.e.c.","1968","1968","kg/ha","437.6","A","Official value",""
"QCL","Crops and livestock products","356","India","5412","Yield","01709.90","Other pulses n.e.c.","1969","1969","kg/ha","444.6","A","Official value",""
"QCL","Crops and livestock products","356","India","5412","Yield","01709.90","Other pulses n.e.c.","1970","1970","kg/ha","474.4","A","Official value",""
"QCL","Crops and livestock products","356","India","5412","Yield","01709.90","Other pulses n.e.c.","1971","1971","kg/ha","457.3","A","Official value",""
"QCL","Crops and livestock products","356","India","5412","Yield","01709.90","Other pulses n.e.c.","1972","1972","kg/ha","452.6","A","Official value",""
"QCL","Crops and livestock products","356","India","5412","Yield","01709.90","Other pulses n.e.c.","1973","1973","kg/ha","359.7","A","Official value",""
"QCL","Crops and livestock products","356","India","5412","Yield","01709.90","Other pulses n.e.c.","1974","1974","kg/ha","388.4","A","Official value",""
"QCL","Crops and livestock products","356","India","5412","Yield","01709.90","Other pulses n.e.c.","1975","1975","kg/ha","432.4","A","Official value",""
"QCL","Crops and livestock products","356","India","5412","Yield","01709.90","Other pulses n.e.c.","1976","1976","kg/ha","440","A","Official value",""
"QCL","Crops and livestock products","356","India","5412","Yield","01709.90","Other pulses n.e.c.","1977","1977","kg/ha","337.8","A","Official value",""
"QCL","Crops and livestock products","356","India","5412","Yield","01709.90","Other pulses n.e.c.","1978","1978","kg/ha","368.1","A","Official value",""
"QCL","Crops and livestock products","356","India","5412","Yield","01709.90","Other pulses n.e.c.","1979","1979","kg/ha","360.8","A","Official value",""
"QCL","Crops and livestock products","356","India","5412","Yield","01709.90","Other pulses n.e.c.","1980","1980","kg/ha","293","A","Official value",""
"QCL","Crops and livestock products","356","India","5412","Yield","01709.90","Other pulses n.e.c.","1981","1981","kg/ha","351.2","A","Official value",""
"QCL","Crops and livestock products","356","India","5412","Yield","01709.90","Other pulses n.e.c.","1982","1982","kg/ha","321.3","A","Official value",""
"QCL","Crops and livestock products","356","India","5412","Yield","01709.90","Other pulses n.e.c.","1983","1983","kg/ha","370.1","A","Official value",""
"QCL","Crops and livestock products","356","India","5412","Yield","01709.90","Other pulses n.e.c.","1984","1984","kg/ha","438.4","A","Official value",""
"QCL","Crops and livestock products","356","India","5412","Yield","01709.90","Other pulses n.e.c.","1985","1985","kg/ha","376.6","A","Official value",""
"QCL","Crops and livestock products","356","India","5412","Yield","01709.90","Other pulses n.e.c.","1986","1986","kg/ha","407.4","A","Official value",""
"QCL","Crops and livestock products","356","India","5412","Yield","01709.90","Other pulses n.e.c.","1987","1987","kg/ha","410.7","A","Official value",""
"QCL","Crops and livestock products","356","India","5412","Yield","01709.90","Other pulses n.e.c.","1988","1988","kg/ha","390.9","A","Official value",""
"QCL","Crops and livestock products","356","India","5412","Yield","01709.90","Other pulses n.e.c.","1989","1989","kg/ha","424.7","A","Official value",""
"QCL","Crops and livestock products","356","India","5412","Yield","01709.90","Other pulses n.e.c.","1990","1990","kg/ha","331.2","A","Official value",""
"QCL","Crops and livestock products","356","India","5412","Yield","01699","Other stimulant, spice and aromatic crops, n.e.c.","1962","1962","kg/ha","700","X","Value from external organization",""
"QCL","Crops and livestock products","356","India","5412","Yield","01699","Other stimulant, spice and aromatic crops, n.e.c.","1963","1963","kg/ha","725","X","Value from external organization",""
"QCL","Crops and livestock products","356","India","5412","Yield","01699","Other stimulant, spice and aromatic crops, n.e.c.","1964","1964","kg/ha","801.6","X","Value from external organization",""
"QCL","Crops and livestock products","356","India","5412","Yield","01699","Other stimulant, spice and aromatic crops, n.e.c.","1965","1965","kg/ha","728","X","Value from external organization",""
"QCL","Crops and livestock products","356","India","5412","Yield","01699","Other stimulant, spice and aromatic crops, n.e.c.","1966","1966","kg/ha","678.3","X","Value from external organization",""
"QCL","Crops and livestock products","356","India","5412","Yield","01699","Other stimulant, spice and aromatic crops, n.e.c.","1967","1967","kg/ha","673.1","X","Value from external organization",""
"QCL","Crops and livestock products","356","India","5412","Yield","01699","Other stimulant, spice and aromatic crops, n.e.c.","1968","1968","kg/ha","630","X","Value from external organization",""
"QCL","Crops and livestock products","356","India","5412","Yield","01699","Other stimulant, spice and aromatic crops, n.e.c.","1969","1969","kg/ha","701","A","Official value",""
"QCL","Crops and livestock products","356","India","5412","Yield","01699","Other stimulant, spice and aromatic crops, n.e.c.","1970","1970","kg/ha","713.8","A","Official value",""
"QCL","Crops and livestock products","356","India","5412","Yield","01699","Other stimulant, spice and aromatic crops, n.e.c.","1971","1971","kg/ha","590.7","A","Official value",""
"QCL","Crops and livestock products","356","India","5412","Yield","01699","Other stimulant, spice and aromatic crops, n.e.c.","1972","1972","kg/ha","634.1","A","Official value",""
"QCL","Crops and livestock products","356","India","5412","Yield","01699","Other stimulant, spice and aromatic crops, n.e.c.","1973","1973","kg/ha","676.6","A","Official value",""
"QCL","Crops and livestock products","356","India","5412","Yield","01699","Other stimulant, spice and aromatic crops, n.e.c.","1974","1974","kg/ha","767.6","A","Official value",""
"QCL","Crops and livestock products","356","India","5412","Yield","01699","Other stimulant, spice and aromatic crops, n.e.c.","1975","1975","kg/ha","771.2","A","Official value",""
"QCL","Crops and livestock products","356","India","5412","Yield","01699","Other stimulant, spice and aromatic crops, n.e.c.","1976","1976","kg/ha","682.6","A","Official value",""
"QCL","Crops and livestock products","356","India","5412","Yield","01699","Other stimulant, spice and aromatic crops, n.e.c.","1977","1977","kg/ha","612.2","A","Official value",""
"QCL","Crops and livestock products","356","India","5412","Yield","01699","Other stimulant, spice and aromatic crops, n.e.c.","1978","1978","kg/ha","708.8","A","Official value",""
"QCL","Crops and livestock products","356","India","5412","Yield","01699","Other stimulant, spice and aromatic crops, n.e.c.","1979","1979","kg/ha","883.1","A","Official value",""
"QCL","Crops and livestock products","356","India","5412","Yield","01699","Other stimulant, spice and aromatic crops, n.e.c.","1980","1980","kg/ha","848.4","A","Official value",""
"QCL","Crops and livestock products","356","India","5412","Yield","01699","Other stimulant, spice and aromatic crops, n.e.c.","1981","1981","kg/ha","746.9","A","Official value",""
"QCL","Crops and livestock products","356","India","5412","Yield","01699","Other stimulant, spice and aromatic crops, n.e.c.","1982","1982","kg/ha","752.2","A","Official value",""
"QCL","Crops and livestock products","356","India","5412","Yield","01699","Other stimulant, spice and aromatic crops, n.e.c.","1983","1983","kg/ha","709.7","A","Official value",""
"QCL","Crops and livestock products","356","India","5412","Yield","01699","Other stimulant, spice and aromatic crops, n.e.c.","1984","1984","kg/ha","772.7","A","Official value",""
"QCL","Crops and livestock products","356","India","5412","Yield","01699","Other stimulant, spice and aromatic crops, n.e.c.","1985","1985","kg/ha","985.5","A","Official value",""
"QCL","Crops and livestock products","356","India","5412","Yield","01699","Other stimulant, spice and aromatic crops, n.e.c.","1986","1986","kg/ha","994.7","A","Official value",""
"QCL","Crops and livestock products","356","India","5412","Yield","01699","Other stimulant, spice and aromatic crops, n.e.c.","1987","1987","kg/ha","864.5","A","Official value",""
"QCL","Crops and livestock products","356","India","5412","Yield","01699","Other stimulant, spice and aromatic crops, n.e.c.","1988","1988","kg/ha","1060.8","A","Official value",""
"QCL","Crops and livestock products","356","India","5412","Yield","01699","Other stimulant, spice and aromatic crops, n.e.c.","1989","1989","kg/ha","1308.8","A","Official value",""
"QCL","Crops and livestock products","356","India","5412","Yield","01699","Other stimulant, spice and aromatic crops, n.e.c.","1990","1990","kg/ha","1131.2","A","Official value",""
"QCL","Crops and livestock products","356","India","5412","Yield","01699","Other stimulant, spice and aromatic crops, n.e.c.","1991","1991","kg/ha","1131.3","A","Official value",""
"QCL","Crops and livestock products","356","India","5412","Yield","01699","Other stimulant, spice and aromatic crops, n.e.c.","1992","1992","kg/ha","1172.5","A","Official value",""
"QCL","Crops and livestock products","356","India","5412","Yield","01699","Other stimulant, spice and aromatic crops, n.e.c.","1993","1993","kg/ha","1485.8","A","Official value",""
"QCL","Crops and livestock products","356","India","5412","Yield","01699","Other stimulant, spice and aromatic crops, n.e.c.","1994","1994","kg/ha","1407.6","A","Official value",""
"QCL","Crops and livestock products","356","India","5412","Yield","01699","Other stimulant, spice and aromatic crops, n.e.c.","1995","1995","kg/ha","1204.8","A","Official value",""
"QCL","Crops and livestock products","356","India","5412","Yield","01699","Other stimulant, spice and aromatic crops, n.e.c.","1996","1996","kg/ha","1335","A","Official value",""
"QCL","Crops and livestock products","356","India","5412","Yield","01699","Other stimulant, spice and aromatic crops, n.e.c.","1997","1997","kg/ha","1228.7","A","Official value",""
"QCL","Crops and livestock products","356","India","5412","Yield","01699","Other stimulant, spice and aromatic crops, n.e.c.","1998","1998","kg/ha","1296.9","A","Official value",""
"QCL","Crops and livestock products","356","India","5412","Yield","01699","Other stimulant, spice and aromatic crops, n.e.c.","1999","1999","kg/ha","1631.9","A","Official value",""
"QCL","Crops and livestock products","356","India","5412","Yield","01699","Other stimulant, spice and aromatic crops, n.e.c.","2000","2000","kg/ha","1734.1","A","Official value",""
"QCL","Crops and livestock products","356","India","5412","Yield","01699","Other stimulant, spice and aromatic crops, n.e.c.","2001","2001","kg/ha","1479.5","A","Official value",""
"QCL","Crops and livestock products","356","India","5412","Yield","01699","Other stimulant, spice and aromatic crops, n.e.c.","2002","2002","kg/ha","1858.6","A","Official value",""
"QCL","Crops and livestock products","356","India","5412","Yield","01699","Other stimulant, spice and aromatic crops, n.e.c.","2003","2003","kg/ha","1506.8","A","Official value",""
"QCL","Crops and livestock products","356","India","5412","Yield","01699","Other stimulant, spice and aromatic crops, n.e.c.","2004","2004","kg/ha","1903.3","A","Official value",""
"QCL","Crops and livestock products","356","India","5412","Yield","01699","Other stimulant, spice and aromatic crops, n.e.c.","2005","2005","kg/ha","2098.2","A","Official value",""
"QCL","Crops and livestock products","356","India","5412","Yield","01699","Other stimulant, spice and aromatic crops, n.e.c.","2006","2006","kg/ha","2042.9","A","Official value",""
"QCL","Crops and livestock products","356","India","5412","Yield","01699","Other stimulant, spice and aromatic crops, n.e.c.","2007","2007","kg/ha","1973.2","A","Official value",""
"QCL","Crops and livestock products","356","India","5412","Yield","01699","Other stimulant, spice and aromatic crops, n.e.c.","2008","2008","kg/ha","1839.1","A","Official value",""
"QCL","Crops and livestock products","356","India","5412","Yield","01699","Other stimulant, spice and aromatic crops, n.e.c.","2009","2009","kg/ha","1903.3","A","Official value",""
"QCL","Crops and livestock products","356","India","5412","Yield","01699","Other stimulant, spice and aromatic crops, n.e.c.","2010","2010","kg/ha","2032.7","A","Official value",""
"QCL","Crops and livestock products","356","India","5412","Yield","01699","Other stimulant, spice and aromatic crops, n.e.c.","2011","2011","kg/ha","2189","A","Official value",""
"QCL","Crops and livestock products","356","India","5412","Yield","01699","Other stimulant, spice and aromatic crops, n.e.c.","2012","2012","kg/ha","2020.3","A","Official value",""
"QCL","Crops and livestock products","356","India","5412","Yield","01699","Other stimulant, spice and aromatic crops, n.e.c.","2013","2013","kg/ha","2026.8","A","Official value",""
"QCL","Crops and livestock products","356","India","5412","Yield","01699","Other stimulant, spice and aromatic crops, n.e.c.","2014","2014","kg/ha","2211.8","A","Official value",""
"QCL","Crops and livestock products","356","India","5412","Yield","01699","Other stimulant, spice and aromatic crops, n.e.c.","2015","2015","kg/ha","1753.1","A","Official value",""
"QCL","Crops and livestock products","356","India","5412","Yield","01699","Other stimulant, spice and aromatic crops, n.e.c.","2016","2016","kg/ha","1989.6","A","Official value",""
"QCL","Crops and livestock products","356","India","5412","Yield","01699","Other stimulant, spice and aromatic crops, n.e.c.","2017","2017","kg/ha","3026.6","A","Official value",""
"QCL","Crops and livestock products","356","India","5412","Yield","01699","Other stimulant, spice and aromatic crops, n.e.c.","2018","2018","kg/ha","1631.6","A","Official value",""
"QCL","Crops and livestock products","356","India","5412","Yield","01699","Other stimulant, spice and aromatic crops, n.e.c.","2019","2019","kg/ha","1740.3","A","Official value",""
"QCL","Crops and livestock products","356","India","5412","Yield","01699","Other stimulant, spice and aromatic crops, n.e.c.","2020","2020","kg/ha","1970.1","E","Estimated value",""
"QCL","Crops and livestock products","356","India","5412","Yield","01699","Other stimulant, spice and aromatic crops, n.e.c.","2021","2021","kg/ha","2000.8","E","Estimated value",""
"QCL","Crops and livestock products","356","India","5412","Yield","01699","Other stimulant, spice and aromatic crops, n.e.c.","2022","2022","kg/ha","1993","E","Estimated value",""
"QCL","Crops and livestock products","356","India","5412","Yield","01699","Other stimulant, spice and aromatic crops, n.e.c.","2023","2023","kg/ha","1978.4","E","Estimated value",""
"QCL","Crops and livestock products","356","India","5412","Yield","01699","Other stimulant, spice and aromatic crops, n.e.c.","2024","2024","kg/ha","2012.1","E","Estimated value",""
"QCL","Crops and livestock products","356","India","5412","Yield","01349.20","Other stone fruits","1985","1985","kg/ha","5000","E","Estimated value",""
"QCL","Crops and livestock products","356","India","5412","Yield","01349.20","Other stone fruits","1986","1986","kg/ha","5000","E","Estimated value",""
"QCL","Crops and livestock products","356","India","5412","Yield","01349.20","Other stone fruits","1987","1987","kg/ha","5000","E","Estimated value",""
"QCL","Crops and livestock products","356","India","5412","Yield","01349.20","Other stone fruits","1988","1988","kg/ha","5000","E","Estimated value",""
"QCL","Crops and livestock products","356","India","5412","Yield","01349.20","Other stone fruits","1989","1989","kg/ha","5000","E","Estimated value",""
"QCL","Crops and livestock products","356","India","5412","Yield","01349.20","Other stone fruits","1990","1990","kg/ha","5220.6","E","Estimated value",""
"QCL","Crops and livestock products","356","India","5412","Yield","01349.20","Other stone fruits","1991","1991","kg/ha","1655.5","E","Estimated value",""
"QCL","Crops and livestock products","356","India","5412","Yield","01349.20","Other stone fruits","1992","1992","kg/ha","1755.3","E","Estimated value",""
"QCL","Crops and livestock products","356","India","5412","Yield","01349.20","Other stone fruits","1993","1993","kg/ha","1858","E","Estimated value",""
"QCL","Crops and livestock products","356","India","5412","Yield","01349.20","Other stone fruits","1994","1994","kg/ha","1970.1","E","Estimated value",""
"QCL","Crops and livestock products","356","India","5412","Yield","01349.20","Other stone fruits","1995","1995","kg/ha","2050.3","E","Estimated value",""
"QCL","Crops and livestock products","356","India","5412","Yield","01349.20","Other stone fruits","1996","1996","kg/ha","2124.5","E","Estimated value",""
"QCL","Crops and livestock products","356","India","5412","Yield","01349.20","Other stone fruits","1997","1997","kg/ha","2300.5","E","Estimated value",""
"QCL","Crops and livestock products","356","India","5412","Yield","01349.20","Other stone fruits","1998","1998","kg/ha","2283.6","E","Estimated value",""
"QCL","Crops and livestock products","356","India","5412","Yield","01349.20","Other stone fruits","1999","1999","kg/ha","2455.9","E","Estimated value",""
"QCL","Crops and livestock products","356","India","5412","Yield","01349.20","Other stone fruits","2000","2000","kg/ha","2531.9","E","Estimated value",""
"QCL","Crops and livestock products","356","India","5412","Yield","01349.20","Other stone fruits","2001","2001","kg/ha","2606.9","E","Estimated value",""
"QCL","Crops and livestock products","356","India","5412","Yield","01349.20","Other stone fruits","2002","2002","kg/ha","2707.7","E","Estimated value",""
"QCL","Crops and livestock products","356","India","5412","Yield","01349.20","Other stone fruits","2003","2003","kg/ha","2807.7","E","Estimated value",""
"QCL","Crops and livestock products","356","India","5412","Yield","01349.20","Other stone fruits","2004","2004","kg/ha","2872.8","E","Estimated value",""
"QCL","Crops and livestock products","356","India","5412","Yield","01349.20","Other stone fruits","2005","2005","kg/ha","2954.3","E","Estimated value",""
"QCL","Crops and livestock products","356","India","5412","Yield","01349.20","Other stone fruits","2006","2006","kg/ha","3036.6","E","Estimated value",""
"QCL","Crops and livestock products","356","India","5412","Yield","01349.20","Other stone fruits","2007","2007","kg/ha","3119.9","E","Estimated value",""
"QCL","Crops and livestock products","356","India","5412","Yield","01349.20","Other stone fruits","2008","2008","kg/ha","3197.4","E","Estimated value",""
"QCL","Crops and livestock products","356","India","5412","Yield","01349.20","Other stone fruits","2009","2009","kg/ha","3278.6","E","Estimated value",""
"QCL","Crops and livestock products","356","India","5412","Yield","01349.20","Other stone fruits","2010","2010","kg/ha","3392.4","E","Estimated value",""
"QCL","Crops and livestock products","356","India","5412","Yield","01349.20","Other stone fruits","2011","2011","kg/ha","3446","E","Estimated value",""
"QCL","Crops and livestock products","356","India","5412","Yield","01349.20","Other stone fruits","2012","2012","kg/ha","3536.8","E","Estimated value",""
"QCL","Crops and livestock products","356","India","5412","Yield","01349.20","Other stone fruits","2013","2013","kg/ha","3634.7","E","Estimated value",""
"QCL","Crops and livestock products","356","India","5412","Yield","01349.20","Other stone fruits","2014","2014","kg/ha","3717.1","E","Estimated value",""
"QCL","Crops and livestock products","356","India","5412","Yield","01349.20","Other stone fruits","2015","2015","kg/ha","3799.1","E","Estimated value",""
"QCL","Crops and livestock products","356","India","5412","Yield","01349.20","Other stone fruits","2016","2016","kg/ha","3885.2","E","Estimated value",""
"QCL","Crops and livestock products","356","India","5412","Yield","01349.20","Other stone fruits","2017","2017","kg/ha","3972.2","E","Estimated value",""
"QCL","Crops and livestock products","356","India","5412","Yield","01349.20","Other stone fruits","2018","2018","kg/ha","4058.4","E","Estimated value",""
"QCL","Crops and livestock products","356","India","5412","Yield","01349.20","Other stone fruits","2019","2019","kg/ha","3941.2","E","Estimated value",""
"QCL","Crops and livestock products","356","India","5412","Yield","01349.20","Other stone fruits","2020","2020","kg/ha","4056.9","E","Estimated value",""
"QCL","Crops and livestock products","356","India","5412","Yield","01349.20","Other stone fruits","2021","2021","kg/ha","4016","E","Estimated value",""
"QCL","Crops and livestock products","356","India","5412","Yield","01349.20","Other stone fruits","2022","2022","kg/ha","3994.5","E","Estimated value",""
"QCL","Crops and livestock products","356","India","5412","Yield","01349.20","Other stone fruits","2023","2023","kg/ha","4010.5","E","Estimated value",""
"QCL","Crops and livestock products","356","India","5412","Yield","01349.20","Other stone fruits","2024","2024","kg/ha","3985","E","Estimated value",""
"QCL","Crops and livestock products","356","India","5412","Yield","01319","Other tropical fruits, n.e.c.","1961","1961","kg/ha","6555.6","E","Estimated value",""
"QCL","Crops and livestock products","356","India","5412","Yield","01319","Other tropical fruits, n.e.c.","1962","1962","kg/ha","6468.1","E","Estimated value",""
"QCL","Crops and livestock products","356","India","5412","Yield","01319","Other tropical fruits, n.e.c.","1963","1963","kg/ha","6468.1","E","Estimated value",""
"QCL","Crops and livestock products","356","India","5412","Yield","01319","Other tropical fruits, n.e.c.","1964","1964","kg/ha","6723.4","E","Estimated value",""
"QCL","Crops and livestock products","356","India","5412","Yield","01319","Other tropical fruits, n.e.c.","1965","1965","kg/ha","6708.9","E","Estimated value",""
"QCL","Crops and livestock products","356","India","5412","Yield","01319","Other tropical fruits, n.e.c.","1966","1966","kg/ha","6770.8","E","Estimated value",""
"QCL","Crops and livestock products","356","India","5412","Yield","01319","Other tropical fruits, n.e.c.","1967","1967","kg/ha","6836.7","E","Estimated value",""
"QCL","Crops and livestock products","356","India","5412","Yield","01319","Other tropical fruits, n.e.c.","1968","1968","kg/ha","6880","E","Estimated value",""
"QCL","Crops and livestock products","356","India","5412","Yield","01319","Other tropical fruits, n.e.c.","1969","1969","kg/ha","6821.7","E","Estimated value",""
"QCL","Crops and livestock products","356","India","5412","Yield","01319","Other tropical fruits, n.e.c.","1970","1970","kg/ha","6784.3","E","Estimated value",""
"QCL","Crops and livestock products","356","India","5412","Yield","01319","Other tropical fruits, n.e.c.","1971","1971","kg/ha","7000","E","Estimated value",""
"QCL","Crops and livestock products","356","India","5412","Yield","01319","Other tropical fruits, n.e.c.","1972","1972","kg/ha","6862.7","E","Estimated value",""
"QCL","Crops and livestock products","356","India","5412","Yield","01319","Other tropical fruits, n.e.c.","1973","1973","kg/ha","6963","E","Estimated value",""
"QCL","Crops and livestock products","356","India","5412","Yield","01319","Other tropical fruits, n.e.c.","1974","1974","kg/ha","7074.1","E","Estimated value",""
"QCL","Crops and livestock products","356","India","5412","Yield","01319","Other tropical fruits, n.e.c.","1975","1975","kg/ha","7036.4","E","Estimated value",""
"QCL","Crops and livestock products","356","India","5412","Yield","01319","Other tropical fruits, n.e.c.","1976","1976","kg/ha","7017.5","E","Estimated value",""
"QCL","Crops and livestock products","356","India","5412","Yield","01319","Other tropical fruits, n.e.c.","1977","1977","kg/ha","7031.3","E","Estimated value",""
"QCL","Crops and livestock products","356","India","5412","Yield","01319","Other tropical fruits, n.e.c.","1978","1978","kg/ha","7082","E","Estimated value",""
"QCL","Crops and livestock products","356","India","5412","Yield","01319","Other tropical fruits, n.e.c.","1979","1979","kg/ha","6968.8","E","Estimated value",""
"QCL","Crops and livestock products","356","India","5412","Yield","01319","Other tropical fruits, n.e.c.","1980","1980","kg/ha","7107.7","E","Estimated value",""
"QCL","Crops and livestock products","356","India","5412","Yield","01319","Other tropical fruits, n.e.c.","1981","1981","kg/ha","7242.4","E","Estimated value",""
"QCL","Crops and livestock products","356","India","5412","Yield","01319","Other tropical fruits, n.e.c.","1982","1982","kg/ha","7338.2","E","Estimated value",""
"QCL","Crops and livestock products","356","India","5412","Yield","01319","Other tropical fruits, n.e.c.","1983","1983","kg/ha","7449.3","E","Estimated value",""
"QCL","Crops and livestock products","356","India","5412","Yield","01319","Other tropical fruits, n.e.c.","1984","1984","kg/ha","8036.6","E","Estimated value",""
"QCL","Crops and livestock products","356","India","5412","Yield","01319","Other tropical fruits, n.e.c.","1985","1985","kg/ha","7987.8","E","Estimated value",""
"QCL","Crops and livestock products","356","India","5412","Yield","01319","Other tropical fruits, n.e.c.","1986","1986","kg/ha","8340.9","E","Estimated value",""
"QCL","Crops and livestock products","356","India","5412","Yield","01319","Other tropical fruits, n.e.c.","1987","1987","kg/ha","7878","E","Estimated value",""
"QCL","Crops and livestock products","356","India","5412","Yield","01319","Other tropical fruits, n.e.c.","1988","1988","kg/ha","7625","E","Estimated value",""
"QCL","Crops and livestock products","356","India","5412","Yield","01319","Other tropical fruits, n.e.c.","1989","1989","kg/ha","7791.7","E","Estimated value",""
"QCL","Crops and livestock products","356","India","5412","Yield","01319","Other tropical fruits, n.e.c.","1990","1990","kg/ha","8150.3","E","Estimated value",""
"QCL","Crops and livestock products","356","India","5412","Yield","01319","Other tropical fruits, n.e.c.","1991","1991","kg/ha","7294.1","E","Estimated value",""
"QCL","Crops and livestock products","356","India","5412","Yield","01319","Other tropical fruits, n.e.c.","1992","1992","kg/ha","8366","A","Official value",""
"QCL","Crops and livestock products","356","India","5412","Yield","01319","Other tropical fruits, n.e.c.","1993","1993","kg/ha","8113.9","A","Official value",""
"QCL","Crops and livestock products","356","India","5412","Yield","01319","Other tropical fruits, n.e.c.","1994","1994","kg/ha","8798.4","A","Official value",""
"QCL","Crops and livestock products","356","India","5412","Yield","01319","Other tropical fruits, n.e.c.","1995","1995","kg/ha","8726.3","A","Official value",""
"QCL","Crops and livestock products","356","India","5412","Yield","01319","Other tropical fruits, n.e.c.","1996","1996","kg/ha","9711","A","Official value",""
"QCL","Crops and livestock products","356","India","5412","Yield","01319","Other tropical fruits, n.e.c.","1997","1997","kg/ha","9970.1","A","Official value",""
"QCL","Crops and livestock products","356","India","5412","Yield","01319","Other tropical fruits, n.e.c.","1998","1998","kg/ha","10296.2","A","Official value",""
"QCL","Crops and livestock products","356","India","5412","Yield","01319","Other tropical fruits, n.e.c.","1999","1999","kg/ha","10286.1","A","Official value",""
"QCL","Crops and livestock products","356","India","5412","Yield","01319","Other tropical fruits, n.e.c.","2000","2000","kg/ha","8691.6","A","Official value",""
"QCL","Crops and livestock products","356","India","5412","Yield","01319","Other tropical fruits, n.e.c.","2001","2001","kg/ha","9171","A","Official value",""
"QCL","Crops and livestock products","356","India","5412","Yield","01319","Other tropical fruits, n.e.c.","2002","2002","kg/ha","8623.1","A","Official value",""
"QCL","Crops and livestock products","356","India","5412","Yield","01319","Other tropical fruits, n.e.c.","2003","2003","kg/ha","10047","A","Official value",""
"QCL","Crops and livestock products","356","India","5412","Yield","01319","Other tropical fruits, n.e.c.","2004","2004","kg/ha","8031","A","Official value",""
"QCL","Crops and livestock products","356","India","5412","Yield","01319","Other tropical fruits, n.e.c.","2005","2005","kg/ha","7445.1","A","Official value",""
"QCL","Crops and livestock products","356","India","5412","Yield","01319","Other tropical fruits, n.e.c.","2006","2006","kg/ha","7422.9","A","Official value",""
"QCL","Crops and livestock products","356","India","5412","Yield","01319","Other tropical fruits, n.e.c.","2007","2007","kg/ha","7565.4","A","Official value",""
"QCL","Crops and livestock products","356","India","5412","Yield","01319","Other tropical fruits, n.e.c.","2008","2008","kg/ha","7583.7","A","Official value",""
"QCL","Crops and livestock products","356","India","5412","Yield","01319","Other tropical fruits, n.e.c.","2009","2009","kg/ha","7592.1","A","Official value",""
"QCL","Crops and livestock products","356","India","5412","Yield","01319","Other tropical fruits, n.e.c.","2010","2010","kg/ha","7844.4","A","Official value",""
"QCL","Crops and livestock products","356","India","5412","Yield","01319","Other tropical fruits, n.e.c.","2011","2011","kg/ha","8071.4","A","Official value",""
"QCL","Crops and livestock products","356","India","5412","Yield","01319","Other tropical fruits, n.e.c.","2012","2012","kg/ha","8082.3","A","Official value",""
"QCL","Crops and livestock products","356","India","5412","Yield","01319","Other tropical fruits, n.e.c.","2013","2013","kg/ha","8400.8","A","Official value",""
"QCL","Crops and livestock products","356","India","5412","Yield","01319","Other tropical fruits, n.e.c.","2014","2014","kg/ha","8923.4","A","Official value",""
"QCL","Crops and livestock products","356","India","5412","Yield","01319","Other tropical fruits, n.e.c.","2015","2015","kg/ha","9774.9","A","Official value",""
"QCL","Crops and livestock products","356","India","5412","Yield","01319","Other tropical fruits, n.e.c.","2016","2016","kg/ha","9416.3","A","Official value",""
"QCL","Crops and livestock products","356","India","5412","Yield","01319","Other tropical fruits, n.e.c.","2017","2017","kg/ha","9402.5","A","Official value",""
"QCL","Crops and livestock products","356","India","5412","Yield","01319","Other tropical fruits, n.e.c.","2018","2018","kg/ha","9821","A","Official value",""
"QCL","Crops and livestock products","356","India","5412","Yield","01319","Other tropical fruits, n.e.c.","2019","2019","kg/ha","9655.2","A","Official value",""
"QCL","Crops and livestock products","356","India","5412","Yield","01319","Other tropical fruits, n.e.c.","2020","2020","kg/ha","9035.8","A","Official value",""
"QCL","Crops and livestock products","356","India","5412","Yield","01319","Other tropical fruits, n.e.c.","2021","2021","kg/ha","8735.4","A","Official value",""
"QCL","Crops and livestock products","356","India","5412","Yield","01319","Other tropical fruits, n.e.c.","2022","2022","kg/ha","8561.4","A","Official value",""
"QCL","Crops and livestock products","356","India","5412","Yield","01319","Other tropical fruits, n.e.c.","2023","2023","kg/ha","9591.7","A","Official value",""
"QCL","Crops and livestock products","356","India","5412","Yield","01319","Other tropical fruits, n.e.c.","2024","2024","kg/ha","9480.2","A","Official value",""
"QCL","Crops and livestock products","356","India","5412","Yield","01290.90","Other vegetables, fresh n.e.c.","1961","1961","kg/ha","6505.4","E","Estimated value",""
"QCL","Crops and livestock products","356","India","5412","Yield","01290.90","Other vegetables, fresh n.e.c.","1962","1962","kg/ha","6033.3","E","Estimated value",""
"QCL","Crops and livestock products","356","India","5412","Yield","01290.90","Other vegetables, fresh n.e.c.","1963","1963","kg/ha","6600","E","Estimated value",""
"QCL","Crops and livestock products","356","India","5412","Yield","01290.90","Other vegetables, fresh n.e.c.","1964","1964","kg/ha","6699.5","E","Estimated value",""
"QCL","Crops and livestock products","356","India","5412","Yield","01290.90","Other vegetables, fresh n.e.c.","1965","1965","kg/ha","6698.3","E","Estimated value",""
"QCL","Crops and livestock products","356","India","5412","Yield","01290.90","Other vegetables, fresh n.e.c.","1966","1966","kg/ha","6903.1","E","Estimated value",""
"QCL","Crops and livestock products","356","India","5412","Yield","01290.90","Other vegetables, fresh n.e.c.","1967","1967","kg/ha","7000","E","Estimated value",""
"QCL","Crops and livestock products","356","India","5412","Yield","01290.90","Other vegetables, fresh n.e.c.","1968","1968","kg/ha","7109","E","Estimated value",""
"QCL","Crops and livestock products","356","India","5412","Yield","01290.90","Other vegetables, fresh n.e.c.","1969","1969","kg/ha","7209.3","E","Estimated value",""
"QCL","Crops and livestock products","356","India","5412","Yield","01290.90","Other vegetables, fresh n.e.c.","1970","1970","kg/ha","7305.9","E","Estimated value",""
"QCL","Crops and livestock products","356","India","5412","Yield","01290.90","Other vegetables, fresh n.e.c.","1971","1971","kg/ha","7399.1","E","Estimated value",""
"QCL","Crops and livestock products","356","India","5412","Yield","01290.90","Other vegetables, fresh n.e.c.","1972","1972","kg/ha","7434.8","E","Estimated value",""
"QCL","Crops and livestock products","356","India","5412","Yield","01290.90","Other vegetables, fresh n.e.c.","1973","1973","kg/ha","7505.3","E","Estimated value",""
"QCL","Crops and livestock products","356","India","5412","Yield","01290.90","Other vegetables, fresh n.e.c.","1974","1974","kg/ha","7659.6","E","Estimated value",""
"QCL","Crops and livestock products","356","India","5412","Yield","01290.90","Other vegetables, fresh n.e.c.","1975","1975","kg/ha","7650.7","E","Estimated value",""
"QCL","Crops and livestock products","356","India","5412","Yield","01290.90","Other vegetables, fresh n.e.c.","1976","1976","kg/ha","7858.6","E","Estimated value",""
"QCL","Crops and livestock products","356","India","5412","Yield","01290.90","Other vegetables, fresh n.e.c.","1977","1977","kg/ha","7950.3","E","Estimated value",""
"QCL","Crops and livestock products","356","India","5412","Yield","01290.90","Other vegetables, fresh n.e.c.","1978","1978","kg/ha","7857.1","E","Estimated value",""
"QCL","Crops and livestock products","356","India","5412","Yield","01290.90","Other vegetables, fresh n.e.c.","1979","1979","kg/ha","7950.8","E","Estimated value",""
"QCL","Crops and livestock products","356","India","5412","Yield","01290.90","Other vegetables, fresh n.e.c.","1980","1980","kg/ha","8157.3","E","Estimated value",""
"QCL","Crops and livestock products","356","India","5412","Yield","01290.90","Other vegetables, fresh n.e.c.","1981","1981","kg/ha","8333.3","E","Estimated value",""
"QCL","Crops and livestock products","356","India","5412","Yield","01290.90","Other vegetables, fresh n.e.c.","1982","1982","kg/ha","8440","E","Estimated value",""
"QCL","Crops and livestock products","356","India","5412","Yield","01290.90","Other vegetables, fresh n.e.c.","1983","1983","kg/ha","8470.6","E","Estimated value",""
"QCL","Crops and livestock products","356","India","5412","Yield","01290.90","Other vegetables, fresh n.e.c.","1984","1984","kg/ha","8730.2","E","Estimated value",""
"QCL","Crops and livestock products","356","India","5412","Yield","01290.90","Other vegetables, fresh n.e.c.","1985","1985","kg/ha","8750","E","Estimated value",""
"QCL","Crops and livestock products","356","India","5412","Yield","01290.90","Other vegetables, fresh n.e.c.","1986","1986","kg/ha","8843.3","E","Estimated value",""
"QCL","Crops and livestock products","356","India","5412","Yield","01290.90","Other vegetables, fresh n.e.c.","1987","1987","kg/ha","8839.8","E","Estimated value",""
"QCL","Crops and livestock products","356","India","5412","Yield","01290.90","Other vegetables, fresh n.e.c.","1988","1988","kg/ha","9506.2","E","Estimated value",""
"QCL","Crops and livestock products","356","India","5412","Yield","01290.90","Other vegetables, fresh n.e.c.","1989","1989","kg/ha","9591.4","E","Estimated value",""
"QCL","Crops and livestock products","356","India","5412","Yield","01290.90","Other vegetables, fresh n.e.c.","1990","1990","kg/ha","10000","E","Estimated value",""
"QCL","Crops and livestock products","356","India","5412","Yield","01290.90","Other vegetables, fresh n.e.c.","1991","1991","kg/ha","10000","E","Estimated value",""
"QCL","Crops and livestock products","356","India","5412","Yield","01290.90","Other vegetables, fresh n.e.c.","1992","1992","kg/ha","5965.4","A","Official value",""
"QCL","Crops and livestock products","356","India","5412","Yield","01290.90","Other vegetables, fresh n.e.c.","1993","1993","kg/ha","10970.4","A","Official value",""
"QCL","Crops and livestock products","356","India","5412","Yield","01290.90","Other vegetables, fresh n.e.c.","1994","1994","kg/ha","10880.5","A","Official value",""
"QCL","Crops and livestock products","356","India","5412","Yield","01290.90","Other vegetables, fresh n.e.c.","1995","1995","kg/ha","10301.3","A","Official value",""
"QCL","Crops and livestock products","356","India","5412","Yield","01290.90","Other vegetables, fresh n.e.c.","1996","1996","kg/ha","11122.4","A","Official value",""
"QCL","Crops and livestock products","356","India","5412","Yield","01290.90","Other vegetables, fresh n.e.c.","1997","1997","kg/ha","9440","A","Official value",""
"QCL","Crops and livestock products","356","India","5412","Yield","01290.90","Other vegetables, fresh n.e.c.","1998","1998","kg/ha","8717.7","A","Official value",""
"QCL","Crops and livestock products","356","India","5412","Yield","01290.90","Other vegetables, fresh n.e.c.","1999","1999","kg/ha","11625.8","A","Official value",""
"QCL","Crops and livestock products","356","India","5412","Yield","01290.90","Other vegetables, fresh n.e.c.","2000","2000","kg/ha","12589.4","A","Official value",""
"QCL","Crops and livestock products","356","India","5412","Yield","01290.90","Other vegetables, fresh n.e.c.","2001","2001","kg/ha","12896.9","A","Official value",""
"QCL","Crops and livestock products","356","India","5412","Yield","01290.90","Other vegetables, fresh n.e.c.","2002","2002","kg/ha","10083.8","A","Official value",""
"QCL","Crops and livestock products","356","India","5412","Yield","01290.90","Other vegetables, fresh n.e.c.","2003","2003","kg/ha","10682.6","A","Official value",""
"QCL","Crops and livestock products","356","India","5412","Yield","01290.90","Other vegetables, fresh n.e.c.","2004","2004","kg/ha","9440.9","A","Official value",""
"QCL","Crops and livestock products","356","India","5412","Yield","01290.90","Other vegetables, fresh n.e.c.","2005","2005","kg/ha","10712.9","A","Official value",""
"QCL","Crops and livestock products","356","India","5412","Yield","01290.90","Other vegetables, fresh n.e.c.","2006","2006","kg/ha","12004.4","A","Official value",""
"QCL","Crops and livestock products","356","India","5412","Yield","01290.90","Other vegetables, fresh n.e.c.","2007","2007","kg/ha","12753.5","A","Official value",""
"QCL","Crops and livestock products","356","India","5412","Yield","01290.90","Other vegetables, fresh n.e.c.","2008","2008","kg/ha","13029.5","A","Official value",""
"QCL","Crops and livestock products","356","India","5412","Yield","01290.90","Other vegetables, fresh n.e.c.","2009","2009","kg/ha","12290.9","A","Official value",""
"QCL","Crops and livestock products","356","India","5412","Yield","01290.90","Other vegetables, fresh n.e.c.","2010","2010","kg/ha","13599.9","A","Official value",""
"QCL","Crops and livestock products","356","India","5412","Yield","01290.90","Other vegetables, fresh n.e.c.","2011","2011","kg/ha","12525.5","A","Official value",""
"QCL","Crops and livestock products","356","India","5412","Yield","01290.90","Other vegetables, fresh n.e.c.","2012","2012","kg/ha","11956.6","A","Official value",""
"QCL","Crops and livestock products","356","India","5412","Yield","01290.90","Other vegetables, fresh n.e.c.","2013","2013","kg/ha","12465.4","A","Official value",""
"QCL","Crops and livestock products","356","India","5412","Yield","01290.90","Other vegetables, fresh n.e.c.","2014","2014","kg/ha","12360","A","Official value",""
"QCL","Crops and livestock products","356","India","5412","Yield","01290.90","Other vegetables, fresh n.e.c.","2015","2015","kg/ha","15016.5","A","Official value",""
"QCL","Crops and livestock products","356","India","5412","Yield","01290.90","Other vegetables, fresh n.e.c.","2016","2016","kg/ha","14004","A","Official value",""
"QCL","Crops and livestock products","356","India","5412","Yield","01290.90","Other vegetables, fresh n.e.c.","2017","2017","kg/ha","13885.5","A","Official value",""
"QCL","Crops and livestock products","356","India","5412","Yield","01290.90","Other vegetables, fresh n.e.c.","2018","2018","kg/ha","14191.9","A","Official value",""
"QCL","Crops and livestock products","356","India","5412","Yield","01290.90","Other vegetables, fresh n.e.c.","2019","2019","kg/ha","14781.7","A","Official value",""
"QCL","Crops and livestock products","356","India","5412","Yield","01290.90","Other vegetables, fresh n.e.c.","2020","2020","kg/ha","14540.4","A","Official value",""
"QCL","Crops and livestock products","356","India","5412","Yield","01290.90","Other vegetables, fresh n.e.c.","2021","2021","kg/ha","14392.2","A","Official value",""
"QCL","Crops and livestock products","356","India","5412","Yield","01290.90","Other vegetables, fresh n.e.c.","2022","2022","kg/ha","14875.3","A","Official value",""
"QCL","Crops and livestock products","356","India","5412","Yield","01290.90","Other vegetables, fresh n.e.c.","2023","2023","kg/ha","14872.7","A","Official value",""
"QCL","Crops and livestock products","356","India","5412","Yield","01290.90","Other vegetables, fresh n.e.c.","2024","2024","kg/ha","14724.8","A","Official value",""
"QCL","Crops and livestock products","356","India","5412","Yield","01317","Papayas","1961","1961","kg/ha","38000","A","Official value",""
"QCL","Crops and livestock products","356","India","5412","Yield","01317","Papayas","1962","1962","kg/ha","33142.9","A","Official value",""
"QCL","Crops and livestock products","356","India","5412","Yield","01317","Papayas","1963","1963","kg/ha","33714.3","A","Official value",""
"QCL","Crops and livestock products","356","India","5412","Yield","01317","Papayas","1964","1964","kg/ha","25166.7","A","Official value",""
"QCL","Crops and livestock products","356","India","5412","Yield","01317","Papayas","1965","1965","kg/ha","29833.3","A","Official value",""
"QCL","Crops and livestock products","356","India","5412","Yield","01317","Papayas","1966","1966","kg/ha","25750","A","Official value",""
"QCL","Crops and livestock products","356","India","5412","Yield","01317","Papayas","1967","1967","kg/ha","26125","A","Official value",""
"QCL","Crops and livestock products","356","India","5412","Yield","01317","Papayas","1968","1968","kg/ha","22777.8","A","Official value",""
"QCL","Crops and livestock products","356","India","5412","Yield","01317","Papayas","1969","1969","kg/ha","24666.7","A","Official value",""
"QCL","Crops and livestock products","356","India","5412","Yield","01317","Papayas","1970","1970","kg/ha","19711.1","A","Official value",""
"QCL","Crops and livestock products","356","India","5412","Yield","01317","Papayas","1971","1971","kg/ha","22412.5","A","Official value",""
"QCL","Crops and livestock products","356","India","5412","Yield","01317","Papayas","1972","1972","kg/ha","18975.9","A","Official value",""
"QCL","Crops and livestock products","356","India","5412","Yield","01317","Papayas","1973","1973","kg/ha","22227.4","A","Official value",""
"QCL","Crops and livestock products","356","India","5412","Yield","01317","Papayas","1974","1974","kg/ha","21906.9","A","Official value",""
"QCL","Crops and livestock products","356","India","5412","Yield","01317","Papayas","1975","1975","kg/ha","20701.4","A","Official value",""
"QCL","Crops and livestock products","356","India","5412","Yield","01317","Papayas","1976","1976","kg/ha","19094.5","A","Official value",""
"QCL","Crops and livestock products","356","India","5412","Yield","01317","Papayas","1977","1977","kg/ha","19367.1","A","Official value",""
"QCL","Crops and livestock products","356","India","5412","Yield","01317","Papayas","1978","1978","kg/ha","15940","A","Official value",""
"QCL","Crops and livestock products","356","India","5412","Yield","01317","Papayas","1979","1979","kg/ha","16313.1","A","Official value",""
"QCL","Crops and livestock products","356","India","5412","Yield","01317","Papayas","1980","1980","kg/ha","16098.2","A","Official value",""
"QCL","Crops and livestock products","356","India","5412","Yield","01317","Papayas","1981","1981","kg/ha","9234.4","A","Official value",""
"QCL","Crops and livestock products","356","India","5412","Yield","01317","Papayas","1982","1982","kg/ha","13246.7","A","Official value",""
"QCL","Crops and livestock products","356","India","5412","Yield","01317","Papayas","1983","1983","kg/ha","12075.1","A","Official value",""
"QCL","Crops and livestock products","356","India","5412","Yield","01317","Papayas","1984","1984","kg/ha","7937.5","A","Official value",""
"QCL","Crops and livestock products","356","India","5412","Yield","01317","Papayas","1985","1985","kg/ha","7741.9","A","Official value",""
"QCL","Crops and livestock products","356","India","5412","Yield","01317","Papayas","1986","1986","kg/ha","8458","A","Official value",""
"QCL","Crops and livestock products","356","India","5412","Yield","01317","Papayas","1987","1987","kg/ha","8375.9","A","Official value",""
"QCL","Crops and livestock products","356","India","5412","Yield","01317","Papayas","1988","1988","kg/ha","10894.9","A","Official value",""
"QCL","Crops and livestock products","356","India","5412","Yield","01317","Papayas","1989","1989","kg/ha","9965.2","A","Official value",""
"QCL","Crops and livestock products","356","India","5412","Yield","01317","Papayas","1990","1990","kg/ha","12363.7","A","Official value",""
"QCL","Crops and livestock products","356","India","5412","Yield","01317","Papayas","1991","1991","kg/ha","17816.4","A","Official value",""
"QCL","Crops and livestock products","356","India","5412","Yield","01317","Papayas","1992","1992","kg/ha","16949.7","A","Official value",""
"QCL","Crops and livestock products","356","India","5412","Yield","01317","Papayas","1993","1993","kg/ha","22642.2","A","Official value",""
"QCL","Crops and livestock products","356","India","5412","Yield","01317","Papayas","1994","1994","kg/ha","22350.9","A","Official value",""
"QCL","Crops and livestock products","356","India","5412","Yield","01317","Papayas","1995","1995","kg/ha","21648.8","A","Official value",""
"QCL","Crops and livestock products","356","India","5412","Yield","01317","Papayas","1996","1996","kg/ha","20372.1","A","Official value",""
"QCL","Crops and livestock products","356","India","5412","Yield","01317","Papayas","1997","1997","kg/ha","23314.8","A","Official value",""
"QCL","Crops and livestock products","356","India","5412","Yield","01317","Papayas","1998","1998","kg/ha","23348.7","A","Official value",""
"QCL","Crops and livestock products","356","India","5412","Yield","01317","Papayas","1999","1999","kg/ha","27397.8","A","Official value",""
"QCL","Crops and livestock products","356","India","5412","Yield","01317","Papayas","2000","2000","kg/ha","25517","A","Official value",""
"QCL","Crops and livestock products","356","India","5412","Yield","01317","Papayas","2001","2001","kg/ha","35147.9","A","Official value",""
"QCL","Crops and livestock products","356","India","5412","Yield","01317","Papayas","2002","2002","kg/ha","31576.5","A","Official value",""
"QCL","Crops and livestock products","356","India","5412","Yield","01317","Papayas","2003","2003","kg/ha","29073.9","A","Official value",""
"QCL","Crops and livestock products","356","India","5412","Yield","01317","Papayas","2004","2004","kg/ha","34350.9","A","Official value",""
"QCL","Crops and livestock products","356","India","5412","Yield","01317","Papayas","2005","2005","kg/ha","31553.1","A","Official value",""
"QCL","Crops and livestock products","356","India","5412","Yield","01317","Papayas","2006","2006","kg/ha","34235.9","A","Official value",""
"QCL","Crops and livestock products","356","India","5412","Yield","01317","Papayas","2007","2007","kg/ha","35048.2","A","Official value",""
"QCL","Crops and livestock products","356","India","5412","Yield","01317","Papayas","2008","2008","kg/ha","37030.6","A","Official value",""
"QCL","Crops and livestock products","356","India","5412","Yield","01317","Papayas","2009","2009","kg/ha","40893.4","A","Official value",""
"QCL","Crops and livestock products","356","India","5412","Yield","01317","Papayas","2010","2010","kg/ha","39584.9","A","Official value",""
"QCL","Crops and livestock products","356","India","5412","Yield","01317","Papayas","2011","2011","kg/ha","37965.1","A","Official value",""
"QCL","Crops and livestock products","356","India","5412","Yield","01317","Papayas","2012","2012","kg/ha","40772.7","A","Official value",""
"QCL","Crops and livestock products","356","India","5412","Yield","01317","Papayas","2013","2013","kg/ha","41066.7","A","Official value",""
"QCL","Crops and livestock products","356","India","5412","Yield","01317","Papayas","2014","2014","kg/ha","42286.3","A","Official value",""
"QCL","Crops and livestock products","356","India","5412","Yield","01317","Papayas","2015","2015","kg/ha","42721.7","A","Official value",""
"QCL","Crops and livestock products","356","India","5412","Yield","01317","Papayas","2016","2016","kg/ha","42931.8","A","Official value",""
"QCL","Crops and livestock products","356","India","5412","Yield","01317","Papayas","2017","2017","kg/ha","44328.4","A","Official value",""
"QCL","Crops and livestock products","356","India","5412","Yield","01317","Papayas","2018","2018","kg/ha","43398.6","A","Official value",""
"QCL","Crops and livestock products","356","India","5412","Yield","01317","Papayas","2019","2019","kg/ha","40604","A","Official value",""
"QCL","Crops and livestock products","356","India","5412","Yield","01317","Papayas","2020","2020","kg/ha","40704.2","A","Official value",""
"QCL","Crops and livestock products","356","India","5412","Yield","01317","Papayas","2021","2021","kg/ha","37945.2","A","Official value",""
"QCL","Crops and livestock products","356","India","5412","Yield","01317","Papayas","2022","2022","kg/ha","35606.7","A","Official value",""
"QCL","Crops and livestock products","356","India","5412","Yield","01317","Papayas","2023","2023","kg/ha","35405.4","A","Official value",""
"QCL","Crops and livestock products","356","India","5412","Yield","01317","Papayas","2024","2024","kg/ha","35523.4","A","Official value",""
"QCL","Crops and livestock products","356","India","5412","Yield","01345","Peaches and nectarines","1961","1961","kg/ha","4300","E","Estimated value",""
"QCL","Crops and livestock products","356","India","5412","Yield","01345","Peaches and nectarines","1962","1962","kg/ha","4333.3","E","Estimated value",""
"QCL","Crops and livestock products","356","India","5412","Yield","01345","Peaches and nectarines","1963","1963","kg/ha","4537","E","Estimated value",""
"QCL","Crops and livestock products","356","India","5412","Yield","01345","Peaches and nectarines","1964","1964","kg/ha","4500","E","Estimated value",""
"QCL","Crops and livestock products","356","India","5412","Yield","01345","Peaches and nectarines","1965","1965","kg/ha","4363.6","E","Estimated value",""
"QCL","Crops and livestock products","356","India","5412","Yield","01345","Peaches and nectarines","1966","1966","kg/ha","4285.7","E","Estimated value",""
"QCL","Crops and livestock products","356","India","5412","Yield","01345","Peaches and nectarines","1967","1967","kg/ha","4454.5","E","Estimated value",""
"QCL","Crops and livestock products","356","India","5412","Yield","01345","Peaches and nectarines","1968","1968","kg/ha","4166.7","E","Estimated value",""
"QCL","Crops and livestock products","356","India","5412","Yield","01345","Peaches and nectarines","1969","1969","kg/ha","4260.9","E","Estimated value",""
"QCL","Crops and livestock products","356","India","5412","Yield","01345","Peaches and nectarines","1970","1970","kg/ha","4409.1","E","Estimated value",""
"QCL","Crops and livestock products","356","India","5412","Yield","01345","Peaches and nectarines","1971","1971","kg/ha","4400","E","Estimated value",""
"QCL","Crops and livestock products","356","India","5412","Yield","01345","Peaches and nectarines","1972","1972","kg/ha","4500","E","Estimated value",""
"QCL","Crops and livestock products","356","India","5412","Yield","01345","Peaches and nectarines","1973","1973","kg/ha","4416.7","E","Estimated value",""
"QCL","Crops and livestock products","356","India","5412","Yield","01345","Peaches and nectarines","1974","1974","kg/ha","4700","E","Estimated value",""
"QCL","Crops and livestock products","356","India","5412","Yield","01345","Peaches and nectarines","1975","1975","kg/ha","4363.6","E","Estimated value",""
"QCL","Crops and livestock products","356","India","5412","Yield","01345","Peaches and nectarines","1976","1976","kg/ha","5040","E","Estimated value",""
"QCL","Crops and livestock products","356","India","5412","Yield","01345","Peaches and nectarines","1977","1977","kg/ha","5076.9","E","Estimated value",""
"QCL","Crops and livestock products","356","India","5412","Yield","01345","Peaches and nectarines","1978","1978","kg/ha","4500","E","Estimated value",""
"QCL","Crops and livestock products","356","India","5412","Yield","01345","Peaches and nectarines","1979","1979","kg/ha","5407.4","E","Estimated value",""
"QCL","Crops and livestock products","356","India","5412","Yield","01345","Peaches and nectarines","1980","1980","kg/ha","5306.1","E","Estimated value",""
"QCL","Crops and livestock products","356","India","5412","Yield","01345","Peaches and nectarines","1981","1981","kg/ha","5428.6","E","Estimated value",""
"QCL","Crops and livestock products","356","India","5412","Yield","01345","Peaches and nectarines","1982","1982","kg/ha","5032.3","E","Estimated value",""
"QCL","Crops and livestock products","356","India","5412","Yield","01345","Peaches and nectarines","1983","1983","kg/ha","4430.4","E","Estimated value",""
"QCL","Crops and livestock products","356","India","5412","Yield","01345","Peaches and nectarines","1984","1984","kg/ha","4444.4","E","Estimated value",""
"QCL","Crops and livestock products","356","India","5412","Yield","01345","Peaches and nectarines","1985","1985","kg/ha","4193.5","E","Estimated value",""
"QCL","Crops and livestock products","356","India","5412","Yield","01345","Peaches and nectarines","1986","1986","kg/ha","4444.4","E","Estimated value",""
"QCL","Crops and livestock products","356","India","5412","Yield","01345","Peaches and nectarines","1987","1987","kg/ha","7745.8","A","Official value",""
"QCL","Crops and livestock products","356","India","5412","Yield","01345","Peaches and nectarines","1988","1988","kg/ha","4296.9","A","Official value",""
"QCL","Crops and livestock products","356","India","5412","Yield","01345","Peaches and nectarines","1989","1989","kg/ha","4450.8","A","Official value",""
"QCL","Crops and livestock products","356","India","5412","Yield","01345","Peaches and nectarines","1990","1990","kg/ha","4516.1","E","Estimated value",""
"QCL","Crops and livestock products","356","India","5412","Yield","01345","Peaches and nectarines","1991","1991","kg/ha","4687.5","E","Estimated value",""
"QCL","Crops and livestock products","356","India","5412","Yield","01345","Peaches and nectarines","1992","1992","kg/ha","4705.9","E","Estimated value",""
"QCL","Crops and livestock products","356","India","5412","Yield","01345","Peaches and nectarines","1993","1993","kg/ha","4742.9","E","Estimated value",""
"QCL","Crops and livestock products","356","India","5412","Yield","01345","Peaches and nectarines","1994","1994","kg/ha","4722.2","E","Estimated value",""
"QCL","Crops and livestock products","356","India","5412","Yield","01345","Peaches and nectarines","1995","1995","kg/ha","4863.4","E","Estimated value",""
"QCL","Crops and livestock products","356","India","5412","Yield","01345","Peaches and nectarines","1996","1996","kg/ha","5135.1","E","Estimated value",""
"QCL","Crops and livestock products","356","India","5412","Yield","01345","Peaches and nectarines","1997","1997","kg/ha","5016.2","E","Estimated value",""
"QCL","Crops and livestock products","356","India","5412","Yield","01345","Peaches and nectarines","1998","1998","kg/ha","5025.1","E","Estimated value",""
"QCL","Crops and livestock products","356","India","5412","Yield","01345","Peaches and nectarines","1999","1999","kg/ha","5032.3","E","Estimated value",""
"QCL","Crops and livestock products","356","India","5412","Yield","01345","Peaches and nectarines","2000","2000","kg/ha","5038","E","Estimated value",""
"QCL","Crops and livestock products","356","India","5412","Yield","01345","Peaches and nectarines","2001","2001","kg/ha","5042.6","E","Estimated value",""
"QCL","Crops and livestock products","356","India","5412","Yield","01345","Peaches and nectarines","2002","2002","kg/ha","5047.6","E","Estimated value",""
"QCL","Crops and livestock products","356","India","5412","Yield","01345","Peaches and nectarines","2003","2003","kg/ha","5051.6","E","Estimated value",""
"QCL","Crops and livestock products","356","India","5412","Yield","01345","Peaches and nectarines","2004","2004","kg/ha","5055","E","Estimated value",""
"QCL","Crops and livestock products","356","India","5412","Yield","01345","Peaches and nectarines","2005","2005","kg/ha","5058","E","Estimated value",""
"QCL","Crops and livestock products","356","India","5412","Yield","01345","Peaches and nectarines","2006","2006","kg/ha","5060.5","E","Estimated value",""
"QCL","Crops and livestock products","356","India","5412","Yield","01345","Peaches and nectarines","2007","2007","kg/ha","5062.6","E","Estimated value",""
"QCL","Crops and livestock products","356","India","5412","Yield","01345","Peaches and nectarines","2008","2008","kg/ha","5064.5","E","Estimated value",""
"QCL","Crops and livestock products","356","India","5412","Yield","01345","Peaches and nectarines","2009","2009","kg/ha","5066.1","E","Estimated value",""
"QCL","Crops and livestock products","356","India","5412","Yield","01345","Peaches and nectarines","2010","2010","kg/ha","5067.5","E","Estimated value",""
"QCL","Crops and livestock products","356","India","5412","Yield","01345","Peaches and nectarines","2011","2011","kg/ha","5111.1","A","Official value",""
"QCL","Crops and livestock products","356","India","5412","Yield","01345","Peaches and nectarines","2012","2012","kg/ha","4550","A","Official value",""
"QCL","Crops and livestock products","356","India","5412","Yield","01345","Peaches and nectarines","2013","2013","kg/ha","5157.9","A","Official value",""
"QCL","Crops and livestock products","356","India","5412","Yield","01345","Peaches and nectarines","2014","2014","kg/ha","5222.2","A","Official value",""
"QCL","Crops and livestock products","356","India","5412","Yield","01345","Peaches and nectarines","2015","2015","kg/ha","5105.3","A","Official value",""
"QCL","Crops and livestock products","356","India","5412","Yield","01345","Peaches and nectarines","2016","2016","kg/ha","6107.5","A","Official value",""
"QCL","Crops and livestock products","356","India","5412","Yield","01345","Peaches and nectarines","2017","2017","kg/ha","5792.3","A","Official value",""
"QCL","Crops and livestock products","356","India","5412","Yield","01345","Peaches and nectarines","2018","2018","kg/ha","6135.4","A","Official value",""
"QCL","Crops and livestock products","356","India","5412","Yield","01345","Peaches and nectarines","2019","2019","kg/ha","6255","A","Official value",""
"QCL","Crops and livestock products","356","India","5412","Yield","01345","Peaches and nectarines","2020","2020","kg/ha","6407.2","A","Official value",""
"QCL","Crops and livestock products","356","India","5412","Yield","01345","Peaches and nectarines","2021","2021","kg/ha","6065.7","A","Official value",""
"QCL","Crops and livestock products","356","India","5412","Yield","01345","Peaches and nectarines","2022","2022","kg/ha","6325.3","A","Official value",""
"QCL","Crops and livestock products","356","India","5412","Yield","01345","Peaches and nectarines","2023","2023","kg/ha","6168.4","A","Official value",""
"QCL","Crops and livestock products","356","India","5412","Yield","01345","Peaches and nectarines","2024","2024","kg/ha","6515.6","A","Official value",""
"QCL","Crops and livestock products","356","India","5412","Yield","01342.01","Pears","1961","1961","kg/ha","5409.8","E","Estimated value",""
"QCL","Crops and livestock products","356","India","5412","Yield","01342.01","Pears","1962","1962","kg/ha","5967.7","E","Estimated value",""
"QCL","Crops and livestock products","356","India","5412","Yield","01342.01","Pears","1963","1963","kg/ha","5970.1","E","Estimated value",""
"QCL","Crops and livestock products","356","India","5412","Yield","01342.01","Pears","1964","1964","kg/ha","5974","E","Estimated value",""
"QCL","Crops and livestock products","356","India","5412","Yield","01342.01","Pears","1965","1965","kg/ha","6000","E","Estimated value",""
"QCL","Crops and livestock products","356","India","5412","Yield","01342.01","Pears","1966","1966","kg/ha","6025.6","E","Estimated value",""
"QCL","Crops and livestock products","356","India","5412","Yield","01342.01","Pears","1967","1967","kg/ha","6000","E","Estimated value",""
"QCL","Crops and livestock products","356","India","5412","Yield","01342.01","Pears","1968","1968","kg/ha","6049.4","E","Estimated value",""
"QCL","Crops and livestock products","356","India","5412","Yield","01342.01","Pears","1969","1969","kg/ha","6024.1","E","Estimated value",""
"QCL","Crops and livestock products","356","India","5412","Yield","01342.01","Pears","1970","1970","kg/ha","6046.5","E","Estimated value",""
"QCL","Crops and livestock products","356","India","5412","Yield","01342.01","Pears","1971","1971","kg/ha","6000","E","Estimated value",""
"QCL","Crops and livestock products","356","India","5412","Yield","01342.01","Pears","1972","1972","kg/ha","5977","E","Estimated value",""
"QCL","Crops and livestock products","356","India","5412","Yield","01342.01","Pears","1973","1973","kg/ha","6000","E","Estimated value",""
"QCL","Crops and livestock products","356","India","5412","Yield","01342.01","Pears","1974","1974","kg/ha","6000","E","Estimated value",""
"QCL","Crops and livestock products","356","India","5412","Yield","01342.01","Pears","1975","1975","kg/ha","6021.5","E","Estimated value",""
"QCL","Crops and livestock products","356","India","5412","Yield","01342.01","Pears","1976","1976","kg/ha","5979.4","E","Estimated value",""
"QCL","Crops and livestock products","356","India","5412","Yield","01342.01","Pears","1977","1977","kg/ha","6000","X","Value from external organization",""
"QCL","Crops and livestock products","356","India","5412","Yield","01342.01","Pears","1978","1978","kg/ha","6019.4","X","Value from external organization",""
"QCL","Crops and livestock products","356","India","5412","Yield","01342.01","Pears","1979","1979","kg/ha","6019.4","X","Value from external organization",""
"QCL","Crops and livestock products","356","India","5412","Yield","01342.01","Pears","1980","1980","kg/ha","6037.7","X","Value from external organization",""
"QCL","Crops and livestock products","356","India","5412","Yield","01342.01","Pears","1981","1981","kg/ha","5909.1","X","Value from external organization",""
"QCL","Crops and livestock products","356","India","5412","Yield","01342.01","Pears","1982","1982","kg/ha","5909.1","X","Value from external organization",""
"QCL","Crops and livestock products","356","India","5412","Yield","01342.01","Pears","1983","1983","kg/ha","5982.9","X","Value from external organization",""
"QCL","Crops and livestock products","356","India","5412","Yield","01342.01","Pears","1984","1984","kg/ha","6153.8","X","Value from external organization",""
"QCL","Crops and livestock products","356","India","5412","Yield","01342.01","Pears","1985","1985","kg/ha","6071.4","X","Value from external organization",""
"QCL","Crops and livestock products","356","India","5412","Yield","01342.01","Pears","1986","1986","kg/ha","5985.4","E","Estimated value",""
"QCL","Crops and livestock products","356","India","5412","Yield","01342.01","Pears","1987","1987","kg/ha","3384.8","A","Official value",""
"QCL","Crops and livestock products","356","India","5412","Yield","01342.01","Pears","1988","1988","kg/ha","3679.6","A","Official value",""
"QCL","Crops and livestock products","356","India","5412","Yield","01342.01","Pears","1989","1989","kg/ha","5215.7","A","Official value",""
"QCL","Crops and livestock products","356","India","5412","Yield","01342.01","Pears","1990","1990","kg/ha","5330.6","A","Official value",""
"QCL","Crops and livestock products","356","India","5412","Yield","01342.01","Pears","1991","1991","kg/ha","6052.6","E","Estimated value",""
"QCL","Crops and livestock products","356","India","5412","Yield","01342.01","Pears","1992","1992","kg/ha","6000","E","Estimated value",""
"QCL","Crops and livestock products","356","India","5412","Yield","01342.01","Pears","1993","1993","kg/ha","5909.1","E","Estimated value",""
"QCL","Crops and livestock products","356","India","5412","Yield","01342.01","Pears","1994","1994","kg/ha","6248","E","Estimated value",""
"QCL","Crops and livestock products","356","India","5412","Yield","01342.01","Pears","1995","1995","kg/ha","6436.6","E","Estimated value",""
"QCL","Crops and livestock products","356","India","5412","Yield","01342.01","Pears","1996","1996","kg/ha","6666.7","E","Estimated value",""
"QCL","Crops and livestock products","356","India","5412","Yield","01342.01","Pears","1997","1997","kg/ha","6838","E","Estimated value",""
"QCL","Crops and livestock products","356","India","5412","Yield","01342.01","Pears","1998","1998","kg/ha","7043.6","E","Estimated value",""
"QCL","Crops and livestock products","356","India","5412","Yield","01342.01","Pears","1999","1999","kg/ha","7739.1","E","Estimated value",""
"QCL","Crops and livestock products","356","India","5412","Yield","01342.01","Pears","2000","2000","kg/ha","7417.3","E","Estimated value",""
"QCL","Crops and livestock products","356","India","5412","Yield","01342.01","Pears","2001","2001","kg/ha","7538.7","E","Estimated value",""
"QCL","Crops and livestock products","356","India","5412","Yield","01342.01","Pears","2002","2002","kg/ha","7658.8","E","Estimated value",""
"QCL","Crops and livestock products","356","India","5412","Yield","01342.01","Pears","2003","2003","kg/ha","7777.2","E","Estimated value",""
"QCL","Crops and livestock products","356","India","5412","Yield","01342.01","Pears","2004","2004","kg/ha","7576.9","E","Estimated value",""
"QCL","Crops and livestock products","356","India","5412","Yield","01342.01","Pears","2005","2005","kg/ha","7515.8","E","Estimated value",""
"QCL","Crops and livestock products","356","India","5412","Yield","01342.01","Pears","2006","2006","kg/ha","7516.7","E","Estimated value",""
"QCL","Crops and livestock products","356","India","5412","Yield","01342.01","Pears","2007","2007","kg/ha","7530.9","E","Estimated value",""
"QCL","Crops and livestock products","356","India","5412","Yield","01342.01","Pears","2008","2008","kg/ha","7515.3","E","Estimated value",""
"QCL","Crops and livestock products","356","India","5412","Yield","01342.01","Pears","2009","2009","kg/ha","7515.9","E","Estimated value",""
"QCL","Crops and livestock products","356","India","5412","Yield","01342.01","Pears","2010","2010","kg/ha","7514.5","E","Estimated value",""
"QCL","Crops and livestock products","356","India","5412","Yield","01342.01","Pears","2011","2011","kg/ha","7511.5","E","Estimated value",""
"QCL","Crops and livestock products","356","India","5412","Yield","01342.01","Pears","2012","2012","kg/ha","7508","E","Estimated value",""
"QCL","Crops and livestock products","356","India","5412","Yield","01342.01","Pears","2013","2013","kg/ha","7506.5","E","Estimated value",""
"QCL","Crops and livestock products","356","India","5412","Yield","01342.01","Pears","2014","2014","kg/ha","7490.5","A","Official value",""
"QCL","Crops and livestock products","356","India","5412","Yield","01342.01","Pears","2015","2015","kg/ha","7214.3","A","Official value",""
"QCL","Crops and livestock products","356","India","5412","Yield","01342.01","Pears","2016","2016","kg/ha","8075","A","Official value",""
"QCL","Crops and livestock products","356","India","5412","Yield","01342.01","Pears","2017","2017","kg/ha","7863.6","A","Official value",""
"QCL","Crops and livestock products","356","India","5412","Yield","01342.01","Pears","2018","2018","kg/ha","7227.3","A","Official value",""
"QCL","Crops and livestock products","356","India","5412","Yield","01342.01","Pears","2019","2019","kg/ha","7142.9","A","Official value",""
"QCL","Crops and livestock products","356","India","5412","Yield","01342.01","Pears","2020","2020","kg/ha","6744.2","A","Official value",""
"QCL","Crops and livestock products","356","India","5412","Yield","01342.01","Pears","2021","2021","kg/ha","6571.4","A","Official value",""
"QCL","Crops and livestock products","356","India","5412","Yield","01342.01","Pears","2022","2022","kg/ha","7022.7","A","Official value",""
"QCL","Crops and livestock products","356","India","5412","Yield","01342.01","Pears","2023","2023","kg/ha","7742.9","A","Official value",""
"QCL","Crops and livestock products","356","India","5412","Yield","01342.01","Pears","2024","2024","kg/ha","7832.4","A","Official value",""
"QCL","Crops and livestock products","356","India","5412","Yield","01705","Peas, dry","1961","1961","kg/ha","891.9","A","Official value",""
"QCL","Crops and livestock products","356","India","5412","Yield","01705","Peas, dry","1962","1962","kg/ha","877","A","Official value",""
"QCL","Crops and livestock products","356","India","5412","Yield","01705","Peas, dry","1963","1963","kg/ha","774.3","A","Official value",""
"QCL","Crops and livestock products","356","India","5412","Yield","01705","Peas, dry","1964","1964","kg/ha","515.7","A","Official value",""
"QCL","Crops and livestock products","356","India","5412","Yield","01705","Peas, dry","1965","1965","kg/ha","825","A","Official value",""
"QCL","Crops and livestock products","356","India","5412","Yield","01705","Peas, dry","1966","1966","kg/ha","727.3","A","Official value",""
"QCL","Crops and livestock products","356","India","5412","Yield","01705","Peas, dry","1967","1967","kg/ha","602.8","A","Official value",""
"QCL","Crops and livestock products","356","India","5412","Yield","01705","Peas, dry","1968","1968","kg/ha","922.6","A","Official value",""
"QCL","Crops and livestock products","356","India","5412","Yield","01705","Peas, dry","1969","1969","kg/ha","921.3","A","Official value",""
"QCL","Crops and livestock products","356","India","5412","Yield","01705","Peas, dry","1970","1970","kg/ha","780.8","A","Official value",""
"QCL","Crops and livestock products","356","India","5412","Yield","01705","Peas, dry","1971","1971","kg/ha","845.1","A","Official value",""
"QCL","Crops and livestock products","356","India","5412","Yield","01705","Peas, dry","1972","1972","kg/ha","756.9","A","Official value",""
"QCL","Crops and livestock products","356","India","5412","Yield","01705","Peas, dry","1973","1973","kg/ha","571.9","A","Official value",""
"QCL","Crops and livestock products","356","India","5412","Yield","01705","Peas, dry","1974","1974","kg/ha","493.8","A","Official value",""
"QCL","Crops and livestock products","356","India","5412","Yield","01705","Peas, dry","1975","1975","kg/ha","687","A","Official value",""
"QCL","Crops and livestock products","356","India","5412","Yield","01705","Peas, dry","1976","1976","kg/ha","768.7","A","Official value",""
"QCL","Crops and livestock products","356","India","5412","Yield","01705","Peas, dry","1977","1977","kg/ha","643.2","A","Official value",""
"QCL","Crops and livestock products","356","India","5412","Yield","01705","Peas, dry","1978","1978","kg/ha","592.7","A","Official value",""
"QCL","Crops and livestock products","356","India","5412","Yield","01705","Peas, dry","1979","1979","kg/ha","582.7","A","Official value",""
"QCL","Crops and livestock products","356","India","5412","Yield","01705","Peas, dry","1980","1980","kg/ha","480","A","Official value",""
"QCL","Crops and livestock products","356","India","5412","Yield","01705","Peas, dry","1981","1981","kg/ha","687.3","A","Official value",""
"QCL","Crops and livestock products","356","India","5412","Yield","01705","Peas, dry","1982","1982","kg/ha","691.2","A","Official value",""
"QCL","Crops and livestock products","356","India","5412","Yield","01705","Peas, dry","1983","1983","kg/ha","754.2","A","Official value",""
"QCL","Crops and livestock products","356","India","5412","Yield","01705","Peas, dry","1984","1984","kg/ha","819.1","A","Official value",""
"QCL","Crops and livestock products","356","India","5412","Yield","01705","Peas, dry","1985","1985","kg/ha","745.9","A","Official value",""
"QCL","Crops and livestock products","356","India","5412","Yield","01705","Peas, dry","1986","1986","kg/ha","851","A","Official value",""
"QCL","Crops and livestock products","356","India","5412","Yield","01705","Peas, dry","1987","1987","kg/ha","810.2","A","Official value",""
"QCL","Crops and livestock products","356","India","5412","Yield","01705","Peas, dry","1988","1988","kg/ha","874.8","A","Official value",""
"QCL","Crops and livestock products","356","India","5412","Yield","01705","Peas, dry","1989","1989","kg/ha","942","A","Official value",""
"QCL","Crops and livestock products","356","India","5412","Yield","01705","Peas, dry","1990","1990","kg/ha","909.3","A","Official value",""
"QCL","Crops and livestock products","356","India","5412","Yield","01705","Peas, dry","1991","1991","kg/ha","1090.3","A","Official value",""
"QCL","Crops and livestock products","356","India","5412","Yield","01705","Peas, dry","1992","1992","kg/ha","954.4","A","Official value",""
"QCL","Crops and livestock products","356","India","5412","Yield","01705","Peas, dry","1993","1993","kg/ha","903","A","Official value",""
"QCL","Crops and livestock products","356","India","5412","Yield","01705","Peas, dry","1994","1994","kg/ha","926.6","A","Official value",""
"QCL","Crops and livestock products","356","India","5412","Yield","01705","Peas, dry","1995","1995","kg/ha","879.1","A","Official value",""
"QCL","Crops and livestock products","356","India","5412","Yield","01705","Peas, dry","1996","1996","kg/ha","836.1","A","Official value",""
"QCL","Crops and livestock products","356","India","5412","Yield","01705","Peas, dry","1997","1997","kg/ha","986.6","A","Official value",""
"QCL","Crops and livestock products","356","India","5412","Yield","01705","Peas, dry","1998","1998","kg/ha","891.5","A","Official value",""
"QCL","Crops and livestock products","356","India","5412","Yield","01705","Peas, dry","1999","1999","kg/ha","845.1","A","Official value",""
"QCL","Crops and livestock products","356","India","5412","Yield","01705","Peas, dry","2000","2000","kg/ha","1029.4","A","Official value",""
"QCL","Crops and livestock products","356","India","5412","Yield","01705","Peas, dry","2001","2001","kg/ha","860.2","A","Official value",""
"QCL","Crops and livestock products","356","India","5412","Yield","01705","Peas, dry","2002","2002","kg/ha","906.5","A","Official value",""
"QCL","Crops and livestock products","356","India","5412","Yield","01705","Peas, dry","2003","2003","kg/ha","891.4","A","Official value",""
"QCL","Crops and livestock products","356","India","5412","Yield","01705","Peas, dry","2004","2004","kg/ha","1022.1","A","Official value",""
"QCL","Crops and livestock products","356","India","5412","Yield","01705","Peas, dry","2005","2005","kg/ha","992.9","A","Official value",""
"QCL","Crops and livestock products","356","India","5412","Yield","01705","Peas, dry","2006","2006","kg/ha","912.7","A","Official value",""
"QCL","Crops and livestock products","356","India","5412","Yield","01705","Peas, dry","2007","2007","kg/ha","805.3","A","Official value",""
"QCL","Crops and livestock products","356","India","5412","Yield","01705","Peas, dry","2008","2008","kg/ha","748.2","A","Official value",""
"QCL","Crops and livestock products","356","India","5412","Yield","01705","Peas, dry","2009","2009","kg/ha","916.3","A","Official value",""
"QCL","Crops and livestock products","356","India","5412","Yield","01705","Peas, dry","2010","2010","kg/ha","882.7","A","Official value",""
"QCL","Crops and livestock products","356","India","5412","Yield","01705","Peas, dry","2011","2011","kg/ha","815.7","A","Official value",""
"QCL","Crops and livestock products","356","India","5412","Yield","01705","Peas, dry","2012","2012","kg/ha","933.9","A","Official value",""
"QCL","Crops and livestock products","356","India","5412","Yield","01705","Peas, dry","2013","2013","kg/ha","1099.1","A","Official value",""
"QCL","Crops and livestock products","356","India","5412","Yield","01705","Peas, dry","2014","2014","kg/ha","960.5","A","Official value",""
"QCL","Crops and livestock products","356","India","5412","Yield","01705","Peas, dry","2015","2015","kg/ha","911.8","A","Official value",""
"QCL","Crops and livestock products","356","India","5412","Yield","01705","Peas, dry","2016","2016","kg/ha","821.7","A","Official value",""
"QCL","Crops and livestock products","356","India","5412","Yield","01705","Peas, dry","2017","2017","kg/ha","955","A","Official value",""
"QCL","Crops and livestock products","356","India","5412","Yield","01705","Peas, dry","2018","2018","kg/ha","1203.6","A","Official value",""
"QCL","Crops and livestock products","356","India","5412","Yield","01705","Peas, dry","2019","2019","kg/ha","1338","A","Official value",""
"QCL","Crops and livestock products","356","India","5412","Yield","01705","Peas, dry","2020","2020","kg/ha","1440.1","A","Official value",""
"QCL","Crops and livestock products","356","India","5412","Yield","01705","Peas, dry","2021","2021","kg/ha","1374.8","A","Official value",""
"QCL","Crops and livestock products","356","India","5412","Yield","01705","Peas, dry","2022","2022","kg/ha","1318.2","A","Official value",""
"QCL","Crops and livestock products","356","India","5412","Yield","01705","Peas, dry","2023","2023","kg/ha","1352.1","A","Official value",""
"QCL","Crops and livestock products","356","India","5412","Yield","01705","Peas, dry","2024","2024","kg/ha","1381.6","E","Estimated value",""
"QCL","Crops and livestock products","356","India","5412","Yield","01242","Peas, green","1961","1961","kg/ha","9166.7","E","Estimated value",""
"QCL","Crops and livestock products","356","India","5412","Yield","01242","Peas, green","1962","1962","kg/ha","8871","E","Estimated value",""
"QCL","Crops and livestock products","356","India","5412","Yield","01242","Peas, green","1963","1963","kg/ha","8906.3","E","Estimated value",""
"QCL","Crops and livestock products","356","India","5412","Yield","01242","Peas, green","1964","1964","kg/ha","9230.8","E","Estimated value",""
"QCL","Crops and livestock products","356","India","5412","Yield","01242","Peas, green","1965","1965","kg/ha","9328.4","E","Estimated value",""
"QCL","Crops and livestock products","356","India","5412","Yield","01242","Peas, green","1966","1966","kg/ha","9492.8","E","Estimated value",""
"QCL","Crops and livestock products","356","India","5412","Yield","01242","Peas, green","1967","1967","kg/ha","10000","E","Estimated value",""
"QCL","Crops and livestock products","356","India","5412","Yield","01242","Peas, green","1968","1968","kg/ha","10000","E","Estimated value",""
"QCL","Crops and livestock products","356","India","5412","Yield","01242","Peas, green","1969","1969","kg/ha","10000","E","Estimated value",""
"QCL","Crops and livestock products","356","India","5412","Yield","01242","Peas, green","1970","1970","kg/ha","10129.9","E","Estimated value",""
"QCL","Crops and livestock products","356","India","5412","Yield","01242","Peas, green","1971","1971","kg/ha","10125","E","Estimated value",""
"QCL","Crops and livestock products","356","India","5412","Yield","01242","Peas, green","1972","1972","kg/ha","10120.5","E","Estimated value",""
"QCL","Crops and livestock products","356","India","5412","Yield","01242","Peas, green","1973","1973","kg/ha","10232.6","E","Estimated value",""
"QCL","Crops and livestock products","356","India","5412","Yield","01242","Peas, green","1974","1974","kg/ha","10333.3","E","Estimated value",""
"QCL","Crops and livestock products","356","India","5412","Yield","01242","Peas, green","1975","1975","kg/ha","10322.6","E","Estimated value",""
"QCL","Crops and livestock products","356","India","5412","Yield","01242","Peas, green","1976","1976","kg/ha","10526.3","E","Estimated value",""
"QCL","Crops and livestock products","356","India","5412","Yield","01242","Peas, green","1977","1977","kg/ha","10309.3","E","Estimated value",""
"QCL","Crops and livestock products","356","India","5412","Yield","01242","Peas, green","1978","1978","kg/ha","10500","E","Estimated value",""
"QCL","Crops and livestock products","356","India","5412","Yield","01242","Peas, green","1979","1979","kg/ha","10490.2","E","Estimated value",""
"QCL","Crops and livestock products","356","India","5412","Yield","01242","Peas, green","1980","1980","kg/ha","10514","E","Estimated value",""
"QCL","Crops and livestock products","356","India","5412","Yield","01242","Peas, green","1981","1981","kg/ha","10909.1","E","Estimated value",""
"QCL","Crops and livestock products","356","India","5412","Yield","01242","Peas, green","1982","1982","kg/ha","11171.2","E","Estimated value",""
"QCL","Crops and livestock products","356","India","5412","Yield","01242","Peas, green","1983","1983","kg/ha","10869.6","E","Estimated value",""
"QCL","Crops and livestock products","356","India","5412","Yield","01242","Peas, green","1984","1984","kg/ha","10683.8","E","Estimated value",""
"QCL","Crops and livestock products","356","India","5412","Yield","01242","Peas, green","1985","1985","kg/ha","11500","E","Estimated value",""
"QCL","Crops and livestock products","356","India","5412","Yield","01242","Peas, green","1986","1986","kg/ha","11440","E","Estimated value",""
"QCL","Crops and livestock products","356","India","5412","Yield","01242","Peas, green","1987","1987","kg/ha","12500","E","Estimated value",""
"QCL","Crops and livestock products","356","India","5412","Yield","01242","Peas, green","1988","1988","kg/ha","12518.5","E","Estimated value",""
"QCL","Crops and livestock products","356","India","5412","Yield","01242","Peas, green","1989","1989","kg/ha","12785.7","E","Estimated value",""
"QCL","Crops and livestock products","356","India","5412","Yield","01242","Peas, green","1990","1990","kg/ha","13103.4","E","Estimated value",""
"QCL","Crops and livestock products","356","India","5412","Yield","01242","Peas, green","1991","1991","kg/ha","14326.5","X","Value from external organization",""
"QCL","Crops and livestock products","356","India","5412","Yield","01242","Peas, green","1992","1992","kg/ha","14345.4","E","Estimated value",""
"QCL","Crops and livestock products","356","India","5412","Yield","01242","Peas, green","1993","1993","kg/ha","14527","E","Estimated value",""
"QCL","Crops and livestock products","356","India","5412","Yield","01242","Peas, green","1994","1994","kg/ha","13333.3","E","Estimated value",""
"QCL","Crops and livestock products","356","India","5412","Yield","01242","Peas, green","1995","1995","kg/ha","11363.6","E","Estimated value",""
"QCL","Crops and livestock products","356","India","5412","Yield","01242","Peas, green","1996","1996","kg/ha","10000","E","Estimated value",""
"QCL","Crops and livestock products","356","India","5412","Yield","01242","Peas, green","1997","1997","kg/ha","10000","E","Estimated value",""
"QCL","Crops and livestock products","356","India","5412","Yield","01242","Peas, green","1998","1998","kg/ha","8963","A","Official value",""
"QCL","Crops and livestock products","356","India","5412","Yield","01242","Peas, green","1999","1999","kg/ha","9642.9","A","Official value",""
"QCL","Crops and livestock products","356","India","5412","Yield","01242","Peas, green","2000","2000","kg/ha","10037","A","Official value",""
"QCL","Crops and livestock products","356","India","5412","Yield","01242","Peas, green","2001","2001","kg/ha","9406.3","A","Official value",""
"QCL","Crops and livestock products","356","India","5412","Yield","01242","Peas, green","2002","2002","kg/ha","6800","A","Official value",""
"QCL","Crops and livestock products","356","India","5412","Yield","01242","Peas, green","2003","2003","kg/ha","6755.6","A","Official value",""
"QCL","Crops and livestock products","356","India","5412","Yield","01242","Peas, green","2004","2004","kg/ha","6666.2","A","Official value",""
"QCL","Crops and livestock products","356","India","5412","Yield","01242","Peas, green","2005","2005","kg/ha","7038.7","A","Official value",""
"QCL","Crops and livestock products","356","India","5412","Yield","01242","Peas, green","2006","2006","kg/ha","7934.3","A","Official value",""
"QCL","Crops and livestock products","356","India","5412","Yield","01242","Peas, green","2007","2007","kg/ha","8087.5","A","Official value",""
"QCL","Crops and livestock products","356","India","5412","Yield","01242","Peas, green","2008","2008","kg/ha","7958.5","A","Official value",""
"QCL","Crops and livestock products","356","India","5412","Yield","01242","Peas, green","2009","2009","kg/ha","8379.3","A","Official value",""
"QCL","Crops and livestock products","356","India","5412","Yield","01242","Peas, green","2010","2010","kg/ha","8302","A","Official value",""
"QCL","Crops and livestock products","356","India","5412","Yield","01242","Peas, green","2011","2011","kg/ha","9505.4","A","Official value",""
"QCL","Crops and livestock products","356","India","5412","Yield","01242","Peas, green","2012","2012","kg/ha","9173.9","A","Official value",""
"QCL","Crops and livestock products","356","India","5412","Yield","01242","Peas, green","2013","2013","kg/ha","9518.2","A","Official value",""
"QCL","Crops and livestock products","356","India","5412","Yield","01242","Peas, green","2014","2014","kg/ha","8922.9","A","Official value",""
"QCL","Crops and livestock products","356","India","5412","Yield","01242","Peas, green","2015","2015","kg/ha","9773.1","A","Official value",""
"QCL","Crops and livestock products","356","India","5412","Yield","01242","Peas, green","2016","2016","kg/ha","9660.6","A","Official value",""
"QCL","Crops and livestock products","356","India","5412","Yield","01242","Peas, green","2017","2017","kg/ha","10084.9","A","Official value",""
"QCL","Crops and livestock products","356","India","5412","Yield","01242","Peas, green","2018","2018","kg/ha","10040.7","A","Official value",""
"QCL","Crops and livestock products","356","India","5412","Yield","01242","Peas, green","2019","2019","kg/ha","10076.1","A","Official value",""
"QCL","Crops and livestock products","356","India","5412","Yield","01242","Peas, green","2020","2020","kg/ha","10295.8","A","Official value",""
"QCL","Crops and livestock products","356","India","5412","Yield","01242","Peas, green","2021","2021","kg/ha","10310.4","A","Official value",""
"QCL","Crops and livestock products","356","India","5412","Yield","01242","Peas, green","2022","2022","kg/ha","10478","A","Official value",""
"QCL","Crops and livestock products","356","India","5412","Yield","01242","Peas, green","2023","2023","kg/ha","10824.3","A","Official value",""
"QCL","Crops and livestock products","356","India","5412","Yield","01242","Peas, green","2024","2024","kg/ha","10910.6","A","Official value",""
"QCL","Crops and livestock products","356","India","5412","Yield","01651","Pepper (Piper spp.), raw","1961","1961","kg/ha","271.8","A","Official value",""
"QCL","Crops and livestock products","356","India","5412","Yield","01651","Pepper (Piper spp.), raw","1962","1962","kg/ha","254.9","A","Official value",""
"QCL","Crops and livestock products","356","India","5412","Yield","01651","Pepper (Piper spp.), raw","1963","1963","kg/ha","235.3","A","Official value",""
"QCL","Crops and livestock products","356","India","5412","Yield","01651","Pepper (Piper spp.), raw","1964","1964","kg/ha","233","A","Official value",""
"QCL","Crops and livestock products","356","India","5412","Yield","01651","Pepper (Piper spp.), raw","1965","1965","kg/ha","225.5","A","Official value",""
"QCL","Crops and livestock products","356","India","5412","Yield","01651","Pepper (Piper spp.), raw","1966","1966","kg/ha","223.1","A","Official value",""
"QCL","Crops and livestock products","356","India","5412","Yield","01651","Pepper (Piper spp.), raw","1967","1967","kg/ha","203.1","A","Official value",""
"QCL","Crops and livestock products","356","India","5412","Yield","01651","Pepper (Piper spp.), raw","1968","1968","kg/ha","212","A","Official value",""
"QCL","Crops and livestock products","356","India","5412","Yield","01651","Pepper (Piper spp.), raw","1969","1969","kg/ha","212","A","Official value",""
"QCL","Crops and livestock products","356","India","5412","Yield","01651","Pepper (Piper spp.), raw","1970","1970","kg/ha","218.1","A","Official value",""
"QCL","Crops and livestock products","356","India","5412","Yield","01651","Pepper (Piper spp.), raw","1971","1971","kg/ha","220.5","A","Official value",""
"QCL","Crops and livestock products","356","India","5412","Yield","01651","Pepper (Piper spp.), raw","1972","1972","kg/ha","218.6","A","Official value",""
"QCL","Crops and livestock products","356","India","5412","Yield","01651","Pepper (Piper spp.), raw","1973","1973","kg/ha","235.8","A","Official value",""
"QCL","Crops and livestock products","356","India","5412","Yield","01651","Pepper (Piper spp.), raw","1974","1974","kg/ha","231.1","A","Official value",""
"QCL","Crops and livestock products","356","India","5412","Yield","01651","Pepper (Piper spp.), raw","1975","1975","kg/ha","228.4","A","Official value",""
"QCL","Crops and livestock products","356","India","5412","Yield","01651","Pepper (Piper spp.), raw","1976","1976","kg/ha","276.5","A","Official value",""
"QCL","Crops and livestock products","356","India","5412","Yield","01651","Pepper (Piper spp.), raw","1977","1977","kg/ha","228.8","A","Official value",""
"QCL","Crops and livestock products","356","India","5412","Yield","01651","Pepper (Piper spp.), raw","1978","1978","kg/ha","254.2","A","Official value",""
"QCL","Crops and livestock products","356","India","5412","Yield","01651","Pepper (Piper spp.), raw","1979","1979","kg/ha","250.2","A","Official value",""
"QCL","Crops and livestock products","356","India","5412","Yield","01651","Pepper (Piper spp.), raw","1980","1980","kg/ha","269.8","A","Official value",""
"QCL","Crops and livestock products","356","India","5412","Yield","01651","Pepper (Piper spp.), raw","1981","1981","kg/ha","265.7","A","Official value",""
"QCL","Crops and livestock products","356","India","5412","Yield","01651","Pepper (Piper spp.), raw","1982","1982","kg/ha","263.1","A","Official value",""
"QCL","Crops and livestock products","356","India","5412","Yield","01651","Pepper (Piper spp.), raw","1983","1983","kg/ha","240.9","A","Official value",""
"QCL","Crops and livestock products","356","India","5412","Yield","01651","Pepper (Piper spp.), raw","1984","1984","kg/ha","211.6","A","Official value",""
"QCL","Crops and livestock products","356","India","5412","Yield","01651","Pepper (Piper spp.), raw","1985","1985","kg/ha","166.5","A","Official value",""
"QCL","Crops and livestock products","356","India","5412","Yield","01651","Pepper (Piper spp.), raw","1986","1986","kg/ha","271.8","A","Official value",""
"QCL","Crops and livestock products","356","India","5412","Yield","01651","Pepper (Piper spp.), raw","1987","1987","kg/ha","236","A","Official value",""
"QCL","Crops and livestock products","356","India","5412","Yield","01651","Pepper (Piper spp.), raw","1988","1988","kg/ha","320.7","A","Official value",""
"QCL","Crops and livestock products","356","India","5412","Yield","01651","Pepper (Piper spp.), raw","1989","1989","kg/ha","274.7","A","Official value",""
"QCL","Crops and livestock products","356","India","5412","Yield","01651","Pepper (Piper spp.), raw","1990","1990","kg/ha","321.8","A","Official value",""
"QCL","Crops and livestock products","356","India","5412","Yield","01651","Pepper (Piper spp.), raw","1991","1991","kg/ha","276.5","A","Official value",""
"QCL","Crops and livestock products","356","India","5412","Yield","01651","Pepper (Piper spp.), raw","1992","1992","kg/ha","282.4","A","Official value",""
"QCL","Crops and livestock products","356","India","5412","Yield","01651","Pepper (Piper spp.), raw","1993","1993","kg/ha","268","A","Official value",""
"QCL","Crops and livestock products","356","India","5412","Yield","01651","Pepper (Piper spp.), raw","1994","1994","kg/ha","268.6","A","Official value",""
"QCL","Crops and livestock products","356","India","5412","Yield","01651","Pepper (Piper spp.), raw","1995","1995","kg/ha","314","A","Official value",""
"QCL","Crops and livestock products","356","India","5412","Yield","01651","Pepper (Piper spp.), raw","1996","1996","kg/ha","310.9","A","Official value",""
"QCL","Crops and livestock products","356","India","5412","Yield","01651","Pepper (Piper spp.), raw","1997","1997","kg/ha","311.1","A","Official value",""
"QCL","Crops and livestock products","356","India","5412","Yield","01651","Pepper (Piper spp.), raw","1998","1998","kg/ha","313.2","A","Official value",""
"QCL","Crops and livestock products","356","India","5412","Yield","01651","Pepper (Piper spp.), raw","1999","1999","kg/ha","316.7","A","Official value",""
"QCL","Crops and livestock products","356","India","5412","Yield","01651","Pepper (Piper spp.), raw","2000","2000","kg/ha","301","A","Official value",""
"QCL","Crops and livestock products","356","India","5412","Yield","01651","Pepper (Piper spp.), raw","2001","2001","kg/ha","299.1","A","Official value",""
"QCL","Crops and livestock products","356","India","5412","Yield","01651","Pepper (Piper spp.), raw","2002","2002","kg/ha","283.1","A","Official value",""
"QCL","Crops and livestock products","356","India","5412","Yield","01651","Pepper (Piper spp.), raw","2003","2003","kg/ha","296.3","A","Official value",""
"QCL","Crops and livestock products","356","India","5412","Yield","01651","Pepper (Piper spp.), raw","2004","2004","kg/ha","313.6","A","Official value",""
"QCL","Crops and livestock products","356","India","5412","Yield","01651","Pepper (Piper spp.), raw","2005","2005","kg/ha","319.8","A","Official value",""
"QCL","Crops and livestock products","356","India","5412","Yield","01651","Pepper (Piper spp.), raw","2006","2006","kg/ha","357","A","Official value",""
"QCL","Crops and livestock products","356","India","5412","Yield","01651","Pepper (Piper spp.), raw","2007","2007","kg/ha","280.5","A","Official value",""
"QCL","Crops and livestock products","356","India","5412","Yield","01651","Pepper (Piper spp.), raw","2008","2008","kg/ha","238.2","A","Official value",""
"QCL","Crops and livestock products","356","India","5412","Yield","01651","Pepper (Piper spp.), raw","2009","2009","kg/ha","198.6","A","Official value",""
"QCL","Crops and livestock products","356","India","5412","Yield","01651","Pepper (Piper spp.), raw","2010","2010","kg/ha","260.4","A","Official value",""
"QCL","Crops and livestock products","356","India","5412","Yield","01651","Pepper (Piper spp.), raw","2011","2011","kg/ha","282.6","A","Official value",""
"QCL","Crops and livestock products","356","India","5412","Yield","01651","Pepper (Piper spp.), raw","2012","2012","kg/ha","205","A","Official value",""
"QCL","Crops and livestock products","356","India","5412","Yield","01651","Pepper (Piper spp.), raw","2013","2013","kg/ha","424","A","Official value",""
"QCL","Crops and livestock products","356","India","5412","Yield","01651","Pepper (Piper spp.), raw","2014","2014","kg/ha","411.3","A","Official value",""
"QCL","Crops and livestock products","356","India","5412","Yield","01651","Pepper (Piper spp.), raw","2015","2015","kg/ha","503.9","A","Official value",""
"QCL","Crops and livestock products","356","India","5412","Yield","01651","Pepper (Piper spp.), raw","2016","2016","kg/ha","426.4","A","Official value",""
"QCL","Crops and livestock products","356","India","5412","Yield","01651","Pepper (Piper spp.), raw","2017","2017","kg/ha","545.5","A","Official value",""
"QCL","Crops and livestock products","356","India","5412","Yield","01651","Pepper (Piper spp.), raw","2018","2018","kg/ha","492.5","A","Official value",""
"QCL","Crops and livestock products","356","India","5412","Yield","01651","Pepper (Piper spp.), raw","2019","2019","kg/ha","559.2","A","Official value",""
"QCL","Crops and livestock products","356","India","5412","Yield","01651","Pepper (Piper spp.), raw","2020","2020","kg/ha","401.5","A","Official value",""
"QCL","Crops and livestock products","356","India","5412","Yield","01651","Pepper (Piper spp.), raw","2021","2021","kg/ha","456.3","A","Official value",""
"QCL","Crops and livestock products","356","India","5412","Yield","01651","Pepper (Piper spp.), raw","2022","2022","kg/ha","334.5","A","Official value",""
"QCL","Crops and livestock products","356","India","5412","Yield","01651","Pepper (Piper spp.), raw","2023","2023","kg/ha","391.3","A","Official value",""
"QCL","Crops and livestock products","356","India","5412","Yield","01651","Pepper (Piper spp.), raw","2024","2024","kg/ha","402.8","A","Official value",""
"QCL","Crops and livestock products","356","India","5412","Yield","01707","Pigeon peas, dry","1961","1961","kg/ha","849.2","A","Official value",""
"QCL","Crops and livestock products","356","India","5412","Yield","01707","Pigeon peas, dry","1962","1962","kg/ha","558.6","A","Official value",""
"QCL","Crops and livestock products","356","India","5412","Yield","01707","Pigeon peas, dry","1963","1963","kg/ha","645.2","A","Official value",""
"QCL","Crops and livestock products","356","India","5412","Yield","01707","Pigeon peas, dry","1964","1964","kg/ha","548.3","A","Official value",""
"QCL","Crops and livestock products","356","India","5412","Yield","01707","Pigeon peas, dry","1965","1965","kg/ha","733.1","A","Official value",""
"QCL","Crops and livestock products","356","India","5412","Yield","01707","Pigeon peas, dry","1966","1966","kg/ha","678","A","Official value",""
"QCL","Crops and livestock products","356","India","5412","Yield","01707","Pigeon peas, dry","1967","1967","kg/ha","448.1","A","Official value",""
"QCL","Crops and livestock products","356","India","5412","Yield","01707","Pigeon peas, dry","1968","1968","kg/ha","653.4","A","Official value",""
"QCL","Crops and livestock products","356","India","5412","Yield","01707","Pigeon peas, dry","1969","1969","kg/ha","718","A","Official value",""
"QCL","Crops and livestock products","356","India","5412","Yield","01707","Pigeon peas, dry","1970","1970","kg/ha","690.3","A","Official value",""
"QCL","Crops and livestock products","356","India","5412","Yield","01707","Pigeon peas, dry","1971","1971","kg/ha","709.3","A","Official value",""
"QCL","Crops and livestock products","356","India","5412","Yield","01707","Pigeon peas, dry","1972","1972","kg/ha","717.5","A","Official value",""
"QCL","Crops and livestock products","356","India","5412","Yield","01707","Pigeon peas, dry","1973","1973","kg/ha","795.2","A","Official value",""
"QCL","Crops and livestock products","356","India","5412","Yield","01707","Pigeon peas, dry","1974","1974","kg/ha","532.1","A","Official value",""
"QCL","Crops and livestock products","356","India","5412","Yield","01707","Pigeon peas, dry","1975","1975","kg/ha","725.3","A","Official value",""
"QCL","Crops and livestock products","356","India","5412","Yield","01707","Pigeon peas, dry","1976","1976","kg/ha","786","A","Official value",""
"QCL","Crops and livestock products","356","India","5412","Yield","01707","Pigeon peas, dry","1977","1977","kg/ha","672.4","A","Official value",""
"QCL","Crops and livestock products","356","India","5412","Yield","01707","Pigeon peas, dry","1978","1978","kg/ha","734.8","A","Official value",""
"QCL","Crops and livestock products","356","India","5412","Yield","01707","Pigeon peas, dry","1979","1979","kg/ha","716.3","A","Official value",""
"QCL","Crops and livestock products","356","India","5412","Yield","01707","Pigeon peas, dry","1980","1980","kg/ha","643.4","A","Official value",""
"QCL","Crops and livestock products","356","India","5412","Yield","01707","Pigeon peas, dry","1981","1981","kg/ha","688.7","A","Official value",""
"QCL","Crops and livestock products","356","India","5412","Yield","01707","Pigeon peas, dry","1982","1982","kg/ha","744.5","A","Official value",""
"QCL","Crops and livestock products","356","India","5412","Yield","01707","Pigeon peas, dry","1983","1983","kg/ha","679.7","A","Official value",""
"QCL","Crops and livestock products","356","India","5412","Yield","01707","Pigeon peas, dry","1984","1984","kg/ha","800.5","A","Official value",""
"QCL","Crops and livestock products","356","India","5412","Yield","01707","Pigeon peas, dry","1985","1985","kg/ha","819.4","A","Official value",""
"QCL","Crops and livestock products","356","India","5412","Yield","01707","Pigeon peas, dry","1986","1986","kg/ha","766.7","A","Official value",""
"QCL","Crops and livestock products","356","India","5412","Yield","01707","Pigeon peas, dry","1987","1987","kg/ha","721.7","A","Official value",""
"QCL","Crops and livestock products","356","India","5412","Yield","01707","Pigeon peas, dry","1988","1988","kg/ha","684.7","A","Official value",""
"QCL","Crops and livestock products","356","India","5412","Yield","01707","Pigeon peas, dry","1989","1989","kg/ha","779","A","Official value",""
"QCL","Crops and livestock products","356","India","5412","Yield","01707","Pigeon peas, dry","1990","1990","kg/ha","763","A","Official value",""
"QCL","Crops and livestock products","356","India","5412","Yield","01707","Pigeon peas, dry","1991","1991","kg/ha","588.1","A","Official value",""
"QCL","Crops and livestock products","356","India","5412","Yield","01707","Pigeon peas, dry","1992","1992","kg/ha","651.9","A","Official value",""
"QCL","Crops and livestock products","356","India","5412","Yield","01707","Pigeon peas, dry","1993","1993","kg/ha","762.4","A","Official value",""
"QCL","Crops and livestock products","356","India","5412","Yield","01707","Pigeon peas, dry","1994","1994","kg/ha","646.8","A","Official value",""
"QCL","Crops and livestock products","356","India","5412","Yield","01707","Pigeon peas, dry","1995","1995","kg/ha","670","A","Official value",""
"QCL","Crops and livestock products","356","India","5412","Yield","01707","Pigeon peas, dry","1996","1996","kg/ha","757","A","Official value",""
"QCL","Crops and livestock products","356","India","5412","Yield","01707","Pigeon peas, dry","1997","1997","kg/ha","550.7","A","Official value",""
"QCL","Crops and livestock products","356","India","5412","Yield","01707","Pigeon peas, dry","1998","1998","kg/ha","787.3","A","Official value",""
"QCL","Crops and livestock products","356","India","5412","Yield","01707","Pigeon peas, dry","1999","1999","kg/ha","786.1","A","Official value",""
"QCL","Crops and livestock products","356","India","5412","Yield","01707","Pigeon peas, dry","2000","2000","kg/ha","618.5","A","Official value",""
"QCL","Crops and livestock products","356","India","5412","Yield","01707","Pigeon peas, dry","2001","2001","kg/ha","679.1","A","Official value",""
"QCL","Crops and livestock products","356","India","5412","Yield","01707","Pigeon peas, dry","2002","2002","kg/ha","650.7","A","Official value",""
"QCL","Crops and livestock products","356","India","5412","Yield","01707","Pigeon peas, dry","2003","2003","kg/ha","670.3","A","Official value",""
"QCL","Crops and livestock products","356","India","5412","Yield","01707","Pigeon peas, dry","2004","2004","kg/ha","667","A","Official value",""
"QCL","Crops and livestock products","356","India","5412","Yield","01707","Pigeon peas, dry","2005","2005","kg/ha","764.7","A","Official value",""
"QCL","Crops and livestock products","356","India","5412","Yield","01707","Pigeon peas, dry","2006","2006","kg/ha","649.7","A","Official value",""
"QCL","Crops and livestock products","356","India","5412","Yield","01707","Pigeon peas, dry","2007","2007","kg/ha","825.6","A","Official value",""
"QCL","Crops and livestock products","356","India","5412","Yield","01707","Pigeon peas, dry","2008","2008","kg/ha","670.7","A","Official value",""
"QCL","Crops and livestock products","356","India","5412","Yield","01707","Pigeon peas, dry","2009","2009","kg/ha","711.1","A","Official value",""
"QCL","Crops and livestock products","356","India","5412","Yield","01707","Pigeon peas, dry","2010","2010","kg/ha","655.2","A","Official value",""
"QCL","Crops and livestock products","356","India","5412","Yield","01707","Pigeon peas, dry","2011","2011","kg/ha","662.3","A","Official value",""
"QCL","Crops and livestock products","356","India","5412","Yield","01707","Pigeon peas, dry","2012","2012","kg/ha","776.5","A","Official value",""
"QCL","Crops and livestock products","356","India","5412","Yield","01707","Pigeon peas, dry","2013","2013","kg/ha","813","A","Official value",""
"QCL","Crops and livestock products","356","India","5412","Yield","01707","Pigeon peas, dry","2014","2014","kg/ha","728.5","A","Official value",""
"QCL","Crops and livestock products","356","India","5412","Yield","01707","Pigeon peas, dry","2015","2015","kg/ha","646.2","A","Official value",""
"QCL","Crops and livestock products","356","India","5412","Yield","01707","Pigeon peas, dry","2016","2016","kg/ha","913","A","Official value",""
"QCL","Crops and livestock products","356","India","5412","Yield","01707","Pigeon peas, dry","2017","2017","kg/ha","966.5","A","Official value",""
"QCL","Crops and livestock products","356","India","5412","Yield","01707","Pigeon peas, dry","2018","2018","kg/ha","728.7","A","Official value",""
"QCL","Crops and livestock products","356","India","5412","Yield","01707","Pigeon peas, dry","2019","2019","kg/ha","858.6","A","Official value",""
"QCL","Crops and livestock products","356","India","5412","Yield","01707","Pigeon peas, dry","2020","2020","kg/ha","913.5","A","Official value",""
"QCL","Crops and livestock products","356","India","5412","Yield","01707","Pigeon peas, dry","2021","2021","kg/ha","861.2","A","Official value",""
"QCL","Crops and livestock products","356","India","5412","Yield","01707","Pigeon peas, dry","2022","2022","kg/ha","814","A","Official value",""
"QCL","Crops and livestock products","356","India","5412","Yield","01707","Pigeon peas, dry","2023","2023","kg/ha","827.2","A","Official value",""
"QCL","Crops and livestock products","356","India","5412","Yield","01707","Pigeon peas, dry","2024","2024","kg/ha","836.1","A","Official value",""
"QCL","Crops and livestock products","356","India","5412","Yield","01318","Pineapples","1961","1961","kg/ha","10903.9","E","Estimated value",""
"QCL","Crops and livestock products","356","India","5412","Yield","01318","Pineapples","1962","1962","kg/ha","10869.6","E","Estimated value",""
"QCL","Crops and livestock products","356","India","5412","Yield","01318","Pineapples","1963","1963","kg/ha","10869.6","E","Estimated value",""
"QCL","Crops and livestock products","356","India","5412","Yield","01318","Pineapples","1964","1964","kg/ha","10929","E","Estimated value",""
"QCL","Crops and livestock products","356","India","5412","Yield","01318","Pineapples","1965","1965","kg/ha","10894.9","E","Estimated value",""
"QCL","Crops and livestock products","356","India","5412","Yield","01318","Pineapples","1966","1966","kg/ha","10862.6","E","Estimated value",""
"QCL","Crops and livestock products","356","India","5412","Yield","01318","Pineapples","1967","1967","kg/ha","10876.1","E","Estimated value",""
"QCL","Crops and livestock products","356","India","5412","Yield","01318","Pineapples","1968","1968","kg/ha","10876.1","E","Estimated value",""
"QCL","Crops and livestock products","356","India","5412","Yield","01318","Pineapples","1969","1969","kg/ha","10882.4","E","Estimated value",""
"QCL","Crops and livestock products","356","India","5412","Yield","01318","Pineapples","1970","1970","kg/ha","10888.3","E","Estimated value",""
"QCL","Crops and livestock products","356","India","5412","Yield","01318","Pineapples","1971","1971","kg/ha","10888.3","E","Estimated value",""
"QCL","Crops and livestock products","356","India","5412","Yield","01318","Pineapples","1972","1972","kg/ha","10863.5","E","Estimated value",""
"QCL","Crops and livestock products","356","India","5412","Yield","01318","Pineapples","1973","1973","kg/ha","10869.6","E","Estimated value",""
"QCL","Crops and livestock products","356","India","5412","Yield","01318","Pineapples","1974","1974","kg/ha","10875.3","E","Estimated value",""
"QCL","Crops and livestock products","356","India","5412","Yield","01318","Pineapples","1975","1975","kg/ha","10880.8","E","Estimated value",""
"QCL","Crops and livestock products","356","India","5412","Yield","01318","Pineapples","1976","1976","kg/ha","10886.1","E","Estimated value",""
"QCL","Crops and livestock products","356","India","5412","Yield","01318","Pineapples","1977","1977","kg/ha","10876.7","A","Official value",""
"QCL","Crops and livestock products","356","India","5412","Yield","01318","Pineapples","1978","1978","kg/ha","11242.5","A","Official value",""
"QCL","Crops and livestock products","356","India","5412","Yield","01318","Pineapples","1979","1979","kg/ha","11383.4","A","Official value",""
"QCL","Crops and livestock products","356","India","5412","Yield","01318","Pineapples","1980","1980","kg/ha","12039","A","Official value",""
"QCL","Crops and livestock products","356","India","5412","Yield","01318","Pineapples","1981","1981","kg/ha","12323","A","Official value",""
"QCL","Crops and livestock products","356","India","5412","Yield","01318","Pineapples","1982","1982","kg/ha","7702.7","A","Official value",""
"QCL","Crops and livestock products","356","India","5412","Yield","01318","Pineapples","1983","1983","kg/ha","7704.4","A","Official value",""
"QCL","Crops and livestock products","356","India","5412","Yield","01318","Pineapples","1984","1984","kg/ha","13724.9","A","Official value",""
"QCL","Crops and livestock products","356","India","5412","Yield","01318","Pineapples","1985","1985","kg/ha","13724.8","A","Official value",""
"QCL","Crops and livestock products","356","India","5412","Yield","01318","Pineapples","1986","1986","kg/ha","12914.9","E","Estimated value",""
"QCL","Crops and livestock products","356","India","5412","Yield","01318","Pineapples","1987","1987","kg/ha","12659.3","A","Official value",""
"QCL","Crops and livestock products","356","India","5412","Yield","01318","Pineapples","1988","1988","kg/ha","15817.7","A","Official value",""
"QCL","Crops and livestock products","356","India","5412","Yield","01318","Pineapples","1989","1989","kg/ha","14536.1","A","Official value",""
"QCL","Crops and livestock products","356","India","5412","Yield","01318","Pineapples","1990","1990","kg/ha","16139.4","A","Official value",""
"QCL","Crops and livestock products","356","India","5412","Yield","01318","Pineapples","1991","1991","kg/ha","12066.6","A","Official value",""
"QCL","Crops and livestock products","356","India","5412","Yield","01318","Pineapples","1992","1992","kg/ha","15054.6","A","Official value",""
"QCL","Crops and livestock products","356","India","5412","Yield","01318","Pineapples","1993","1993","kg/ha","16824.8","A","Official value",""
"QCL","Crops and livestock products","356","India","5412","Yield","01318","Pineapples","1994","1994","kg/ha","14428.6","A","Official value",""
"QCL","Crops and livestock products","356","India","5412","Yield","01318","Pineapples","1995","1995","kg/ha","13250","A","Official value",""
"QCL","Crops and livestock products","356","India","5412","Yield","01318","Pineapples","1996","1996","kg/ha","14634.1","E","Estimated value",""
"QCL","Crops and livestock products","356","India","5412","Yield","01318","Pineapples","1997","1997","kg/ha","14498.6","E","Estimated value",""
"QCL","Crops and livestock products","356","India","5412","Yield","01318","Pineapples","1998","1998","kg/ha","13428.6","A","Official value",""
"QCL","Crops and livestock products","356","India","5412","Yield","01318","Pineapples","1999","1999","kg/ha","13558","A","Official value",""
"QCL","Crops and livestock products","356","India","5412","Yield","01318","Pineapples","2000","2000","kg/ha","14571.4","A","Official value",""
"QCL","Crops and livestock products","356","India","5412","Yield","01318","Pineapples","2001","2001","kg/ha","15250","A","Official value",""
"QCL","Crops and livestock products","356","India","5412","Yield","01318","Pineapples","2002","2002","kg/ha","14750","A","Official value",""
"QCL","Crops and livestock products","356","India","5412","Yield","01318","Pineapples","2003","2003","kg/ha","14555.6","A","Official value",""
"QCL","Crops and livestock products","356","India","5412","Yield","01318","Pineapples","2004","2004","kg/ha","15255.9","A","Official value",""
"QCL","Crops and livestock products","356","India","5412","Yield","01318","Pineapples","2005","2005","kg/ha","15445.7","A","Official value",""
"QCL","Crops and livestock products","356","India","5412","Yield","01318","Pineapples","2006","2006","kg/ha","15322.8","A","Official value",""
"QCL","Crops and livestock products","356","India","5412","Yield","01318","Pineapples","2007","2007","kg/ha","15655.2","A","Official value",""
"QCL","Crops and livestock products","356","India","5412","Yield","01318","Pineapples","2008","2008","kg/ha","15562.5","A","Official value",""
"QCL","Crops and livestock products","356","India","5412","Yield","01318","Pineapples","2009","2009","kg/ha","15964.3","A","Official value",""
"QCL","Crops and livestock products","356","India","5412","Yield","01318","Pineapples","2010","2010","kg/ha","15090.3","A","Official value",""
"QCL","Crops and livestock products","356","India","5412","Yield","01318","Pineapples","2011","2011","kg/ha","15898.9","A","Official value",""
"QCL","Crops and livestock products","356","India","5412","Yield","01318","Pineapples","2012","2012","kg/ha","14705.9","A","Official value",""
"QCL","Crops and livestock products","356","India","5412","Yield","01318","Pineapples","2013","2013","kg/ha","14961.9","A","Official value",""
"QCL","Crops and livestock products","356","India","5412","Yield","01318","Pineapples","2014","2014","kg/ha","15805.8","A","Official value",""
"QCL","Crops and livestock products","356","India","5412","Yield","01318","Pineapples","2015","2015","kg/ha","17103.4","A","Official value",""
"QCL","Crops and livestock products","356","India","5412","Yield","01318","Pineapples","2016","2016","kg/ha","17490.9","A","Official value",""
"QCL","Crops and livestock products","356","India","5412","Yield","01318","Pineapples","2017","2017","kg/ha","16765.8","A","Official value",""
"QCL","Crops and livestock products","356","India","5412","Yield","01318","Pineapples","2018","2018","kg/ha","16563.1","A","Official value",""
"QCL","Crops and livestock products","356","India","5412","Yield","01318","Pineapples","2019","2019","kg/ha","16451.9","A","Official value",""
"QCL","Crops and livestock products","356","India","5412","Yield","01318","Pineapples","2020","2020","kg/ha","16339.6","A","Official value",""
"QCL","Crops and livestock products","356","India","5412","Yield","01318","Pineapples","2021","2021","kg/ha","16971.7","A","Official value",""
"QCL","Crops and livestock products","356","India","5412","Yield","01318","Pineapples","2022","2022","kg/ha","17138.9","A","Official value",""
"QCL","Crops and livestock products","356","India","5412","Yield","01318","Pineapples","2023","2023","kg/ha","16925.9","A","Official value",""
"QCL","Crops and livestock products","356","India","5412","Yield","01318","Pineapples","2024","2024","kg/ha","16350.7","A","Official value",""
"QCL","Crops and livestock products","356","India","5412","Yield","01346","Plums and sloes","1961","1961","kg/ha","3666.7","E","Estimated value",""
"QCL","Crops and livestock products","356","India","5412","Yield","01346","Plums and sloes","1962","1962","kg/ha","4062.5","E","Estimated value",""
"QCL","Crops and livestock products","356","India","5412","Yield","01346","Plums and sloes","1963","1963","kg/ha","4074.1","E","Estimated value",""
"QCL","Crops and livestock products","356","India","5412","Yield","01346","Plums and sloes","1964","1964","kg/ha","4054.1","E","Estimated value",""
"QCL","Crops and livestock products","356","India","5412","Yield","01346","Plums and sloes","1965","1965","kg/ha","4000","E","Estimated value",""
"QCL","Crops and livestock products","356","India","5412","Yield","01346","Plums and sloes","1966","1966","kg/ha","4054.1","E","Estimated value",""
"QCL","Crops and livestock products","356","India","5412","Yield","01346","Plums and sloes","1967","1967","kg/ha","4000","E","Estimated value",""
"QCL","Crops and livestock products","356","India","5412","Yield","01346","Plums and sloes","1968","1968","kg/ha","4047.6","E","Estimated value",""
"QCL","Crops and livestock products","356","India","5412","Yield","01346","Plums and sloes","1969","1969","kg/ha","4000","E","Estimated value",""
"QCL","Crops and livestock products","356","India","5412","Yield","01346","Plums and sloes","1970","1970","kg/ha","4042.6","E","Estimated value",""
"QCL","Crops and livestock products","356","India","5412","Yield","01346","Plums and sloes","1971","1971","kg/ha","4000","E","Estimated value",""
"QCL","Crops and livestock products","356","India","5412","Yield","01346","Plums and sloes","1972","1972","kg/ha","4000","E","Estimated value",""
"QCL","Crops and livestock products","356","India","5412","Yield","01346","Plums and sloes","1973","1973","kg/ha","4042.6","E","Estimated value",""
"QCL","Crops and livestock products","356","India","5412","Yield","01346","Plums and sloes","1974","1974","kg/ha","4000","E","Estimated value",""
"QCL","Crops and livestock products","356","India","5412","Yield","01346","Plums and sloes","1975","1975","kg/ha","4000","E","Estimated value",""
"QCL","Crops and livestock products","356","India","5412","Yield","01346","Plums and sloes","1976","1976","kg/ha","4000","E","Estimated value",""
"QCL","Crops and livestock products","356","India","5412","Yield","01346","Plums and sloes","1977","1977","kg/ha","4032.3","X","Value from external organization",""
"QCL","Crops and livestock products","356","India","5412","Yield","01346","Plums and sloes","1978","1978","kg/ha","4000","X","Value from external organization",""
"QCL","Crops and livestock products","356","India","5412","Yield","01346","Plums and sloes","1979","1979","kg/ha","4029.9","X","Value from external organization",""
"QCL","Crops and livestock products","356","India","5412","Yield","01346","Plums and sloes","1980","1980","kg/ha","4000","X","Value from external organization",""
"QCL","Crops and livestock products","356","India","5412","Yield","01346","Plums and sloes","1981","1981","kg/ha","4000","X","Value from external organization",""
"QCL","Crops and livestock products","356","India","5412","Yield","01346","Plums and sloes","1982","1982","kg/ha","4000","X","Value from external organization",""
"QCL","Crops and livestock products","356","India","5412","Yield","01346","Plums and sloes","1983","1983","kg/ha","4000","X","Value from external organization",""
"QCL","Crops and livestock products","356","India","5412","Yield","01346","Plums and sloes","1984","1984","kg/ha","3977.3","X","Value from external organization",""
"QCL","Crops and livestock products","356","India","5412","Yield","01346","Plums and sloes","1985","1985","kg/ha","4000","X","Value from external organization",""
"QCL","Crops and livestock products","356","India","5412","Yield","01346","Plums and sloes","1986","1986","kg/ha","4000","E","Estimated value",""
"QCL","Crops and livestock products","356","India","5412","Yield","01346","Plums and sloes","1987","1987","kg/ha","2370.8","A","Official value",""
"QCL","Crops and livestock products","356","India","5412","Yield","01346","Plums and sloes","1988","1988","kg/ha","2337.5","A","Official value",""
"QCL","Crops and livestock products","356","India","5412","Yield","01346","Plums and sloes","1989","1989","kg/ha","2408.8","A","Official value",""
"QCL","Crops and livestock products","356","India","5412","Yield","01346","Plums and sloes","1990","1990","kg/ha","4000","E","Estimated value",""
"QCL","Crops and livestock products","356","India","5412","Yield","01346","Plums and sloes","1991","1991","kg/ha","4000","E","Estimated value",""
"QCL","Crops and livestock products","356","India","5412","Yield","01346","Plums and sloes","1992","1992","kg/ha","4000","E","Estimated value",""
"QCL","Crops and livestock products","356","India","5412","Yield","01346","Plums and sloes","1993","1993","kg/ha","3985.5","E","Estimated value",""
"QCL","Crops and livestock products","356","India","5412","Yield","01346","Plums and sloes","1994","1994","kg/ha","3664.1","E","Estimated value",""
"QCL","Crops and livestock products","356","India","5412","Yield","01346","Plums and sloes","1995","1995","kg/ha","3588.2","E","Estimated value",""
"QCL","Crops and livestock products","356","India","5412","Yield","01346","Plums and sloes","1996","1996","kg/ha","3510.7","E","Estimated value",""
"QCL","Crops and livestock products","356","India","5412","Yield","01346","Plums and sloes","1997","1997","kg/ha","3431.8","E","Estimated value",""
"QCL","Crops and livestock products","356","India","5412","Yield","01346","Plums and sloes","1998","1998","kg/ha","3351.4","E","Estimated value",""
"QCL","Crops and livestock products","356","India","5412","Yield","01346","Plums and sloes","1999","1999","kg/ha","3269.7","E","Estimated value",""
"QCL","Crops and livestock products","356","India","5412","Yield","01346","Plums and sloes","2000","2000","kg/ha","3186.7","E","Estimated value",""
"QCL","Crops and livestock products","356","India","5412","Yield","01346","Plums and sloes","2001","2001","kg/ha","3102.5","E","Estimated value",""
"QCL","Crops and livestock products","356","India","5412","Yield","01346","Plums and sloes","2002","2002","kg/ha","3069.7","E","Estimated value",""
"QCL","Crops and livestock products","356","India","5412","Yield","01346","Plums and sloes","2003","2003","kg/ha","3035.8","E","Estimated value",""
"QCL","Crops and livestock products","356","India","5412","Yield","01346","Plums and sloes","2004","2004","kg/ha","3000.7","E","Estimated value",""
"QCL","Crops and livestock products","356","India","5412","Yield","01346","Plums and sloes","2005","2005","kg/ha","2964.4","E","Estimated value",""
"QCL","Crops and livestock products","356","India","5412","Yield","01346","Plums and sloes","2006","2006","kg/ha","2926.9","E","Estimated value",""
"QCL","Crops and livestock products","356","India","5412","Yield","01346","Plums and sloes","2007","2007","kg/ha","2888.2","E","Estimated value",""
"QCL","Crops and livestock products","356","India","5412","Yield","01346","Plums and sloes","2008","2008","kg/ha","2848.2","E","Estimated value",""
"QCL","Crops and livestock products","356","India","5412","Yield","01346","Plums and sloes","2009","2009","kg/ha","2807","E","Estimated value",""
"QCL","Crops and livestock products","356","India","5412","Yield","01346","Plums and sloes","2010","2010","kg/ha","2764.7","E","Estimated value",""
"QCL","Crops and livestock products","356","India","5412","Yield","01346","Plums and sloes","2011","2011","kg/ha","2285.7","A","Official value",""
"QCL","Crops and livestock products","356","India","5412","Yield","01346","Plums and sloes","2012","2012","kg/ha","2769.2","A","Official value",""
"QCL","Crops and livestock products","356","India","5412","Yield","01346","Plums and sloes","2013","2013","kg/ha","3083.3","A","Official value",""
"QCL","Crops and livestock products","356","India","5412","Yield","01346","Plums and sloes","2014","2014","kg/ha","3304.3","A","Official value",""
"QCL","Crops and livestock products","356","India","5412","Yield","01346","Plums and sloes","2015","2015","kg/ha","3130.4","A","Official value",""
"QCL","Crops and livestock products","356","India","5412","Yield","01346","Plums and sloes","2016","2016","kg/ha","3666.5","A","Official value",""
"QCL","Crops and livestock products","356","India","5412","Yield","01346","Plums and sloes","2017","2017","kg/ha","3441.2","A","Official value",""
"QCL","Crops and livestock products","356","India","5412","Yield","01346","Plums and sloes","2018","2018","kg/ha","3805.4","A","Official value",""
"QCL","Crops and livestock products","356","India","5412","Yield","01346","Plums and sloes","2019","2019","kg/ha","3645.2","A","Official value",""
"QCL","Crops and livestock products","356","India","5412","Yield","01346","Plums and sloes","2020","2020","kg/ha","3753.1","A","Official value",""
"QCL","Crops and livestock products","356","India","5412","Yield","01346","Plums and sloes","2021","2021","kg/ha","3592.1","A","Official value",""
"QCL","Crops and livestock products","356","India","5412","Yield","01346","Plums and sloes","2022","2022","kg/ha","3620.6","A","Official value",""
"QCL","Crops and livestock products","356","India","5412","Yield","01346","Plums and sloes","2023","2023","kg/ha","3661.6","A","Official value",""
"QCL","Crops and livestock products","356","India","5412","Yield","01346","Plums and sloes","2024","2024","kg/ha","3763.8","A","Official value",""
"QCL","Crops and livestock products","356","India","5412","Yield","01321","Pomelos and grapefruits","1961","1961","kg/ha","15384.6","E","Estimated value",""
"QCL","Crops and livestock products","356","India","5412","Yield","01321","Pomelos and grapefruits","1962","1962","kg/ha","13333.3","E","Estimated value",""
"QCL","Crops and livestock products","356","India","5412","Yield","01321","Pomelos and grapefruits","1963","1963","kg/ha","13333.3","E","Estimated value",""
"QCL","Crops and livestock products","356","India","5412","Yield","01321","Pomelos and grapefruits","1964","1964","kg/ha","13333.3","E","Estimated value",""
"QCL","Crops and livestock products","356","India","5412","Yield","01321","Pomelos and grapefruits","1965","1965","kg/ha","13333.3","E","Estimated value",""
"QCL","Crops and livestock products","356","India","5412","Yield","01321","Pomelos and grapefruits","1966","1966","kg/ha","13333.3","E","Estimated value",""
"QCL","Crops and livestock products","356","India","5412","Yield","01321","Pomelos and grapefruits","1967","1967","kg/ha","13333.3","E","Estimated value",""
"QCL","Crops and livestock products","356","India","5412","Yield","01321","Pomelos and grapefruits","1968","1968","kg/ha","13043.5","E","Estimated value",""
"QCL","Crops and livestock products","356","India","5412","Yield","01321","Pomelos and grapefruits","1969","1969","kg/ha","10869.6","E","Estimated value",""
"QCL","Crops and livestock products","356","India","5412","Yield","01321","Pomelos and grapefruits","1970","1970","kg/ha","13043.5","E","Estimated value",""
"QCL","Crops and livestock products","356","India","5412","Yield","01321","Pomelos and grapefruits","1971","1971","kg/ha","15217.4","E","Estimated value",""
"QCL","Crops and livestock products","356","India","5412","Yield","01321","Pomelos and grapefruits","1972","1972","kg/ha","15000","E","Estimated value",""
"QCL","Crops and livestock products","356","India","5412","Yield","01321","Pomelos and grapefruits","1973","1973","kg/ha","12500","E","Estimated value",""
"QCL","Crops and livestock products","356","India","5412","Yield","01321","Pomelos and grapefruits","1974","1974","kg/ha","12500","E","Estimated value",""
"QCL","Crops and livestock products","356","India","5412","Yield","01321","Pomelos and grapefruits","1975","1975","kg/ha","15000","E","Estimated value",""
"QCL","Crops and livestock products","356","India","5412","Yield","01321","Pomelos and grapefruits","1976","1976","kg/ha","10000","E","Estimated value",""
"QCL","Crops and livestock products","356","India","5412","Yield","01321","Pomelos and grapefruits","1977","1977","kg/ha","10000","E","Estimated value",""
"QCL","Crops and livestock products","356","India","5412","Yield","01321","Pomelos and grapefruits","1978","1978","kg/ha","10000","E","Estimated value",""
"QCL","Crops and livestock products","356","India","5412","Yield","01321","Pomelos and grapefruits","1979","1979","kg/ha","10000","E","Estimated value",""
"QCL","Crops and livestock products","356","India","5412","Yield","01321","Pomelos and grapefruits","1980","1980","kg/ha","10000","E","Estimated value",""
"QCL","Crops and livestock products","356","India","5412","Yield","01321","Pomelos and grapefruits","1981","1981","kg/ha","10000","E","Estimated value",""
"QCL","Crops and livestock products","356","India","5412","Yield","01321","Pomelos and grapefruits","1982","1982","kg/ha","10000","E","Estimated value",""
"QCL","Crops and livestock products","356","India","5412","Yield","01321","Pomelos and grapefruits","1983","1983","kg/ha","12381","E","Estimated value",""
"QCL","Crops and livestock products","356","India","5412","Yield","01321","Pomelos and grapefruits","1984","1984","kg/ha","11904.8","E","Estimated value",""
"QCL","Crops and livestock products","356","India","5412","Yield","01321","Pomelos and grapefruits","1985","1985","kg/ha","9523.8","E","Estimated value",""
"QCL","Crops and livestock products","356","India","5412","Yield","01321","Pomelos and grapefruits","1986","1986","kg/ha","14285.7","X","Value from external organization",""
"QCL","Crops and livestock products","356","India","5412","Yield","01321","Pomelos and grapefruits","1987","1987","kg/ha","14000","X","Value from external organization",""
"QCL","Crops and livestock products","356","India","5412","Yield","01321","Pomelos and grapefruits","1988","1988","kg/ha","13272.7","X","Value from external organization",""
"QCL","Crops and livestock products","356","India","5412","Yield","01321","Pomelos and grapefruits","1989","1989","kg/ha","15000","X","Value from external organization",""
"QCL","Crops and livestock products","356","India","5412","Yield","01321","Pomelos and grapefruits","1990","1990","kg/ha","15094.3","E","Estimated value",""
"QCL","Crops and livestock products","356","India","5412","Yield","01321","Pomelos and grapefruits","1991","1991","kg/ha","14893.6","E","Estimated value",""
"QCL","Crops and livestock products","356","India","5412","Yield","01321","Pomelos and grapefruits","1992","1992","kg/ha","12931","E","Estimated value",""
"QCL","Crops and livestock products","356","India","5412","Yield","01321","Pomelos and grapefruits","1993","1993","kg/ha","13978.5","E","Estimated value",""
"QCL","Crops and livestock products","356","India","5412","Yield","01321","Pomelos and grapefruits","1994","1994","kg/ha","15000","E","Estimated value",""
"QCL","Crops and livestock products","356","India","5412","Yield","01321","Pomelos and grapefruits","1995","1995","kg/ha","15901","E","Estimated value",""
"QCL","Crops and livestock products","356","India","5412","Yield","01321","Pomelos and grapefruits","1996","1996","kg/ha","16935.5","E","Estimated value",""
"QCL","Crops and livestock products","356","India","5412","Yield","01321","Pomelos and grapefruits","1997","1997","kg/ha","17741.5","E","Estimated value",""
"QCL","Crops and livestock products","356","India","5412","Yield","01321","Pomelos and grapefruits","1998","1998","kg/ha","18727","E","Estimated value",""
"QCL","Crops and livestock products","356","India","5412","Yield","01321","Pomelos and grapefruits","1999","1999","kg/ha","20000","X","Value from external organization",""
"QCL","Crops and livestock products","356","India","5412","Yield","01321","Pomelos and grapefruits","2000","2000","kg/ha","20378.3","E","Estimated value",""
"QCL","Crops and livestock products","356","India","5412","Yield","01321","Pomelos and grapefruits","2001","2001","kg/ha","20918.3","E","Estimated value",""
"QCL","Crops and livestock products","356","India","5412","Yield","01321","Pomelos and grapefruits","2002","2002","kg/ha","21538.5","E","Estimated value",""
"QCL","Crops and livestock products","356","India","5412","Yield","01321","Pomelos and grapefruits","2003","2003","kg/ha","21716.9","E","Estimated value",""
"QCL","Crops and livestock products","356","India","5412","Yield","01321","Pomelos and grapefruits","2004","2004","kg/ha","21969.7","E","Estimated value",""
"QCL","Crops and livestock products","356","India","5412","Yield","01321","Pomelos and grapefruits","2005","2005","kg/ha","22089.6","E","Estimated value",""
"QCL","Crops and livestock products","356","India","5412","Yield","01321","Pomelos and grapefruits","2006","2006","kg/ha","21944.4","E","Estimated value",""
"QCL","Crops and livestock products","356","India","5412","Yield","01321","Pomelos and grapefruits","2007","2007","kg/ha","21975.3","E","Estimated value",""
"QCL","Crops and livestock products","356","India","5412","Yield","01321","Pomelos and grapefruits","2008","2008","kg/ha","23529.4","E","Estimated value",""
"QCL","Crops and livestock products","356","India","5412","Yield","01321","Pomelos and grapefruits","2009","2009","kg/ha","24000","E","Estimated value",""
"QCL","Crops and livestock products","356","India","5412","Yield","01321","Pomelos and grapefruits","2010","2010","kg/ha","23703.8","E","Estimated value",""
"QCL","Crops and livestock products","356","India","5412","Yield","01321","Pomelos and grapefruits","2011","2011","kg/ha","23614.3","E","Estimated value",""
"QCL","Crops and livestock products","356","India","5412","Yield","01321","Pomelos and grapefruits","2012","2012","kg/ha","23486.4","E","Estimated value",""
"QCL","Crops and livestock products","356","India","5412","Yield","01321","Pomelos and grapefruits","2013","2013","kg/ha","23379","E","Estimated value",""
"QCL","Crops and livestock products","356","India","5412","Yield","01321","Pomelos and grapefruits","2014","2014","kg/ha","23359.8","E","Estimated value",""
"QCL","Crops and livestock products","356","India","5412","Yield","01321","Pomelos and grapefruits","2015","2015","kg/ha","23053.1","E","Estimated value",""
"QCL","Crops and livestock products","356","India","5412","Yield","01321","Pomelos and grapefruits","2016","2016","kg/ha","23999.8","E","Estimated value",""
"QCL","Crops and livestock products","356","India","5412","Yield","01510","Potatoes","1961","1961","kg/ha","7250.7","A","Official value",""
"QCL","Crops and livestock products","356","India","5412","Yield","01510","Potatoes","1962","1962","kg/ha","6704.1","A","Official value",""
"QCL","Crops and livestock products","356","India","5412","Yield","01510","Potatoes","1963","1963","kg/ha","8147.7","A","Official value",""
"QCL","Crops and livestock products","356","India","5412","Yield","01510","Potatoes","1964","1964","kg/ha","6248.2","A","Official value",""
"QCL","Crops and livestock products","356","India","5412","Yield","01510","Potatoes","1965","1965","kg/ha","8403.3","A","Official value",""
"QCL","Crops and livestock products","356","India","5412","Yield","01510","Potatoes","1966","1966","kg/ha","8509.4","A","Official value",""
"QCL","Crops and livestock products","356","India","5412","Yield","01510","Potatoes","1967","1967","kg/ha","7440.3","A","Official value",""
"QCL","Crops and livestock products","356","India","5412","Yield","01510","Potatoes","1968","1968","kg/ha","8441","A","Official value",""
"QCL","Crops and livestock products","356","India","5412","Yield","01510","Potatoes","1969","1969","kg/ha","9011.3","A","Official value",""
"QCL","Crops and livestock products","356","India","5412","Yield","01510","Potatoes","1970","1970","kg/ha","7888.3","A","Official value",""
"QCL","Crops and livestock products","356","India","5412","Yield","01510","Potatoes","1971","1971","kg/ha","9975.5","A","Official value",""
"QCL","Crops and livestock products","356","India","5412","Yield","01510","Potatoes","1972","1972","kg/ha","9809.9","A","Official value",""
"QCL","Crops and livestock products","356","India","5412","Yield","01510","Potatoes","1973","1973","kg/ha","8820.8","A","Official value",""
"QCL","Crops and livestock products","356","India","5412","Yield","01510","Potatoes","1974","1974","kg/ha","8945.7","A","Official value",""
"QCL","Crops and livestock products","356","India","5412","Yield","01510","Potatoes","1975","1975","kg/ha","10598.2","A","Official value",""
"QCL","Crops and livestock products","356","India","5412","Yield","01510","Potatoes","1976","1976","kg/ha","11738.4","A","Official value",""
"QCL","Crops and livestock products","356","India","5412","Yield","01510","Potatoes","1977","1977","kg/ha","11573.1","A","Official value",""
"QCL","Crops and livestock products","356","India","5412","Yield","01510","Potatoes","1978","1978","kg/ha","12228.2","A","Official value",""
"QCL","Crops and livestock products","356","India","5412","Yield","01510","Potatoes","1979","1979","kg/ha","12554.8","A","Official value",""
"QCL","Crops and livestock products","356","India","5412","Yield","01510","Potatoes","1980","1980","kg/ha","12152.1","A","Official value",""
"QCL","Crops and livestock products","356","India","5412","Yield","01510","Potatoes","1981","1981","kg/ha","13210.4","A","Official value",""
"QCL","Crops and livestock products","356","India","5412","Yield","01510","Potatoes","1982","1982","kg/ha","12995.7","A","Official value",""
"QCL","Crops and livestock products","356","India","5412","Yield","01510","Potatoes","1983","1983","kg/ha","13545.6","A","Official value",""
"QCL","Crops and livestock products","356","India","5412","Yield","01510","Potatoes","1984","1984","kg/ha","15298.8","A","Official value",""
"QCL","Crops and livestock products","356","India","5412","Yield","01510","Potatoes","1985","1985","kg/ha","14806.4","A","Official value",""
"QCL","Crops and livestock products","356","India","5412","Yield","01510","Potatoes","1986","1986","kg/ha","12363.9","A","Official value",""
"QCL","Crops and livestock products","356","India","5412","Yield","01510","Potatoes","1987","1987","kg/ha","15322.1","A","Official value",""
"QCL","Crops and livestock products","356","India","5412","Yield","01510","Potatoes","1988","1988","kg/ha","15869.4","A","Official value",""
"QCL","Crops and livestock products","356","India","5412","Yield","01510","Potatoes","1989","1989","kg/ha","15929","A","Official value",""
"QCL","Crops and livestock products","356","India","5412","Yield","01510","Potatoes","1990","1990","kg/ha","15713.6","A","Official value",""
"QCL","Crops and livestock products","356","India","5412","Yield","01510","Potatoes","1991","1991","kg/ha","16254","A","Official value",""
"QCL","Crops and livestock products","356","India","5412","Yield","01510","Potatoes","1992","1992","kg/ha","16029.4","A","Official value",""
"QCL","Crops and livestock products","356","India","5412","Yield","01510","Potatoes","1993","1993","kg/ha","14902.4","A","Official value",""
"QCL","Crops and livestock products","356","India","5412","Yield","01510","Potatoes","1994","1994","kg/ha","16610.1","A","Official value",""
"QCL","Crops and livestock products","356","India","5412","Yield","01510","Potatoes","1995","1995","kg/ha","16272","A","Official value",""
"QCL","Crops and livestock products","356","India","5412","Yield","01510","Potatoes","1996","1996","kg/ha","16991.3","A","Official value",""
"QCL","Crops and livestock products","356","India","5412","Yield","01510","Potatoes","1997","1997","kg/ha","19391.3","A","Official value",""
"QCL","Crops and livestock products","356","India","5412","Yield","01510","Potatoes","1998","1998","kg/ha","14602","A","Official value",""
"QCL","Crops and livestock products","356","India","5412","Yield","01510","Potatoes","1999","1999","kg/ha","17571.2","A","Official value",""
"QCL","Crops and livestock products","356","India","5412","Yield","01510","Potatoes","2000","2000","kg/ha","18644.3","A","Official value",""
"QCL","Crops and livestock products","356","India","5412","Yield","01510","Potatoes","2001","2001","kg/ha","18362.7","A","Official value",""
"QCL","Crops and livestock products","356","India","5412","Yield","01510","Potatoes","2002","2002","kg/ha","19417.3","A","Official value",""
"QCL","Crops and livestock products","356","India","5412","Yield","01510","Potatoes","2003","2003","kg/ha","17320.8","A","Official value",""
"QCL","Crops and livestock products","356","India","5412","Yield","01510","Potatoes","2004","2004","kg/ha","18809.1","A","Official value",""
"QCL","Crops and livestock products","356","India","5412","Yield","01510","Potatoes","2005","2005","kg/ha","18890.8","A","Official value",""
"QCL","Crops and livestock products","356","India","5412","Yield","01510","Potatoes","2006","2006","kg/ha","18592","A","Official value",""
"QCL","Crops and livestock products","356","India","5412","Yield","01510","Potatoes","2007","2007","kg/ha","16410.1","A","Official value",""
"QCL","Crops and livestock products","356","India","5412","Yield","01510","Potatoes","2008","2008","kg/ha","19297.3","A","Official value",""
"QCL","Crops and livestock products","356","India","5412","Yield","01510","Potatoes","2009","2009","kg/ha","18810.3","A","Official value",""
"QCL","Crops and livestock products","356","India","5412","Yield","01510","Potatoes","2010","2010","kg/ha","19929.9","A","Official value",""
"QCL","Crops and livestock products","356","India","5412","Yield","01510","Potatoes","2011","2011","kg/ha","22724","A","Official value",""
"QCL","Crops and livestock products","356","India","5412","Yield","01510","Potatoes","2012","2012","kg/ha","21753","A","Official value",""
"QCL","Crops and livestock products","356","India","5412","Yield","01510","Potatoes","2013","2013","kg/ha","22760.6","A","Official value",""
"QCL","Crops and livestock products","356","India","5412","Yield","01510","Potatoes","2014","2014","kg/ha","22922.4","A","Official value",""
"QCL","Crops and livestock products","356","India","5412","Yield","01510","Potatoes","2015","2015","kg/ha","23125.7","A","Official value",""
"QCL","Crops and livestock products","356","India","5412","Yield","01510","Potatoes","2016","2016","kg/ha","20508.7","A","Official value",""
"QCL","Crops and livestock products","356","India","5412","Yield","01510","Potatoes","2017","2017","kg/ha","22306.1","A","Official value",""
"QCL","Crops and livestock products","356","India","5412","Yield","01510","Potatoes","2018","2018","kg/ha","23954.2","A","Official value",""
"QCL","Crops and livestock products","356","India","5412","Yield","01510","Potatoes","2019","2019","kg/ha","23097.1","A","Official value",""
"QCL","Crops and livestock products","356","India","5412","Yield","01510","Potatoes","2020","2020","kg/ha","23677.2","A","Official value",""
"QCL","Crops and livestock products","356","India","5412","Yield","01510","Potatoes","2021","2021","kg/ha","24123.7","A","Official value",""
"QCL","Crops and livestock products","356","India","5412","Yield","01510","Potatoes","2022","2022","kg/ha","25236.3","A","Official value",""
"QCL","Crops and livestock products","356","India","5412","Yield","01510","Potatoes","2023","2023","kg/ha","25789.9","A","Official value",""
"QCL","Crops and livestock products","356","India","5412","Yield","01510","Potatoes","2024","2024","kg/ha","24568.4","A","Official value",""
"QCL","Crops and livestock products","356","India","5412","Yield","01235","Pumpkins, squash and gourds","1961","1961","kg/ha","6520","E","Estimated value",""
"QCL","Crops and livestock products","356","India","5412","Yield","01235","Pumpkins, squash and gourds","1962","1962","kg/ha","6541.4","E","Estimated value",""
"QCL","Crops and livestock products","356","India","5412","Yield","01235","Pumpkins, squash and gourds","1963","1963","kg/ha","6714.3","E","Estimated value",""
"QCL","Crops and livestock products","356","India","5412","Yield","01235","Pumpkins, squash and gourds","1964","1964","kg/ha","6700.7","E","Estimated value",""
"QCL","Crops and livestock products","356","India","5412","Yield","01235","Pumpkins, squash and gourds","1965","1965","kg/ha","6666.7","E","Estimated value",""
"QCL","Crops and livestock products","356","India","5412","Yield","01235","Pumpkins, squash and gourds","1966","1966","kg/ha","7000","E","Estimated value",""
"QCL","Crops and livestock products","356","India","5412","Yield","01235","Pumpkins, squash and gourds","1967","1967","kg/ha","6941.2","E","Estimated value",""
"QCL","Crops and livestock products","356","India","5412","Yield","01235","Pumpkins, squash and gourds","1968","1968","kg/ha","6971.4","E","Estimated value",""
"QCL","Crops and livestock products","356","India","5412","Yield","01235","Pumpkins, squash and gourds","1969","1969","kg/ha","6944.4","E","Estimated value",""
"QCL","Crops and livestock products","356","India","5412","Yield","01235","Pumpkins, squash and gourds","1970","1970","kg/ha","7267.8","E","Estimated value",""
"QCL","Crops and livestock products","356","India","5412","Yield","01235","Pumpkins, squash and gourds","1971","1971","kg/ha","7263.2","E","Estimated value",""
"QCL","Crops and livestock products","356","India","5412","Yield","01235","Pumpkins, squash and gourds","1972","1972","kg/ha","7200","E","Estimated value",""
"QCL","Crops and livestock products","356","India","5412","Yield","01235","Pumpkins, squash and gourds","1973","1973","kg/ha","7195.1","E","Estimated value",""
"QCL","Crops and livestock products","356","India","5412","Yield","01235","Pumpkins, squash and gourds","1974","1974","kg/ha","7381","E","Estimated value",""
"QCL","Crops and livestock products","356","India","5412","Yield","01235","Pumpkins, squash and gourds","1975","1975","kg/ha","7441.9","E","Estimated value",""
"QCL","Crops and livestock products","356","India","5412","Yield","01235","Pumpkins, squash and gourds","1976","1976","kg/ha","7500","E","Estimated value",""
"QCL","Crops and livestock products","356","India","5412","Yield","01235","Pumpkins, squash and gourds","1977","1977","kg/ha","7511.1","E","Estimated value",""
"QCL","Crops and livestock products","356","India","5412","Yield","01235","Pumpkins, squash and gourds","1978","1978","kg/ha","7758.6","E","Estimated value",""
"QCL","Crops and livestock products","356","India","5412","Yield","01235","Pumpkins, squash and gourds","1979","1979","kg/ha","7949.8","E","Estimated value",""
"QCL","Crops and livestock products","356","India","5412","Yield","01235","Pumpkins, squash and gourds","1980","1980","kg/ha","8000","E","Estimated value",""
"QCL","Crops and livestock products","356","India","5412","Yield","01235","Pumpkins, squash and gourds","1981","1981","kg/ha","8400","E","Estimated value",""
"QCL","Crops and livestock products","356","India","5412","Yield","01235","Pumpkins, squash and gourds","1982","1982","kg/ha","8384.6","E","Estimated value",""
"QCL","Crops and livestock products","356","India","5412","Yield","01235","Pumpkins, squash and gourds","1983","1983","kg/ha","8490.6","E","Estimated value",""
"QCL","Crops and livestock products","356","India","5412","Yield","01235","Pumpkins, squash and gourds","1984","1984","kg/ha","8888.9","E","Estimated value",""
"QCL","Crops and livestock products","356","India","5412","Yield","01235","Pumpkins, squash and gourds","1985","1985","kg/ha","9172.7","E","Estimated value",""
"QCL","Crops and livestock products","356","India","5412","Yield","01235","Pumpkins, squash and gourds","1986","1986","kg/ha","9293.3","E","Estimated value",""
"QCL","Crops and livestock products","356","India","5412","Yield","01235","Pumpkins, squash and gourds","1987","1987","kg/ha","9388.1","E","Estimated value",""
"QCL","Crops and livestock products","356","India","5412","Yield","01235","Pumpkins, squash and gourds","1988","1988","kg/ha","9655.2","E","Estimated value",""
"QCL","Crops and livestock products","356","India","5412","Yield","01235","Pumpkins, squash and gourds","1989","1989","kg/ha","9500","E","Estimated value",""
"QCL","Crops and livestock products","356","India","5412","Yield","01235","Pumpkins, squash and gourds","1990","1990","kg/ha","9346.4","E","Estimated value",""
"QCL","Crops and livestock products","356","India","5412","Yield","01235","Pumpkins, squash and gourds","1991","1991","kg/ha","9522.7","X","Value from external organization",""
"QCL","Crops and livestock products","356","India","5412","Yield","01235","Pumpkins, squash and gourds","1992","1992","kg/ha","10166.4","E","Estimated value",""
"QCL","Crops and livestock products","356","India","5412","Yield","01235","Pumpkins, squash and gourds","1993","1993","kg/ha","10445.7","E","Estimated value",""
"QCL","Crops and livestock products","356","India","5412","Yield","01235","Pumpkins, squash and gourds","1994","1994","kg/ha","10649.5","E","Estimated value",""
"QCL","Crops and livestock products","356","India","5412","Yield","01235","Pumpkins, squash and gourds","1995","1995","kg/ha","10822.2","E","Estimated value",""
"QCL","Crops and livestock products","356","India","5412","Yield","01235","Pumpkins, squash and gourds","1996","1996","kg/ha","10984","E","Estimated value",""
"QCL","Crops and livestock products","356","India","5412","Yield","01235","Pumpkins, squash and gourds","1997","1997","kg/ha","11142.5","E","Estimated value",""
"QCL","Crops and livestock products","356","India","5412","Yield","01235","Pumpkins, squash and gourds","1998","1998","kg/ha","11300.1","E","Estimated value",""
"QCL","Crops and livestock products","356","India","5412","Yield","01235","Pumpkins, squash and gourds","1999","1999","kg/ha","11457.7","E","Estimated value",""
"QCL","Crops and livestock products","356","India","5412","Yield","01235","Pumpkins, squash and gourds","2000","2000","kg/ha","11615.7","E","Estimated value",""
"QCL","Crops and livestock products","356","India","5412","Yield","01235","Pumpkins, squash and gourds","2001","2001","kg/ha","11774.1","E","Estimated value",""
"QCL","Crops and livestock products","356","India","5412","Yield","01235","Pumpkins, squash and gourds","2002","2002","kg/ha","12068.6","E","Estimated value",""
"QCL","Crops and livestock products","356","India","5412","Yield","01235","Pumpkins, squash and gourds","2003","2003","kg/ha","12363.5","E","Estimated value",""
"QCL","Crops and livestock products","356","India","5412","Yield","01235","Pumpkins, squash and gourds","2004","2004","kg/ha","12659","E","Estimated value",""
"QCL","Crops and livestock products","356","India","5412","Yield","01235","Pumpkins, squash and gourds","2005","2005","kg/ha","12955","E","Estimated value",""
"QCL","Crops and livestock products","356","India","5412","Yield","01235","Pumpkins, squash and gourds","2006","2006","kg/ha","13251.5","E","Estimated value",""
"QCL","Crops and livestock products","356","India","5412","Yield","01235","Pumpkins, squash and gourds","2007","2007","kg/ha","13548.6","E","Estimated value",""
"QCL","Crops and livestock products","356","India","5412","Yield","01235","Pumpkins, squash and gourds","2008","2008","kg/ha","13846.2","E","Estimated value",""
"QCL","Crops and livestock products","356","India","5412","Yield","01235","Pumpkins, squash and gourds","2009","2009","kg/ha","14144.3","E","Estimated value",""
"QCL","Crops and livestock products","356","India","5412","Yield","01235","Pumpkins, squash and gourds","2010","2010","kg/ha","14443","E","Estimated value",""
"QCL","Crops and livestock products","356","India","5412","Yield","01235","Pumpkins, squash and gourds","2011","2011","kg/ha","15175.7","A","Official value",""
"QCL","Crops and livestock products","356","India","5412","Yield","01235","Pumpkins, squash and gourds","2012","2012","kg/ha","16207.3","A","Official value",""
"QCL","Crops and livestock products","356","India","5412","Yield","01235","Pumpkins, squash and gourds","2013","2013","kg/ha","15976.5","A","Official value",""
"QCL","Crops and livestock products","356","India","5412","Yield","01235","Pumpkins, squash and gourds","2014","2014","kg/ha","14934.9","A","Official value",""
"QCL","Crops and livestock products","356","India","5412","Yield","01235","Pumpkins, squash and gourds","2015","2015","kg/ha","16195.2","A","Official value",""
"QCL","Crops and livestock products","356","India","5412","Yield","01235","Pumpkins, squash and gourds","2016","2016","kg/ha","16080","A","Official value",""
"QCL","Crops and livestock products","356","India","5412","Yield","01235","Pumpkins, squash and gourds","2017","2017","kg/ha","16165.8","A","Official value",""
"QCL","Crops and livestock products","356","India","5412","Yield","01235","Pumpkins, squash and gourds","2018","2018","kg/ha","16576.3","A","Official value",""
"QCL","Crops and livestock products","356","India","5412","Yield","01235","Pumpkins, squash and gourds","2019","2019","kg/ha","16121.9","A","Official value",""
"QCL","Crops and livestock products","356","India","5412","Yield","01235","Pumpkins, squash and gourds","2020","2020","kg/ha","15912.9","A","Official value",""
"QCL","Crops and livestock products","356","India","5412","Yield","01235","Pumpkins, squash and gourds","2021","2021","kg/ha","15845.1","A","Official value",""
"QCL","Crops and livestock products","356","India","5412","Yield","01235","Pumpkins, squash and gourds","2022","2022","kg/ha","15536.8","A","Official value",""
"QCL","Crops and livestock products","356","India","5412","Yield","01235","Pumpkins, squash and gourds","2023","2023","kg/ha","16220.6","A","Official value",""
"QCL","Crops and livestock products","356","India","5412","Yield","01235","Pumpkins, squash and gourds","2024","2024","kg/ha","16645.7","A","Official value",""
"QCL","Crops and livestock products","356","India","5412","Yield","01443","Rape or colza seed","1961","1961","kg/ha","467.2","A","Official value",""
"QCL","Crops and livestock products","356","India","5412","Yield","01443","Rape or colza seed","1962","1962","kg/ha","424.9","A","Official value",""
"QCL","Crops and livestock products","356","India","5412","Yield","01443","Rape or colza seed","1963","1963","kg/ha","416.7","A","Official value",""
"QCL","Crops and livestock products","356","India","5412","Yield","01443","Rape or colza seed","1964","1964","kg/ha","300.4","A","Official value",""
"QCL","Crops and livestock products","356","India","5412","Yield","01443","Rape or colza seed","1965","1965","kg/ha","506.5","A","Official value",""
"QCL","Crops and livestock products","356","India","5412","Yield","01443","Rape or colza seed","1966","1966","kg/ha","445.6","A","Official value",""
"QCL","Crops and livestock products","356","India","5412","Yield","01443","Rape or colza seed","1967","1967","kg/ha","408.5","A","Official value",""
"QCL","Crops and livestock products","356","India","5412","Yield","01443","Rape or colza seed","1968","1968","kg/ha","483.3","A","Official value",""
"QCL","Crops and livestock products","356","India","5412","Yield","01443","Rape or colza seed","1969","1969","kg/ha","469.2","A","Official value",""
"QCL","Crops and livestock products","356","India","5412","Yield","01443","Rape or colza seed","1970","1970","kg/ha","492.8","A","Official value",""
"QCL","Crops and livestock products","356","India","5412","Yield","01443","Rape or colza seed","1971","1971","kg/ha","594.4","A","Official value",""
"QCL","Crops and livestock products","356","India","5412","Yield","01443","Rape or colza seed","1972","1972","kg/ha","396.5","A","Official value",""
"QCL","Crops and livestock products","356","India","5412","Yield","01443","Rape or colza seed","1973","1973","kg/ha","544.7","A","Official value",""
"QCL","Crops and livestock products","356","India","5412","Yield","01443","Rape or colza seed","1974","1974","kg/ha","493.1","A","Official value",""
"QCL","Crops and livestock products","356","India","5412","Yield","01443","Rape or colza seed","1975","1975","kg/ha","611.8","A","Official value",""
"QCL","Crops and livestock products","356","India","5412","Yield","01443","Rape or colza seed","1976","1976","kg/ha","579.7","A","Official value",""
"QCL","Crops and livestock products","356","India","5412","Yield","01443","Rape or colza seed","1977","1977","kg/ha","495.7","A","Official value",""
"QCL","Crops and livestock products","356","India","5412","Yield","01443","Rape or colza seed","1978","1978","kg/ha","460.3","A","Official value",""
"QCL","Crops and livestock products","356","India","5412","Yield","01443","Rape or colza seed","1979","1979","kg/ha","524.9","A","Official value",""
"QCL","Crops and livestock products","356","India","5412","Yield","01443","Rape or colza seed","1980","1980","kg/ha","411.5","A","Official value",""
"QCL","Crops and livestock products","356","India","5412","Yield","01443","Rape or colza seed","1981","1981","kg/ha","560.3","A","Official value",""
"QCL","Crops and livestock products","356","India","5412","Yield","01443","Rape or colza seed","1982","1982","kg/ha","541.3","A","Official value",""
"QCL","Crops and livestock products","356","India","5412","Yield","01443","Rape or colza seed","1983","1983","kg/ha","576.8","A","Official value",""
"QCL","Crops and livestock products","356","India","5412","Yield","01443","Rape or colza seed","1984","1984","kg/ha","673.3","A","Official value",""
"QCL","Crops and livestock products","356","India","5412","Yield","01443","Rape or colza seed","1985","1985","kg/ha","770.8","A","Official value",""
"QCL","Crops and livestock products","356","India","5412","Yield","01443","Rape or colza seed","1986","1986","kg/ha","673.7","A","Official value",""
"QCL","Crops and livestock products","356","India","5412","Yield","01443","Rape or colza seed","1987","1987","kg/ha","700.5","A","Official value",""
"QCL","Crops and livestock products","356","India","5412","Yield","01443","Rape or colza seed","1988","1988","kg/ha","747.9","A","Official value",""
"QCL","Crops and livestock products","356","India","5412","Yield","01443","Rape or colza seed","1989","1989","kg/ha","905.8","A","Official value",""
"QCL","Crops and livestock products","356","India","5412","Yield","01443","Rape or colza seed","1990","1990","kg/ha","830.5","A","Official value",""
"QCL","Crops and livestock products","356","India","5412","Yield","01443","Rape or colza seed","1991","1991","kg/ha","904.4","A","Official value",""
"QCL","Crops and livestock products","356","India","5412","Yield","01443","Rape or colza seed","1992","1992","kg/ha","894.6","A","Official value",""
"QCL","Crops and livestock products","356","India","5412","Yield","01443","Rape or colza seed","1993","1993","kg/ha","775.1","A","Official value",""
"QCL","Crops and livestock products","356","India","5412","Yield","01443","Rape or colza seed","1994","1994","kg/ha","847.1","A","Official value",""
"QCL","Crops and livestock products","356","India","5412","Yield","01443","Rape or colza seed","1995","1995","kg/ha","950.2","A","Official value",""
"QCL","Crops and livestock products","356","India","5412","Yield","01443","Rape or colza seed","1996","1996","kg/ha","916.5","A","Official value",""
"QCL","Crops and livestock products","356","India","5412","Yield","01443","Rape or colza seed","1997","1997","kg/ha","1017.2","A","Official value",""
"QCL","Crops and livestock products","356","India","5412","Yield","01443","Rape or colza seed","1998","1998","kg/ha","667.9","A","Official value",""
"QCL","Crops and livestock products","356","India","5412","Yield","01443","Rape or colza seed","1999","1999","kg/ha","869.6","A","Official value",""
"QCL","Crops and livestock products","356","India","5412","Yield","01443","Rape or colza seed","2000","2000","kg/ha","960.4","A","Official value",""
"QCL","Crops and livestock products","356","India","5412","Yield","01443","Rape or colza seed","2001","2001","kg/ha","935.3","A","Official value",""
"QCL","Crops and livestock products","356","India","5412","Yield","01443","Rape or colza seed","2002","2002","kg/ha","1001.9","A","Official value",""
"QCL","Crops and livestock products","356","India","5412","Yield","01443","Rape or colza seed","2003","2003","kg/ha","853.8","A","Official value",""
"QCL","Crops and livestock products","356","India","5412","Yield","01443","Rape or colza seed","2004","2004","kg/ha","1159","A","Official value",""
"QCL","Crops and livestock products","356","India","5412","Yield","01443","Rape or colza seed","2005","2005","kg/ha","1037.8","A","Official value",""
"QCL","Crops and livestock products","356","India","5412","Yield","01443","Rape or colza seed","2006","2006","kg/ha","1117.5","A","Official value",""
"QCL","Crops and livestock products","356","India","5412","Yield","01443","Rape or colza seed","2007","2007","kg/ha","1095.4","A","Official value",""
"QCL","Crops and livestock products","356","India","5412","Yield","01443","Rape or colza seed","2008","2008","kg/ha","1000.7","A","Official value",""
"QCL","Crops and livestock products","356","India","5412","Yield","01443","Rape or colza seed","2009","2009","kg/ha","1143.3","A","Official value",""
"QCL","Crops and livestock products","356","India","5412","Yield","01443","Rape or colza seed","2010","2010","kg/ha","1184.2","A","Official value",""
"QCL","Crops and livestock products","356","India","5412","Yield","01443","Rape or colza seed","2011","2011","kg/ha","1257.1","A","Official value",""
"QCL","Crops and livestock products","356","India","5412","Yield","01443","Rape or colza seed","2012","2012","kg/ha","1120.5","A","Official value",""
"QCL","Crops and livestock products","356","India","5412","Yield","01443","Rape or colza seed","2013","2013","kg/ha","1233.4","A","Official value",""
"QCL","Crops and livestock products","356","India","5412","Yield","01443","Rape or colza seed","2014","2014","kg/ha","1185.3","A","Official value",""
"QCL","Crops and livestock products","356","India","5412","Yield","01443","Rape or colza seed","2015","2015","kg/ha","1084.8","A","Official value",""
"QCL","Crops and livestock products","356","India","5412","Yield","01443","Rape or colza seed","2016","2016","kg/ha","1179.6","A","Official value",""
"QCL","Crops and livestock products","356","India","5412","Yield","01443","Rape or colza seed","2017","2017","kg/ha","1303.5","A","Official value",""
"QCL","Crops and livestock products","356","India","5412","Yield","01443","Rape or colza seed","2018","2018","kg/ha","1410.3","A","Official value",""
"QCL","Crops and livestock products","356","India","5412","Yield","01443","Rape or colza seed","2019","2019","kg/ha","1511.4","A","Official value",""
"QCL","Crops and livestock products","356","India","5412","Yield","01443","Rape or colza seed","2020","2020","kg/ha","1330.7","A","Official value",""
"QCL","Crops and livestock products","356","India","5412","Yield","01443","Rape or colza seed","2021","2021","kg/ha","1523.9","A","Official value",""
"QCL","Crops and livestock products","356","India","5412","Yield","01443","Rape or colza seed","2022","2022","kg/ha","1497","A","Official value",""
"QCL","Crops and livestock products","356","India","5412","Yield","01443","Rape or colza seed","2023","2023","kg/ha","1428.4","A","Official value",""
"QCL","Crops and livestock products","356","India","5412","Yield","01443","Rape or colza seed","2024","2024","kg/ha","1443.8","A","Official value",""
"QCL","Crops and livestock products","356","India","5417","Yield/Carcass Weight","02951.03","Raw hides and skins of buffaloes","1961","1961","kg/An","30","E","Estimated value",""
"QCL","Crops and livestock products","356","India","5417","Yield/Carcass Weight","02951.03","Raw hides and skins of buffaloes","1962","1962","kg/An","30","E","Estimated value",""
"QCL","Crops and livestock products","356","India","5417","Yield/Carcass Weight","02951.03","Raw hides and skins of buffaloes","1963","1963","kg/An","30","E","Estimated value",""
"QCL","Crops and livestock products","356","India","5417","Yield/Carcass Weight","02951.03","Raw hides and skins of buffaloes","1964","1964","kg/An","30","E","Estimated value",""
"QCL","Crops and livestock products","356","India","5417","Yield/Carcass Weight","02951.03","Raw hides and skins of buffaloes","1965","1965","kg/An","30","E","Estimated value",""
"QCL","Crops and livestock products","356","India","5417","Yield/Carcass Weight","02951.03","Raw hides and skins of buffaloes","1966","1966","kg/An","30","E","Estimated value",""
"QCL","Crops and livestock products","356","India","5417","Yield/Carcass Weight","02951.03","Raw hides and skins of buffaloes","1967","1967","kg/An","30","E","Estimated value",""
"QCL","Crops and livestock products","356","India","5417","Yield/Carcass Weight","02951.03","Raw hides and skins of buffaloes","1968","1968","kg/An","30","E","Estimated value",""
"QCL","Crops and livestock products","356","India","5417","Yield/Carcass Weight","02951.03","Raw hides and skins of buffaloes","1969","1969","kg/An","30","E","Estimated value",""
"QCL","Crops and livestock products","356","India","5417","Yield/Carcass Weight","02951.03","Raw hides and skins of buffaloes","1970","1970","kg/An","30","E","Estimated value",""
"QCL","Crops and livestock products","356","India","5417","Yield/Carcass Weight","02951.03","Raw hides and skins of buffaloes","1971","1971","kg/An","30","E","Estimated value",""
"QCL","Crops and livestock products","356","India","5417","Yield/Carcass Weight","02951.03","Raw hides and skins of buffaloes","1972","1972","kg/An","30","E","Estimated value",""
"QCL","Crops and livestock products","356","India","5417","Yield/Carcass Weight","02951.03","Raw hides and skins of buffaloes","1973","1973","kg/An","30","E","Estimated value",""
"QCL","Crops and livestock products","356","India","5417","Yield/Carcass Weight","02951.03","Raw hides and skins of buffaloes","1974","1974","kg/An","30","E","Estimated value",""
"QCL","Crops and livestock products","356","India","5417","Yield/Carcass Weight","02951.03","Raw hides and skins of buffaloes","1975","1975","kg/An","30","E","Estimated value",""
"QCL","Crops and livestock products","356","India","5417","Yield/Carcass Weight","02951.03","Raw hides and skins of buffaloes","1976","1976","kg/An","30","E","Estimated value",""
"QCL","Crops and livestock products","356","India","5417","Yield/Carcass Weight","02951.03","Raw hides and skins of buffaloes","1977","1977","kg/An","30","E","Estimated value",""
"QCL","Crops and livestock products","356","India","5417","Yield/Carcass Weight","02951.03","Raw hides and skins of buffaloes","1978","1978","kg/An","30","E","Estimated value",""
"QCL","Crops and livestock products","356","India","5417","Yield/Carcass Weight","02951.03","Raw hides and skins of buffaloes","1979","1979","kg/An","30","E","Estimated value",""
"QCL","Crops and livestock products","356","India","5417","Yield/Carcass Weight","02951.03","Raw hides and skins of buffaloes","1980","1980","kg/An","30","E","Estimated value",""
"QCL","Crops and livestock products","356","India","5417","Yield/Carcass Weight","02951.03","Raw hides and skins of buffaloes","1981","1981","kg/An","30","E","Estimated value",""
"QCL","Crops and livestock products","356","India","5417","Yield/Carcass Weight","02951.03","Raw hides and skins of buffaloes","1982","1982","kg/An","30","E","Estimated value",""
"QCL","Crops and livestock products","356","India","5417","Yield/Carcass Weight","02951.03","Raw hides and skins of buffaloes","1983","1983","kg/An","30","E","Estimated value",""
"QCL","Crops and livestock products","356","India","5417","Yield/Carcass Weight","02951.03","Raw hides and skins of buffaloes","1984","1984","kg/An","30","E","Estimated value",""
"QCL","Crops and livestock products","356","India","5417","Yield/Carcass Weight","02951.03","Raw hides and skins of buffaloes","1985","1985","kg/An","30","E","Estimated value",""
"QCL","Crops and livestock products","356","India","5417","Yield/Carcass Weight","02951.03","Raw hides and skins of buffaloes","1986","1986","kg/An","30","E","Estimated value",""
"QCL","Crops and livestock products","356","India","5417","Yield/Carcass Weight","02951.03","Raw hides and skins of buffaloes","1987","1987","kg/An","30","E","Estimated value",""
"QCL","Crops and livestock products","356","India","5417","Yield/Carcass Weight","02951.03","Raw hides and skins of buffaloes","1988","1988","kg/An","30","E","Estimated value",""
"QCL","Crops and livestock products","356","India","5417","Yield/Carcass Weight","02951.03","Raw hides and skins of buffaloes","1989","1989","kg/An","30","E","Estimated value",""
"QCL","Crops and livestock products","356","India","5417","Yield/Carcass Weight","02951.03","Raw hides and skins of buffaloes","1990","1990","kg/An","30","E","Estimated value",""
"QCL","Crops and livestock products","356","India","5417","Yield/Carcass Weight","02951.03","Raw hides and skins of buffaloes","1991","1991","kg/An","40","E","Estimated value",""
"QCL","Crops and livestock products","356","India","5417","Yield/Carcass Weight","02951.03","Raw hides and skins of buffaloes","1992","1992","kg/An","37","E","Estimated value",""
"QCL","Crops and livestock products","356","India","5417","Yield/Carcass Weight","02951.03","Raw hides and skins of buffaloes","1993","1993","kg/An","25","E","Estimated value",""
"QCL","Crops and livestock products","356","India","5417","Yield/Carcass Weight","02951.03","Raw hides and skins of buffaloes","1994","1994","kg/An","27","E","Estimated value",""
"QCL","Crops and livestock products","356","India","5417","Yield/Carcass Weight","02951.03","Raw hides and skins of buffaloes","1995","1995","kg/An","29","E","Estimated value",""
"QCL","Crops and livestock products","356","India","5417","Yield/Carcass Weight","02951.03","Raw hides and skins of buffaloes","1996","1996","kg/An","23","E","Estimated value",""
"QCL","Crops and livestock products","356","India","5417","Yield/Carcass Weight","02951.03","Raw hides and skins of buffaloes","1997","1997","kg/An","28","E","Estimated value",""
"QCL","Crops and livestock products","356","India","5417","Yield/Carcass Weight","02951.03","Raw hides and skins of buffaloes","1998","1998","kg/An","34","E","Estimated value",""
"QCL","Crops and livestock products","356","India","5417","Yield/Carcass Weight","02951.03","Raw hides and skins of buffaloes","1999","1999","kg/An","36","E","Estimated value",""
"QCL","Crops and livestock products","356","India","5417","Yield/Carcass Weight","02951.03","Raw hides and skins of buffaloes","2000","2000","kg/An","37","E","Estimated value",""
"QCL","Crops and livestock products","356","India","5417","Yield/Carcass Weight","02951.03","Raw hides and skins of buffaloes","2001","2001","kg/An","39","E","Estimated value",""
"QCL","Crops and livestock products","356","India","5417","Yield/Carcass Weight","02951.03","Raw hides and skins of buffaloes","2002","2002","kg/An","43","E","Estimated value",""
"QCL","Crops and livestock products","356","India","5417","Yield/Carcass Weight","02951.03","Raw hides and skins of buffaloes","2003","2003","kg/An","45","E","Estimated value",""
"QCL","Crops and livestock products","356","India","5417","Yield/Carcass Weight","02951.03","Raw hides and skins of buffaloes","2004","2004","kg/An","49","E","Estimated value",""
"QCL","Crops and livestock products","356","India","5417","Yield/Carcass Weight","02951.03","Raw hides and skins of buffaloes","2005","2005","kg/An","50","E","Estimated value",""
"QCL","Crops and livestock products","356","India","5417","Yield/Carcass Weight","02951.03","Raw hides and skins of buffaloes","2006","2006","kg/An","54","E","Estimated value",""
"QCL","Crops and livestock products","356","India","5417","Yield/Carcass Weight","02951.03","Raw hides and skins of buffaloes","2007","2007","kg/An","54","E","Estimated value",""
"QCL","Crops and livestock products","356","India","5417","Yield/Carcass Weight","02951.03","Raw hides and skins of buffaloes","2008","2008","kg/An","57","E","Estimated value",""
"QCL","Crops and livestock products","356","India","5417","Yield/Carcass Weight","02951.03","Raw hides and skins of buffaloes","2009","2009","kg/An","61","E","Estimated value",""
"QCL","Crops and livestock products","356","India","5417","Yield/Carcass Weight","02951.03","Raw hides and skins of buffaloes","2010","2010","kg/An","62","E","Estimated value",""
"QCL","Crops and livestock products","356","India","5417","Yield/Carcass Weight","02951.03","Raw hides and skins of buffaloes","2011","2011","kg/An","65","E","Estimated value",""
"QCL","Crops and livestock products","356","India","5417","Yield/Carcass Weight","02951.03","Raw hides and skins of buffaloes","2012","2012","kg/An","68","E","Estimated value",""
"QCL","Crops and livestock products","356","India","5417","Yield/Carcass Weight","02951.03","Raw hides and skins of buffaloes","2013","2013","kg/An","73","E","Estimated value",""
"QCL","Crops and livestock products","356","India","5417","Yield/Carcass Weight","02951.03","Raw hides and skins of buffaloes","2014","2014","kg/An","76","E","Estimated value",""
"QCL","Crops and livestock products","356","India","5417","Yield/Carcass Weight","02951.03","Raw hides and skins of buffaloes","2015","2015","kg/An","79","E","Estimated value",""
"QCL","Crops and livestock products","356","India","5417","Yield/Carcass Weight","02951.03","Raw hides and skins of buffaloes","2016","2016","kg/An","80","E","Estimated value",""
"QCL","Crops and livestock products","356","India","5417","Yield/Carcass Weight","02951.03","Raw hides and skins of buffaloes","2017","2017","kg/An","82","E","Estimated value",""
"QCL","Crops and livestock products","356","India","5417","Yield/Carcass Weight","02951.03","Raw hides and skins of buffaloes","2018","2018","kg/An","78","E","Estimated value",""
"QCL","Crops and livestock products","356","India","5417","Yield/Carcass Weight","02951.03","Raw hides and skins of buffaloes","2019","2019","kg/An","80","E","Estimated value",""
"QCL","Crops and livestock products","356","India","5417","Yield/Carcass Weight","02951.03","Raw hides and skins of buffaloes","2020","2020","kg/An","72","E","Estimated value",""
"QCL","Crops and livestock products","356","India","5417","Yield/Carcass Weight","02951.03","Raw hides and skins of buffaloes","2021","2021","kg/An","79","E","Estimated value",""
"QCL","Crops and livestock products","356","India","5417","Yield/Carcass Weight","02951.03","Raw hides and skins of buffaloes","2022","2022","kg/An","81","E","Estimated value",""
"QCL","Crops and livestock products","356","India","5417","Yield/Carcass Weight","02951.03","Raw hides and skins of buffaloes","2023","2023","kg/An","83","E","Estimated value",""
"QCL","Crops and livestock products","356","India","5417","Yield/Carcass Weight","02951.03","Raw hides and skins of buffaloes","2024","2024","kg/An","84","E","Estimated value",""
"QCL","Crops and livestock products","356","India","5417","Yield/Carcass Weight","02951.01","Raw hides and skins of cattle","1961","1961","kg/An","16","E","Estimated value",""
"QCL","Crops and livestock products","356","India","5417","Yield/Carcass Weight","02951.01","Raw hides and skins of cattle","1962","1962","kg/An","16","E","Estimated value",""
"QCL","Crops and livestock products","356","India","5417","Yield/Carcass Weight","02951.01","Raw hides and skins of cattle","1963","1963","kg/An","16","E","Estimated value",""
"QCL","Crops and livestock products","356","India","5417","Yield/Carcass Weight","02951.01","Raw hides and skins of cattle","1964","1964","kg/An","16","E","Estimated value",""
"QCL","Crops and livestock products","356","India","5417","Yield/Carcass Weight","02951.01","Raw hides and skins of cattle","1965","1965","kg/An","16","E","Estimated value",""
"QCL","Crops and livestock products","356","India","5417","Yield/Carcass Weight","02951.01","Raw hides and skins of cattle","1966","1966","kg/An","16","E","Estimated value",""
"QCL","Crops and livestock products","356","India","5417","Yield/Carcass Weight","02951.01","Raw hides and skins of cattle","1967","1967","kg/An","16","E","Estimated value",""
"QCL","Crops and livestock products","356","India","5417","Yield/Carcass Weight","02951.01","Raw hides and skins of cattle","1968","1968","kg/An","16","E","Estimated value",""
"QCL","Crops and livestock products","356","India","5417","Yield/Carcass Weight","02951.01","Raw hides and skins of cattle","1969","1969","kg/An","16","E","Estimated value",""
"QCL","Crops and livestock products","356","India","5417","Yield/Carcass Weight","02951.01","Raw hides and skins of cattle","1970","1970","kg/An","16","E","Estimated value",""
"QCL","Crops and livestock products","356","India","5417","Yield/Carcass Weight","02951.01","Raw hides and skins of cattle","1971","1971","kg/An","16","E","Estimated value",""
"QCL","Crops and livestock products","356","India","5417","Yield/Carcass Weight","02951.01","Raw hides and skins of cattle","1972","1972","kg/An","16","E","Estimated value",""
"QCL","Crops and livestock products","356","India","5417","Yield/Carcass Weight","02951.01","Raw hides and skins of cattle","1973","1973","kg/An","16","E","Estimated value",""
"QCL","Crops and livestock products","356","India","5417","Yield/Carcass Weight","02951.01","Raw hides and skins of cattle","1974","1974","kg/An","16","E","Estimated value",""
"QCL","Crops and livestock products","356","India","5417","Yield/Carcass Weight","02951.01","Raw hides and skins of cattle","1975","1975","kg/An","16","E","Estimated value",""
"QCL","Crops and livestock products","356","India","5417","Yield/Carcass Weight","02951.01","Raw hides and skins of cattle","1976","1976","kg/An","16","E","Estimated value",""
"QCL","Crops and livestock products","356","India","5417","Yield/Carcass Weight","02951.01","Raw hides and skins of cattle","1977","1977","kg/An","16","E","Estimated value",""
"QCL","Crops and livestock products","356","India","5417","Yield/Carcass Weight","02951.01","Raw hides and skins of cattle","1978","1978","kg/An","17","E","Estimated value",""
"QCL","Crops and livestock products","356","India","5417","Yield/Carcass Weight","02951.01","Raw hides and skins of cattle","1979","1979","kg/An","17","E","Estimated value",""
"QCL","Crops and livestock products","356","India","5417","Yield/Carcass Weight","02951.01","Raw hides and skins of cattle","1980","1980","kg/An","17","E","Estimated value",""
"QCL","Crops and livestock products","356","India","5417","Yield/Carcass Weight","02951.01","Raw hides and skins of cattle","1981","1981","kg/An","17","E","Estimated value",""
"QCL","Crops and livestock products","356","India","5417","Yield/Carcass Weight","02951.01","Raw hides and skins of cattle","1982","1982","kg/An","17","E","Estimated value",""
"QCL","Crops and livestock products","356","India","5417","Yield/Carcass Weight","02951.01","Raw hides and skins of cattle","1983","1983","kg/An","17","E","Estimated value",""
"QCL","Crops and livestock products","356","India","5417","Yield/Carcass Weight","02951.01","Raw hides and skins of cattle","1984","1984","kg/An","17","E","Estimated value",""
"QCL","Crops and livestock products","356","India","5417","Yield/Carcass Weight","02951.01","Raw hides and skins of cattle","1985","1985","kg/An","18","E","Estimated value",""
"QCL","Crops and livestock products","356","India","5417","Yield/Carcass Weight","02951.01","Raw hides and skins of cattle","1986","1986","kg/An","18","E","Estimated value",""
"QCL","Crops and livestock products","356","India","5417","Yield/Carcass Weight","02951.01","Raw hides and skins of cattle","1987","1987","kg/An","18","E","Estimated value",""
"QCL","Crops and livestock products","356","India","5417","Yield/Carcass Weight","02951.01","Raw hides and skins of cattle","1988","1988","kg/An","18","E","Estimated value",""
"QCL","Crops and livestock products","356","India","5417","Yield/Carcass Weight","02951.01","Raw hides and skins of cattle","1989","1989","kg/An","18","E","Estimated value",""
"QCL","Crops and livestock products","356","India","5417","Yield/Carcass Weight","02951.01","Raw hides and skins of cattle","1990","1990","kg/An","20","E","Estimated value",""
"QCL","Crops and livestock products","356","India","5417","Yield/Carcass Weight","02954","Raw hides and skins of goats or kids","1961","1961","kg/An","2","E","Estimated value",""
"QCL","Crops and livestock products","356","India","5417","Yield/Carcass Weight","02954","Raw hides and skins of goats or kids","1962","1962","kg/An","2","E","Estimated value",""
"QCL","Crops and livestock products","356","India","5417","Yield/Carcass Weight","02954","Raw hides and skins of goats or kids","1963","1963","kg/An","2","E","Estimated value",""
"QCL","Crops and livestock products","356","India","5417","Yield/Carcass Weight","02954","Raw hides and skins of goats or kids","1964","1964","kg/An","2","E","Estimated value",""
"QCL","Crops and livestock products","356","India","5417","Yield/Carcass Weight","02954","Raw hides and skins of goats or kids","1965","1965","kg/An","2","E","Estimated value",""
"QCL","Crops and livestock products","356","India","5417","Yield/Carcass Weight","02954","Raw hides and skins of goats or kids","1966","1966","kg/An","2","E","Estimated value",""
"QCL","Crops and livestock products","356","India","5417","Yield/Carcass Weight","02954","Raw hides and skins of goats or kids","1967","1967","kg/An","2","E","Estimated value",""
"QCL","Crops and livestock products","356","India","5417","Yield/Carcass Weight","02954","Raw hides and skins of goats or kids","1968","1968","kg/An","2","E","Estimated value",""
"QCL","Crops and livestock products","356","India","5417","Yield/Carcass Weight","02954","Raw hides and skins of goats or kids","1969","1969","kg/An","2","E","Estimated value",""
"QCL","Crops and livestock products","356","India","5417","Yield/Carcass Weight","02954","Raw hides and skins of goats or kids","1970","1970","kg/An","2","E","Estimated value",""
"QCL","Crops and livestock products","356","India","5417","Yield/Carcass Weight","02954","Raw hides and skins of goats or kids","1971","1971","kg/An","2","E","Estimated value",""
"QCL","Crops and livestock products","356","India","5417","Yield/Carcass Weight","02954","Raw hides and skins of goats or kids","1972","1972","kg/An","2","E","Estimated value",""
"QCL","Crops and livestock products","356","India","5417","Yield/Carcass Weight","02954","Raw hides and skins of goats or kids","1973","1973","kg/An","2","E","Estimated value",""
"QCL","Crops and livestock products","356","India","5417","Yield/Carcass Weight","02954","Raw hides and skins of goats or kids","1974","1974","kg/An","2","E","Estimated value",""
"QCL","Crops and livestock products","356","India","5417","Yield/Carcass Weight","02954","Raw hides and skins of goats or kids","1975","1975","kg/An","2","E","Estimated value",""
"QCL","Crops and livestock products","356","India","5417","Yield/Carcass Weight","02954","Raw hides and skins of goats or kids","1976","1976","kg/An","2","E","Estimated value",""
"QCL","Crops and livestock products","356","India","5417","Yield/Carcass Weight","02954","Raw hides and skins of goats or kids","1977","1977","kg/An","2","E","Estimated value",""
"QCL","Crops and livestock products","356","India","5417","Yield/Carcass Weight","02954","Raw hides and skins of goats or kids","1978","1978","kg/An","2","E","Estimated value",""
"QCL","Crops and livestock products","356","India","5417","Yield/Carcass Weight","02954","Raw hides and skins of goats or kids","1979","1979","kg/An","2","E","Estimated value",""
"QCL","Crops and livestock products","356","India","5417","Yield/Carcass Weight","02954","Raw hides and skins of goats or kids","1980","1980","kg/An","2","E","Estimated value",""
"QCL","Crops and livestock products","356","India","5417","Yield/Carcass Weight","02954","Raw hides and skins of goats or kids","1981","1981","kg/An","2","E","Estimated value",""
"QCL","Crops and livestock products","356","India","5417","Yield/Carcass Weight","02954","Raw hides and skins of goats or kids","1982","1982","kg/An","2","E","Estimated value",""
"QCL","Crops and livestock products","356","India","5417","Yield/Carcass Weight","02954","Raw hides and skins of goats or kids","1983","1983","kg/An","2","E","Estimated value",""
"QCL","Crops and livestock products","356","India","5417","Yield/Carcass Weight","02954","Raw hides and skins of goats or kids","1984","1984","kg/An","2","E","Estimated value",""
"QCL","Crops and livestock products","356","India","5417","Yield/Carcass Weight","02954","Raw hides and skins of goats or kids","1985","1985","kg/An","2","E","Estimated value",""
"QCL","Crops and livestock products","356","India","5417","Yield/Carcass Weight","02954","Raw hides and skins of goats or kids","1986","1986","kg/An","2","E","Estimated value",""
"QCL","Crops and livestock products","356","India","5417","Yield/Carcass Weight","02954","Raw hides and skins of goats or kids","1987","1987","kg/An","2","E","Estimated value",""
"QCL","Crops and livestock products","356","India","5417","Yield/Carcass Weight","02954","Raw hides and skins of goats or kids","1988","1988","kg/An","2","E","Estimated value",""
"QCL","Crops and livestock products","356","India","5417","Yield/Carcass Weight","02954","Raw hides and skins of goats or kids","1989","1989","kg/An","2","E","Estimated value",""
"QCL","Crops and livestock products","356","India","5417","Yield/Carcass Weight","02954","Raw hides and skins of goats or kids","1990","1990","kg/An","2","E","Estimated value",""
"QCL","Crops and livestock products","356","India","5417","Yield/Carcass Weight","02954","Raw hides and skins of goats or kids","1991","1991","kg/An","2","E","Estimated value",""
"QCL","Crops and livestock products","356","India","5417","Yield/Carcass Weight","02954","Raw hides and skins of goats or kids","1992","1992","kg/An","2","E","Estimated value",""
"QCL","Crops and livestock products","356","India","5417","Yield/Carcass Weight","02954","Raw hides and skins of goats or kids","1993","1993","kg/An","2","E","Estimated value",""
"QCL","Crops and livestock products","356","India","5417","Yield/Carcass Weight","02954","Raw hides and skins of goats or kids","1994","1994","kg/An","2","E","Estimated value",""
"QCL","Crops and livestock products","356","India","5417","Yield/Carcass Weight","02954","Raw hides and skins of goats or kids","1995","1995","kg/An","2","E","Estimated value",""
"QCL","Crops and livestock products","356","India","5417","Yield/Carcass Weight","02954","Raw hides and skins of goats or kids","1996","1996","kg/An","2","E","Estimated value",""
"QCL","Crops and livestock products","356","India","5417","Yield/Carcass Weight","02954","Raw hides and skins of goats or kids","1997","1997","kg/An","2","E","Estimated value",""
"QCL","Crops and livestock products","356","India","5417","Yield/Carcass Weight","02954","Raw hides and skins of goats or kids","1998","1998","kg/An","2","E","Estimated value",""
"QCL","Crops and livestock products","356","India","5417","Yield/Carcass Weight","02954","Raw hides and skins of goats or kids","1999","1999","kg/An","2","E","Estimated value",""
"QCL","Crops and livestock products","356","India","5417","Yield/Carcass Weight","02954","Raw hides and skins of goats or kids","2000","2000","kg/An","2","E","Estimated value",""
"QCL","Crops and livestock products","356","India","5417","Yield/Carcass Weight","02954","Raw hides and skins of goats or kids","2001","2001","kg/An","2","E","Estimated value",""
"QCL","Crops and livestock products","356","India","5417","Yield/Carcass Weight","02954","Raw hides and skins of goats or kids","2002","2002","kg/An","2","E","Estimated value",""
"QCL","Crops and livestock products","356","India","5417","Yield/Carcass Weight","02954","Raw hides and skins of goats or kids","2003","2003","kg/An","2","E","Estimated value",""
"QCL","Crops and livestock products","356","India","5417","Yield/Carcass Weight","02954","Raw hides and skins of goats or kids","2004","2004","kg/An","2","E","Estimated value",""
"QCL","Crops and livestock products","356","India","5417","Yield/Carcass Weight","02954","Raw hides and skins of goats or kids","2005","2005","kg/An","2","E","Estimated value",""
"QCL","Crops and livestock products","356","India","5417","Yield/Carcass Weight","02954","Raw hides and skins of goats or kids","2006","2006","kg/An","2","E","Estimated value",""
"QCL","Crops and livestock products","356","India","5417","Yield/Carcass Weight","02954","Raw hides and skins of goats or kids","2007","2007","kg/An","2","E","Estimated value",""
"QCL","Crops and livestock products","356","India","5417","Yield/Carcass Weight","02954","Raw hides and skins of goats or kids","2008","2008","kg/An","2","E","Estimated value",""
"QCL","Crops and livestock products","356","India","5417","Yield/Carcass Weight","02954","Raw hides and skins of goats or kids","2009","2009","kg/An","2","E","Estimated value",""
"QCL","Crops and livestock products","356","India","5417","Yield/Carcass Weight","02954","Raw hides and skins of goats or kids","2010","2010","kg/An","2","E","Estimated value",""
"QCL","Crops and livestock products","356","India","5417","Yield/Carcass Weight","02954","Raw hides and skins of goats or kids","2011","2011","kg/An","2","E","Estimated value",""
"QCL","Crops and livestock products","356","India","5417","Yield/Carcass Weight","02954","Raw hides and skins of goats or kids","2012","2012","kg/An","2","E","Estimated value",""
"QCL","Crops and livestock products","356","India","5417","Yield/Carcass Weight","02954","Raw hides and skins of goats or kids","2013","2013","kg/An","2","E","Estimated value",""
"QCL","Crops and livestock products","356","India","5417","Yield/Carcass Weight","02954","Raw hides and skins of goats or kids","2014","2014","kg/An","2","E","Estimated value",""
"QCL","Crops and livestock products","356","India","5417","Yield/Carcass Weight","02954","Raw hides and skins of goats or kids","2015","2015","kg/An","2","E","Estimated value",""
"QCL","Crops and livestock products","356","India","5417","Yield/Carcass Weight","02954","Raw hides and skins of goats or kids","2016","2016","kg/An","2","E","Estimated value",""
"QCL","Crops and livestock products","356","India","5417","Yield/Carcass Weight","02954","Raw hides and skins of goats or kids","2017","2017","kg/An","2","E","Estimated value",""
"QCL","Crops and livestock products","356","India","5417","Yield/Carcass Weight","02954","Raw hides and skins of goats or kids","2018","2018","kg/An","2","E","Estimated value",""
"QCL","Crops and livestock products","356","India","5417","Yield/Carcass Weight","02954","Raw hides and skins of goats or kids","2019","2019","kg/An","2","E","Estimated value",""
"QCL","Crops and livestock products","356","India","5417","Yield/Carcass Weight","02954","Raw hides and skins of goats or kids","2020","2020","kg/An","2","E","Estimated value",""
"QCL","Crops and livestock products","356","India","5417","Yield/Carcass Weight","02954","Raw hides and skins of goats or kids","2021","2021","kg/An","2","E","Estimated value",""
"QCL","Crops and livestock products","356","India","5417","Yield/Carcass Weight","02954","Raw hides and skins of goats or kids","2022","2022","kg/An","2","E","Estimated value",""
"QCL","Crops and livestock products","356","India","5417","Yield/Carcass Weight","02954","Raw hides and skins of goats or kids","2023","2023","kg/An","2","E","Estimated value",""
"QCL","Crops and livestock products","356","India","5417","Yield/Carcass Weight","02954","Raw hides and skins of goats or kids","2024","2024","kg/An","2","E","Estimated value",""
"QCL","Crops and livestock products","356","India","5417","Yield/Carcass Weight","02953","Raw hides and skins of sheep or lambs","1961","1961","kg/An","2","E","Estimated value",""
"QCL","Crops and livestock products","356","India","5417","Yield/Carcass Weight","02953","Raw hides and skins of sheep or lambs","1962","1962","kg/An","2","E","Estimated value",""
"QCL","Crops and livestock products","356","India","5417","Yield/Carcass Weight","02953","Raw hides and skins of sheep or lambs","1963","1963","kg/An","2","E","Estimated value",""
"QCL","Crops and livestock products","356","India","5417","Yield/Carcass Weight","02953","Raw hides and skins of sheep or lambs","1964","1964","kg/An","2","E","Estimated value",""
"QCL","Crops and livestock products","356","India","5417","Yield/Carcass Weight","02953","Raw hides and skins of sheep or lambs","1965","1965","kg/An","2","E","Estimated value",""
"QCL","Crops and livestock products","356","India","5417","Yield/Carcass Weight","02953","Raw hides and skins of sheep or lambs","1966","1966","kg/An","2","E","Estimated value",""
"QCL","Crops and livestock products","356","India","5417","Yield/Carcass Weight","02953","Raw hides and skins of sheep or lambs","1967","1967","kg/An","2","E","Estimated value",""
"QCL","Crops and livestock products","356","India","5417","Yield/Carcass Weight","02953","Raw hides and skins of sheep or lambs","1968","1968","kg/An","2","E","Estimated value",""
"QCL","Crops and livestock products","356","India","5417","Yield/Carcass Weight","02953","Raw hides and skins of sheep or lambs","1969","1969","kg/An","2","E","Estimated value",""
"QCL","Crops and livestock products","356","India","5417","Yield/Carcass Weight","02953","Raw hides and skins of sheep or lambs","1970","1970","kg/An","2","E","Estimated value",""
"QCL","Crops and livestock products","356","India","5417","Yield/Carcass Weight","02953","Raw hides and skins of sheep or lambs","1971","1971","kg/An","2","E","Estimated value",""
"QCL","Crops and livestock products","356","India","5417","Yield/Carcass Weight","02953","Raw hides and skins of sheep or lambs","1972","1972","kg/An","2","E","Estimated value",""
"QCL","Crops and livestock products","356","India","5417","Yield/Carcass Weight","02953","Raw hides and skins of sheep or lambs","1973","1973","kg/An","2","E","Estimated value",""
"QCL","Crops and livestock products","356","India","5417","Yield/Carcass Weight","02953","Raw hides and skins of sheep or lambs","1974","1974","kg/An","2","E","Estimated value",""
"QCL","Crops and livestock products","356","India","5417","Yield/Carcass Weight","02953","Raw hides and skins of sheep or lambs","1975","1975","kg/An","2","E","Estimated value",""
"QCL","Crops and livestock products","356","India","5417","Yield/Carcass Weight","02953","Raw hides and skins of sheep or lambs","1976","1976","kg/An","2","E","Estimated value",""
"QCL","Crops and livestock products","356","India","5417","Yield/Carcass Weight","02953","Raw hides and skins of sheep or lambs","1977","1977","kg/An","2","E","Estimated value",""
"QCL","Crops and livestock products","356","India","5417","Yield/Carcass Weight","02953","Raw hides and skins of sheep or lambs","1978","1978","kg/An","2","E","Estimated value",""
"QCL","Crops and livestock products","356","India","5417","Yield/Carcass Weight","02953","Raw hides and skins of sheep or lambs","1979","1979","kg/An","2","E","Estimated value",""
"QCL","Crops and livestock products","356","India","5417","Yield/Carcass Weight","02953","Raw hides and skins of sheep or lambs","1980","1980","kg/An","2","E","Estimated value",""
"QCL","Crops and livestock products","356","India","5417","Yield/Carcass Weight","02953","Raw hides and skins of sheep or lambs","1981","1981","kg/An","2","E","Estimated value",""
"QCL","Crops and livestock products","356","India","5417","Yield/Carcass Weight","02953","Raw hides and skins of sheep or lambs","1982","1982","kg/An","2","E","Estimated value",""
"QCL","Crops and livestock products","356","India","5417","Yield/Carcass Weight","02953","Raw hides and skins of sheep or lambs","1983","1983","kg/An","2","E","Estimated value",""
"QCL","Crops and livestock products","356","India","5417","Yield/Carcass Weight","02953","Raw hides and skins of sheep or lambs","1984","1984","kg/An","2","E","Estimated value",""
"QCL","Crops and livestock products","356","India","5417","Yield/Carcass Weight","02953","Raw hides and skins of sheep or lambs","1985","1985","kg/An","2","E","Estimated value",""
"QCL","Crops and livestock products","356","India","5417","Yield/Carcass Weight","02953","Raw hides and skins of sheep or lambs","1986","1986","kg/An","2","E","Estimated value",""
"QCL","Crops and livestock products","356","India","5417","Yield/Carcass Weight","02953","Raw hides and skins of sheep or lambs","1987","1987","kg/An","2","E","Estimated value",""
"QCL","Crops and livestock products","356","India","5417","Yield/Carcass Weight","02953","Raw hides and skins of sheep or lambs","1988","1988","kg/An","2","E","Estimated value",""
"QCL","Crops and livestock products","356","India","5417","Yield/Carcass Weight","02953","Raw hides and skins of sheep or lambs","1989","1989","kg/An","2","E","Estimated value",""
"QCL","Crops and livestock products","356","India","5417","Yield/Carcass Weight","02953","Raw hides and skins of sheep or lambs","1990","1990","kg/An","2","E","Estimated value",""
"QCL","Crops and livestock products","356","India","5417","Yield/Carcass Weight","02953","Raw hides and skins of sheep or lambs","1991","1991","kg/An","2","E","Estimated value",""
"QCL","Crops and livestock products","356","India","5417","Yield/Carcass Weight","02953","Raw hides and skins of sheep or lambs","1992","1992","kg/An","2","E","Estimated value",""
"QCL","Crops and livestock products","356","India","5417","Yield/Carcass Weight","02953","Raw hides and skins of sheep or lambs","1993","1993","kg/An","2","E","Estimated value",""
"QCL","Crops and livestock products","356","India","5417","Yield/Carcass Weight","02953","Raw hides and skins of sheep or lambs","1994","1994","kg/An","2","E","Estimated value",""
"QCL","Crops and livestock products","356","India","5417","Yield/Carcass Weight","02953","Raw hides and skins of sheep or lambs","1995","1995","kg/An","2","E","Estimated value",""
"QCL","Crops and livestock products","356","India","5417","Yield/Carcass Weight","02953","Raw hides and skins of sheep or lambs","1996","1996","kg/An","2","E","Estimated value",""
"QCL","Crops and livestock products","356","India","5417","Yield/Carcass Weight","02953","Raw hides and skins of sheep or lambs","1997","1997","kg/An","2","E","Estimated value",""
"QCL","Crops and livestock products","356","India","5417","Yield/Carcass Weight","02953","Raw hides and skins of sheep or lambs","1998","1998","kg/An","2","E","Estimated value",""
"QCL","Crops and livestock products","356","India","5417","Yield/Carcass Weight","02953","Raw hides and skins of sheep or lambs","1999","1999","kg/An","2","E","Estimated value",""
"QCL","Crops and livestock products","356","India","5417","Yield/Carcass Weight","02953","Raw hides and skins of sheep or lambs","2000","2000","kg/An","2","E","Estimated value",""
"QCL","Crops and livestock products","356","India","5417","Yield/Carcass Weight","02953","Raw hides and skins of sheep or lambs","2001","2001","kg/An","2","E","Estimated value",""
"QCL","Crops and livestock products","356","India","5417","Yield/Carcass Weight","02953","Raw hides and skins of sheep or lambs","2002","2002","kg/An","2","E","Estimated value",""
"QCL","Crops and livestock products","356","India","5417","Yield/Carcass Weight","02953","Raw hides and skins of sheep or lambs","2003","2003","kg/An","2","E","Estimated value",""
"QCL","Crops and livestock products","356","India","5417","Yield/Carcass Weight","02953","Raw hides and skins of sheep or lambs","2004","2004","kg/An","2","E","Estimated value",""
"QCL","Crops and livestock products","356","India","5417","Yield/Carcass Weight","02953","Raw hides and skins of sheep or lambs","2005","2005","kg/An","2","E","Estimated value",""
"QCL","Crops and livestock products","356","India","5417","Yield/Carcass Weight","02953","Raw hides and skins of sheep or lambs","2006","2006","kg/An","2","E","Estimated value",""
"QCL","Crops and livestock products","356","India","5417","Yield/Carcass Weight","02953","Raw hides and skins of sheep or lambs","2007","2007","kg/An","2","E","Estimated value",""
"QCL","Crops and livestock products","356","India","5417","Yield/Carcass Weight","02953","Raw hides and skins of sheep or lambs","2008","2008","kg/An","2","E","Estimated value",""
"QCL","Crops and livestock products","356","India","5417","Yield/Carcass Weight","02953","Raw hides and skins of sheep or lambs","2009","2009","kg/An","2","E","Estimated value",""
"QCL","Crops and livestock products","356","India","5417","Yield/Carcass Weight","02953","Raw hides and skins of sheep or lambs","2010","2010","kg/An","2","E","Estimated value",""
"QCL","Crops and livestock products","356","India","5417","Yield/Carcass Weight","02953","Raw hides and skins of sheep or lambs","2011","2011","kg/An","2","E","Estimated value",""
"QCL","Crops and livestock products","356","India","5417","Yield/Carcass Weight","02953","Raw hides and skins of sheep or lambs","2012","2012","kg/An","2","E","Estimated value",""
"QCL","Crops and livestock products","356","India","5417","Yield/Carcass Weight","02953","Raw hides and skins of sheep or lambs","2013","2013","kg/An","2","E","Estimated value",""
"QCL","Crops and livestock products","356","India","5417","Yield/Carcass Weight","02953","Raw hides and skins of sheep or lambs","2014","2014","kg/An","2","E","Estimated value",""
"QCL","Crops and livestock products","356","India","5417","Yield/Carcass Weight","02953","Raw hides and skins of sheep or lambs","2015","2015","kg/An","2","E","Estimated value",""
"QCL","Crops and livestock products","356","India","5417","Yield/Carcass Weight","02953","Raw hides and skins of sheep or lambs","2016","2016","kg/An","2","E","Estimated value",""
"QCL","Crops and livestock products","356","India","5417","Yield/Carcass Weight","02953","Raw hides and skins of sheep or lambs","2017","2017","kg/An","2","E","Estimated value",""
"QCL","Crops and livestock products","356","India","5417","Yield/Carcass Weight","02953","Raw hides and skins of sheep or lambs","2018","2018","kg/An","2","E","Estimated value",""
"QCL","Crops and livestock products","356","India","5417","Yield/Carcass Weight","02953","Raw hides and skins of sheep or lambs","2019","2019","kg/An","2","E","Estimated value",""
"QCL","Crops and livestock products","356","India","5417","Yield/Carcass Weight","02953","Raw hides and skins of sheep or lambs","2020","2020","kg/An","2","E","Estimated value",""
"QCL","Crops and livestock products","356","India","5417","Yield/Carcass Weight","02953","Raw hides and skins of sheep or lambs","2021","2021","kg/An","2","E","Estimated value",""
"QCL","Crops and livestock products","356","India","5417","Yield/Carcass Weight","02953","Raw hides and skins of sheep or lambs","2022","2022","kg/An","2","E","Estimated value",""
"QCL","Crops and livestock products","356","India","5417","Yield/Carcass Weight","02953","Raw hides and skins of sheep or lambs","2023","2023","kg/An","2","E","Estimated value",""
"QCL","Crops and livestock products","356","India","5417","Yield/Carcass Weight","02953","Raw hides and skins of sheep or lambs","2024","2024","kg/An","2","E","Estimated value",""
"QCL","Crops and livestock products","356","India","5417","Yield/Carcass Weight","02212","Raw milk of buffalo","1961","1961","kg/An","890","A","Official value",""
"QCL","Crops and livestock products","356","India","5417","Yield/Carcass Weight","02212","Raw milk of buffalo","1962","1962","kg/An","901","E","Estimated value",""
"QCL","Crops and livestock products","356","India","5417","Yield/Carcass Weight","02212","Raw milk of buffalo","1963","1963","kg/An","913","E","Estimated value",""
"QCL","Crops and livestock products","356","India","5417","Yield/Carcass Weight","02212","Raw milk of buffalo","1964","1964","kg/An","918","E","Estimated value",""
"QCL","Crops and livestock products","356","India","5417","Yield/Carcass Weight","02212","Raw milk of buffalo","1965","1965","kg/An","918","E","Estimated value",""
"QCL","Crops and livestock products","356","India","5417","Yield/Carcass Weight","02212","Raw milk of buffalo","1966","1966","kg/An","919","A","Official value",""
"QCL","Crops and livestock products","356","India","5417","Yield/Carcass Weight","02212","Raw milk of buffalo","1967","1967","kg/An","878","E","Estimated value",""
"QCL","Crops and livestock products","356","India","5417","Yield/Carcass Weight","02212","Raw milk of buffalo","1968","1968","kg/An","897","E","Estimated value",""
"QCL","Crops and livestock products","356","India","5417","Yield/Carcass Weight","02212","Raw milk of buffalo","1969","1969","kg/An","900","E","Estimated value",""
"QCL","Crops and livestock products","356","India","5417","Yield/Carcass Weight","02212","Raw milk of buffalo","1970","1970","kg/An","847","E","Estimated value",""
"QCL","Crops and livestock products","356","India","5417","Yield/Carcass Weight","02212","Raw milk of buffalo","1971","1971","kg/An","831","E","Estimated value",""
"QCL","Crops and livestock products","356","India","5417","Yield/Carcass Weight","02212","Raw milk of buffalo","1972","1972","kg/An","832","E","Estimated value",""
"QCL","Crops and livestock products","356","India","5417","Yield/Carcass Weight","02212","Raw milk of buffalo","1973","1973","kg/An","845","E","Estimated value",""
"QCL","Crops and livestock products","356","India","5417","Yield/Carcass Weight","02212","Raw milk of buffalo","1974","1974","kg/An","887","E","Estimated value",""
"QCL","Crops and livestock products","356","India","5417","Yield/Carcass Weight","02212","Raw milk of buffalo","1975","1975","kg/An","920","E","Estimated value",""
"QCL","Crops and livestock products","356","India","5417","Yield/Carcass Weight","02212","Raw milk of buffalo","1976","1976","kg/An","927","E","Estimated value",""
"QCL","Crops and livestock products","356","India","5417","Yield/Carcass Weight","02212","Raw milk of buffalo","1977","1977","kg/An","924","E","Estimated value",""
"QCL","Crops and livestock products","356","India","5417","Yield/Carcass Weight","02212","Raw milk of buffalo","1978","1978","kg/An","997","E","Estimated value",""
"QCL","Crops and livestock products","356","India","5417","Yield/Carcass Weight","02212","Raw milk of buffalo","1979","1979","kg/An","994","E","Estimated value",""
"QCL","Crops and livestock products","356","India","5417","Yield/Carcass Weight","02212","Raw milk of buffalo","1980","1980","kg/An","964","E","Estimated value",""
"QCL","Crops and livestock products","356","India","5417","Yield/Carcass Weight","02212","Raw milk of buffalo","1981","1981","kg/An","998","E","Estimated value",""
"QCL","Crops and livestock products","356","India","5417","Yield/Carcass Weight","02212","Raw milk of buffalo","1982","1982","kg/An","1022","X","Value from external organization",""
"QCL","Crops and livestock products","356","India","5417","Yield/Carcass Weight","02212","Raw milk of buffalo","1983","1983","kg/An","1121","X","Value from external organization",""
"QCL","Crops and livestock products","356","India","5417","Yield/Carcass Weight","02212","Raw milk of buffalo","1984","1984","kg/An","1103","E","Estimated value",""
"QCL","Crops and livestock products","356","India","5417","Yield/Carcass Weight","02212","Raw milk of buffalo","1985","1985","kg/An","1120","E","Estimated value",""
"QCL","Crops and livestock products","356","India","5417","Yield/Carcass Weight","02212","Raw milk of buffalo","1986","1986","kg/An","1141","E","Estimated value",""
"QCL","Crops and livestock products","356","India","5417","Yield/Carcass Weight","02212","Raw milk of buffalo","1987","1987","kg/An","1115","E","Estimated value",""
"QCL","Crops and livestock products","356","India","5417","Yield/Carcass Weight","02212","Raw milk of buffalo","1988","1988","kg/An","1102","E","Estimated value",""
"QCL","Crops and livestock products","356","India","5417","Yield/Carcass Weight","02212","Raw milk of buffalo","1989","1989","kg/An","1102","E","Estimated value",""
"QCL","Crops and livestock products","356","India","5417","Yield/Carcass Weight","02212","Raw milk of buffalo","1990","1990","kg/An","1122","E","Estimated value",""
"QCL","Crops and livestock products","356","India","5417","Yield/Carcass Weight","02212","Raw milk of buffalo","1991","1991","kg/An","1020","E","Estimated value",""
"QCL","Crops and livestock products","356","India","5417","Yield/Carcass Weight","02212","Raw milk of buffalo","1992","1992","kg/An","1143","A","Official value",""
"QCL","Crops and livestock products","356","India","5417","Yield/Carcass Weight","02212","Raw milk of buffalo","1993","1993","kg/An","1182","E","Estimated value",""
"QCL","Crops and livestock products","356","India","5417","Yield/Carcass Weight","02212","Raw milk of buffalo","1994","1994","kg/An","1203","A","Official value",""
"QCL","Crops and livestock products","356","India","5417","Yield/Carcass Weight","02212","Raw milk of buffalo","1995","1995","kg/An","1297","A","Official value",""
"QCL","Crops and livestock products","356","India","5417","Yield/Carcass Weight","02212","Raw milk of buffalo","1996","1996","kg/An","1327","A","Official value",""
"QCL","Crops and livestock products","356","India","5417","Yield/Carcass Weight","02212","Raw milk of buffalo","1997","1997","kg/An","1362","A","Official value",""
"QCL","Crops and livestock products","356","India","5417","Yield/Carcass Weight","02212","Raw milk of buffalo","1998","1998","kg/An","1365","E","Estimated value",""
"QCL","Crops and livestock products","356","India","5417","Yield/Carcass Weight","02212","Raw milk of buffalo","1999","1999","kg/An","1450","A","Official value",""
"QCL","Crops and livestock products","356","India","5417","Yield/Carcass Weight","02212","Raw milk of buffalo","2000","2000","kg/An","1479","A","Official value",""
"QCL","Crops and livestock products","356","India","5417","Yield/Carcass Weight","02212","Raw milk of buffalo","2001","2001","kg/An","1494","A","Official value",""
"QCL","Crops and livestock products","356","India","5417","Yield/Carcass Weight","02212","Raw milk of buffalo","2002","2002","kg/An","1506","A","Official value",""
"QCL","Crops and livestock products","356","India","5417","Yield/Carcass Weight","02212","Raw milk of buffalo","2003","2003","kg/An","1548","A","Official value",""
"QCL","Crops and livestock products","356","India","5417","Yield/Carcass Weight","02212","Raw milk of buffalo","2004","2004","kg/An","1559","A","Official value",""
"QCL","Crops and livestock products","356","India","5417","Yield/Carcass Weight","02212","Raw milk of buffalo","2005","2005","kg/An","1570","A","Official value",""
"QCL","Crops and livestock products","356","India","5417","Yield/Carcass Weight","02212","Raw milk of buffalo","2006","2006","kg/An","1604","A","Official value",""
"QCL","Crops and livestock products","356","India","5417","Yield/Carcass Weight","02212","Raw milk of buffalo","2007","2007","kg/An","1613","A","Official value",""
"QCL","Crops and livestock products","356","India","5417","Yield/Carcass Weight","02212","Raw milk of buffalo","2008","2008","kg/An","1636","A","Official value",""
"QCL","Crops and livestock products","356","India","5417","Yield/Carcass Weight","02212","Raw milk of buffalo","2009","2009","kg/An","1652","A","Official value",""
"QCL","Crops and livestock products","356","India","5417","Yield/Carcass Weight","02212","Raw milk of buffalo","2010","2010","kg/An","1679","A","Official value",""
"QCL","Crops and livestock products","356","India","5417","Yield/Carcass Weight","02212","Raw milk of buffalo","2011","2011","kg/An","1711","A","Official value",""
"QCL","Crops and livestock products","356","India","5417","Yield/Carcass Weight","02212","Raw milk of buffalo","2012","2012","kg/An","1751","A","Official value",""
"QCL","Crops and livestock products","356","India","5417","Yield/Carcass Weight","02212","Raw milk of buffalo","2013","2013","kg/An","1793","A","Official value",""
"QCL","Crops and livestock products","356","India","5417","Yield/Carcass Weight","02212","Raw milk of buffalo","2014","2014","kg/An","1881","A","Official value",""
"QCL","Crops and livestock products","356","India","5417","Yield/Carcass Weight","02212","Raw milk of buffalo","2015","2015","kg/An","1856","A","Official value",""
"QCL","Crops and livestock products","356","India","5417","Yield/Carcass Weight","02212","Raw milk of buffalo","2016","2016","kg/An","1909","A","Official value",""
"QCL","Crops and livestock products","356","India","5417","Yield/Carcass Weight","02212","Raw milk of buffalo","2017","2017","kg/An","1997","A","Official value",""
"QCL","Crops and livestock products","356","India","5417","Yield/Carcass Weight","02212","Raw milk of buffalo","2018","2018","kg/An","2051","A","Official value",""
"QCL","Crops and livestock products","356","India","5417","Yield/Carcass Weight","02212","Raw milk of buffalo","2019","2019","kg/An","2099","A","Official value",""
"QCL","Crops and livestock products","356","India","5417","Yield/Carcass Weight","02212","Raw milk of buffalo","2020","2020","kg/An","2155","A","Official value",""
"QCL","Crops and livestock products","356","India","5417","Yield/Carcass Weight","02212","Raw milk of buffalo","2021","2021","kg/An","2175","A","Official value",""
"QCL","Crops and livestock products","356","India","5417","Yield/Carcass Weight","02212","Raw milk of buffalo","2022","2022","kg/An","2213","A","Official value",""
"QCL","Crops and livestock products","356","India","5417","Yield/Carcass Weight","02212","Raw milk of buffalo","2023","2023","kg/An","2167","A","Official value",""
"QCL","Crops and livestock products","356","India","5417","Yield/Carcass Weight","02212","Raw milk of buffalo","2024","2024","kg/An","2123","E","Estimated value",""
"QCL","Crops and livestock products","356","India","5417","Yield/Carcass Weight","02293","Raw milk of camel","1991","1991","kg/An","151","E","Estimated value",""
"QCL","Crops and livestock products","356","India","5417","Yield/Carcass Weight","02293","Raw milk of camel","1992","1992","kg/An","151","E","Estimated value",""
"QCL","Crops and livestock products","356","India","5417","Yield/Carcass Weight","02293","Raw milk of camel","1993","1993","kg/An","151","E","Estimated value",""
"QCL","Crops and livestock products","356","India","5417","Yield/Carcass Weight","02293","Raw milk of camel","1994","1994","kg/An","151","E","Estimated value",""
"QCL","Crops and livestock products","356","India","5417","Yield/Carcass Weight","02293","Raw milk of camel","1995","1995","kg/An","151","E","Estimated value",""
"QCL","Crops and livestock products","356","India","5417","Yield/Carcass Weight","02293","Raw milk of camel","1996","1996","kg/An","151","E","Estimated value",""
"QCL","Crops and livestock products","356","India","5417","Yield/Carcass Weight","02293","Raw milk of camel","1997","1997","kg/An","154","E","Estimated value",""
"QCL","Crops and livestock products","356","India","5417","Yield/Carcass Weight","02293","Raw milk of camel","1998","1998","kg/An","155","E","Estimated value",""
"QCL","Crops and livestock products","356","India","5417","Yield/Carcass Weight","02293","Raw milk of camel","1999","1999","kg/An","157","E","Estimated value",""
"QCL","Crops and livestock products","356","India","5417","Yield/Carcass Weight","02293","Raw milk of camel","2000","2000","kg/An","158","E","Estimated value",""
"QCL","Crops and livestock products","356","India","5417","Yield/Carcass Weight","02293","Raw milk of camel","2001","2001","kg/An","159","E","Estimated value",""
"QCL","Crops and livestock products","356","India","5417","Yield/Carcass Weight","02293","Raw milk of camel","2002","2002","kg/An","161","E","Estimated value",""
"QCL","Crops and livestock products","356","India","5417","Yield/Carcass Weight","02293","Raw milk of camel","2003","2003","kg/An","162","E","Estimated value",""
"QCL","Crops and livestock products","356","India","5417","Yield/Carcass Weight","02293","Raw milk of camel","2004","2004","kg/An","163","E","Estimated value",""
"QCL","Crops and livestock products","356","India","5417","Yield/Carcass Weight","02293","Raw milk of camel","2005","2005","kg/An","165","E","Estimated value",""
"QCL","Crops and livestock products","356","India","5417","Yield/Carcass Weight","02293","Raw milk of camel","2006","2006","kg/An","166","E","Estimated value",""
"QCL","Crops and livestock products","356","India","5417","Yield/Carcass Weight","02293","Raw milk of camel","2007","2007","kg/An","167","E","Estimated value",""
"QCL","Crops and livestock products","356","India","5417","Yield/Carcass Weight","02293","Raw milk of camel","2008","2008","kg/An","168","E","Estimated value",""
"QCL","Crops and livestock products","356","India","5417","Yield/Carcass Weight","02293","Raw milk of camel","2009","2009","kg/An","169","E","Estimated value",""
"QCL","Crops and livestock products","356","India","5417","Yield/Carcass Weight","02293","Raw milk of camel","2010","2010","kg/An","170","E","Estimated value",""
"QCL","Crops and livestock products","356","India","5417","Yield/Carcass Weight","02293","Raw milk of camel","2011","2011","kg/An","171","E","Estimated value",""
"QCL","Crops and livestock products","356","India","5417","Yield/Carcass Weight","02293","Raw milk of camel","2012","2012","kg/An","173","E","Estimated value",""
"QCL","Crops and livestock products","356","India","5417","Yield/Carcass Weight","02293","Raw milk of camel","2013","2013","kg/An","175","E","Estimated value",""
"QCL","Crops and livestock products","356","India","5417","Yield/Carcass Weight","02293","Raw milk of camel","2014","2014","kg/An","175","E","Estimated value",""
"QCL","Crops and livestock products","356","India","5417","Yield/Carcass Weight","02293","Raw milk of camel","2015","2015","kg/An","176","E","Estimated value",""
"QCL","Crops and livestock products","356","India","5417","Yield/Carcass Weight","02293","Raw milk of camel","2016","2016","kg/An","178","E","Estimated value",""
"QCL","Crops and livestock products","356","India","5417","Yield/Carcass Weight","02293","Raw milk of camel","2017","2017","kg/An","180","E","Estimated value",""
"QCL","Crops and livestock products","356","India","5417","Yield/Carcass Weight","02293","Raw milk of camel","2018","2018","kg/An","161","E","Estimated value",""
"QCL","Crops and livestock products","356","India","5417","Yield/Carcass Weight","02293","Raw milk of camel","2019","2019","kg/An","156","E","Estimated value",""
"QCL","Crops and livestock products","356","India","5417","Yield/Carcass Weight","02293","Raw milk of camel","2020","2020","kg/An","150","E","Estimated value",""
"QCL","Crops and livestock products","356","India","5417","Yield/Carcass Weight","02293","Raw milk of camel","2021","2021","kg/An","168","E","Estimated value",""
"QCL","Crops and livestock products","356","India","5417","Yield/Carcass Weight","02293","Raw milk of camel","2022","2022","kg/An","169","E","Estimated value",""
"QCL","Crops and livestock products","356","India","5417","Yield/Carcass Weight","02293","Raw milk of camel","2023","2023","kg/An","168","E","Estimated value",""
"QCL","Crops and livestock products","356","India","5417","Yield/Carcass Weight","02293","Raw milk of camel","2024","2024","kg/An","169","E","Estimated value",""
"QCL","Crops and livestock products","356","India","5417","Yield/Carcass Weight","02211","Raw milk of cattle","1961","1961","kg/An","424","A","Official value",""
"QCL","Crops and livestock products","356","India","5417","Yield/Carcass Weight","02211","Raw milk of cattle","1962","1962","kg/An","451","E","Estimated value",""
"QCL","Crops and livestock products","356","India","5417","Yield/Carcass Weight","02211","Raw milk of cattle","1963","1963","kg/An","450","E","Estimated value",""
"QCL","Crops and livestock products","356","India","5417","Yield/Carcass Weight","02211","Raw milk of cattle","1964","1964","kg/An","451","E","Estimated value",""
"QCL","Crops and livestock products","356","India","5417","Yield/Carcass Weight","02211","Raw milk of cattle","1965","1965","kg/An","451","E","Estimated value",""
"QCL","Crops and livestock products","356","India","5417","Yield/Carcass Weight","02211","Raw milk of cattle","1966","1966","kg/An","330","A","Official value",""
"QCL","Crops and livestock products","356","India","5417","Yield/Carcass Weight","02211","Raw milk of cattle","1967","1967","kg/An","452","E","Estimated value",""
"QCL","Crops and livestock products","356","India","5417","Yield/Carcass Weight","02211","Raw milk of cattle","1968","1968","kg/An","450","E","Estimated value",""
"QCL","Crops and livestock products","356","India","5417","Yield/Carcass Weight","02211","Raw milk of cattle","1969","1969","kg/An","450","E","Estimated value",""
"QCL","Crops and livestock products","356","India","5417","Yield/Carcass Weight","02211","Raw milk of cattle","1970","1970","kg/An","470","E","Estimated value",""
"QCL","Crops and livestock products","356","India","5417","Yield/Carcass Weight","02211","Raw milk of cattle","1971","1971","kg/An","470","E","Estimated value",""
"QCL","Crops and livestock products","356","India","5417","Yield/Carcass Weight","02211","Raw milk of cattle","1972","1972","kg/An","435","E","Estimated value",""
"QCL","Crops and livestock products","356","India","5417","Yield/Carcass Weight","02211","Raw milk of cattle","1973","1973","kg/An","500","E","Estimated value",""
"QCL","Crops and livestock products","356","India","5417","Yield/Carcass Weight","02211","Raw milk of cattle","1974","1974","kg/An","500","E","Estimated value",""
"QCL","Crops and livestock products","356","India","5417","Yield/Carcass Weight","02211","Raw milk of cattle","1975","1975","kg/An","510","E","Estimated value",""
"QCL","Crops and livestock products","356","India","5417","Yield/Carcass Weight","02211","Raw milk of cattle","1976","1976","kg/An","514","E","Estimated value",""
"QCL","Crops and livestock products","356","India","5417","Yield/Carcass Weight","02211","Raw milk of cattle","1977","1977","kg/An","516","E","Estimated value",""
"QCL","Crops and livestock products","356","India","5417","Yield/Carcass Weight","02211","Raw milk of cattle","1978","1978","kg/An","518","E","Estimated value",""
"QCL","Crops and livestock products","356","India","5417","Yield/Carcass Weight","02211","Raw milk of cattle","1979","1979","kg/An","500","E","Estimated value",""
"QCL","Crops and livestock products","356","India","5417","Yield/Carcass Weight","02211","Raw milk of cattle","1980","1980","kg/An","524","E","Estimated value",""
"QCL","Crops and livestock products","356","India","5417","Yield/Carcass Weight","02211","Raw milk of cattle","1981","1981","kg/An","565","E","Estimated value",""
"QCL","Crops and livestock products","356","India","5417","Yield/Carcass Weight","02211","Raw milk of cattle","1982","1982","kg/An","587","E","Estimated value",""
"QCL","Crops and livestock products","356","India","5417","Yield/Carcass Weight","02211","Raw milk of cattle","1983","1983","kg/An","578","E","Estimated value",""
"QCL","Crops and livestock products","356","India","5417","Yield/Carcass Weight","02211","Raw milk of cattle","1984","1984","kg/An","594","E","Estimated value",""
"QCL","Crops and livestock products","356","India","5417","Yield/Carcass Weight","02211","Raw milk of cattle","1985","1985","kg/An","632","E","Estimated value",""
"QCL","Crops and livestock products","356","India","5417","Yield/Carcass Weight","02211","Raw milk of cattle","1986","1986","kg/An","651","X","Value from external organization",""
"QCL","Crops and livestock products","356","India","5417","Yield/Carcass Weight","02211","Raw milk of cattle","1987","1987","kg/An","654","E","Estimated value",""
"QCL","Crops and livestock products","356","India","5417","Yield/Carcass Weight","02211","Raw milk of cattle","1988","1988","kg/An","683","X","Value from external organization",""
"QCL","Crops and livestock products","356","India","5417","Yield/Carcass Weight","02211","Raw milk of cattle","1989","1989","kg/An","712","X","Value from external organization",""
"QCL","Crops and livestock products","356","India","5417","Yield/Carcass Weight","02211","Raw milk of cattle","1990","1990","kg/An","732","E","Estimated value",""
"QCL","Crops and livestock products","356","India","5417","Yield/Carcass Weight","02211","Raw milk of cattle","1991","1991","kg/An","750","E","Estimated value",""
"QCL","Crops and livestock products","356","India","5417","Yield/Carcass Weight","02211","Raw milk of cattle","1992","1992","kg/An","770","A","Official value",""
"QCL","Crops and livestock products","356","India","5417","Yield/Carcass Weight","02211","Raw milk of cattle","1993","1993","kg/An","800","E","Estimated value",""
"QCL","Crops and livestock products","356","India","5417","Yield/Carcass Weight","02211","Raw milk of cattle","1994","1994","kg/An","807","A","Official value",""
"QCL","Crops and livestock products","356","India","5417","Yield/Carcass Weight","02211","Raw milk of cattle","1995","1995","kg/An","815","A","Official value",""
"QCL","Crops and livestock products","356","India","5417","Yield/Carcass Weight","02211","Raw milk of cattle","1996","1996","kg/An","840","A","Official value",""
"QCL","Crops and livestock products","356","India","5417","Yield/Carcass Weight","02211","Raw milk of cattle","1997","1997","kg/An","875","A","Official value",""
"QCL","Crops and livestock products","356","India","5417","Yield/Carcass Weight","02211","Raw milk of cattle","1998","1998","kg/An","912","E","Estimated value",""
"QCL","Crops and livestock products","356","India","5417","Yield/Carcass Weight","02211","Raw milk of cattle","1999","1999","kg/An","976","E","Estimated value",""
"QCL","Crops and livestock products","356","India","5417","Yield/Carcass Weight","02211","Raw milk of cattle","2000","2000","kg/An","1003","A","Official value",""
"QCL","Crops and livestock products","356","India","5417","Yield/Carcass Weight","02211","Raw milk of cattle","2001","2001","kg/An","1012","A","Official value",""
"QCL","Crops and livestock products","356","India","5417","Yield/Carcass Weight","02211","Raw milk of cattle","2002","2002","kg/An","999","A","Official value",""
"QCL","Crops and livestock products","356","India","5417","Yield/Carcass Weight","02211","Raw milk of cattle","2003","2003","kg/An","977","A","Official value",""
"QCL","Crops and livestock products","356","India","5417","Yield/Carcass Weight","02211","Raw milk of cattle","2004","2004","kg/An","1037","A","Official value",""
"QCL","Crops and livestock products","356","India","5417","Yield/Carcass Weight","02211","Raw milk of cattle","2005","2005","kg/An","1087","A","Official value",""
"QCL","Crops and livestock products","356","India","5417","Yield/Carcass Weight","02211","Raw milk of cattle","2006","2006","kg/An","1153","A","Official value",""
"QCL","Crops and livestock products","356","India","5417","Yield/Carcass Weight","02211","Raw milk of cattle","2007","2007","kg/An","1179","A","Official value",""
"QCL","Crops and livestock products","356","India","5417","Yield/Carcass Weight","02211","Raw milk of cattle","2008","2008","kg/An","1229","A","Official value",""
"QCL","Crops and livestock products","356","India","5417","Yield/Carcass Weight","02211","Raw milk of cattle","2009","2009","kg/An","1259","A","Official value",""
"QCL","Crops and livestock products","356","India","5417","Yield/Carcass Weight","02211","Raw milk of cattle","2010","2010","kg/An","1284","A","Official value",""
"QCL","Crops and livestock products","356","India","5417","Yield/Carcass Weight","02211","Raw milk of cattle","2011","2011","kg/An","1321","A","Official value",""
"QCL","Crops and livestock products","356","India","5417","Yield/Carcass Weight","02211","Raw milk of cattle","2012","2012","kg/An","1344","A","Official value",""
"QCL","Crops and livestock products","356","India","5417","Yield/Carcass Weight","02211","Raw milk of cattle","2013","2013","kg/An","1389","A","Official value",""
"QCL","Crops and livestock products","356","India","5417","Yield/Carcass Weight","02211","Raw milk of cattle","2014","2014","kg/An","1446","A","Official value",""
"QCL","Crops and livestock products","356","India","5417","Yield/Carcass Weight","02211","Raw milk of cattle","2015","2015","kg/An","1561","A","Official value",""
"QCL","Crops and livestock products","356","India","5417","Yield/Carcass Weight","02211","Raw milk of cattle","2016","2016","kg/An","1590","A","Official value",""
"QCL","Crops and livestock products","356","India","5417","Yield/Carcass Weight","02211","Raw milk of cattle","2017","2017","kg/An","1643","A","Official value",""
"QCL","Crops and livestock products","356","India","5417","Yield/Carcass Weight","02211","Raw milk of cattle","2018","2018","kg/An","1700","A","Official value",""
"QCL","Crops and livestock products","356","India","5417","Yield/Carcass Weight","02211","Raw milk of cattle","2019","2019","kg/An","1777","A","Official value",""
"QCL","Crops and livestock products","356","India","5417","Yield/Carcass Weight","02211","Raw milk of cattle","2020","2020","kg/An","1881","A","Official value",""
"QCL","Crops and livestock products","356","India","5417","Yield/Carcass Weight","02211","Raw milk of cattle","2021","2021","kg/An","1943","A","Official value",""
"QCL","Crops and livestock products","356","India","5417","Yield/Carcass Weight","02211","Raw milk of cattle","2022","2022","kg/An","1976","A","Official value",""
"QCL","Crops and livestock products","356","India","5417","Yield/Carcass Weight","02211","Raw milk of cattle","2023","2023","kg/An","1999","A","Official value",""
"QCL","Crops and livestock products","356","India","5417","Yield/Carcass Weight","02211","Raw milk of cattle","2024","2024","kg/An","2021","E","Estimated value",""
"QCL","Crops and livestock products","356","India","5417","Yield/Carcass Weight","02292","Raw milk of goats","1961","1961","kg/An","100","E","Estimated value",""
"QCL","Crops and livestock products","356","India","5417","Yield/Carcass Weight","02292","Raw milk of goats","1962","1962","kg/An","100","E","Estimated value",""
"QCL","Crops and livestock products","356","India","5417","Yield/Carcass Weight","02292","Raw milk of goats","1963","1963","kg/An","100","E","Estimated value",""
"QCL","Crops and livestock products","356","India","5417","Yield/Carcass Weight","02292","Raw milk of goats","1964","1964","kg/An","101","E","Estimated value",""
"QCL","Crops and livestock products","356","India","5417","Yield/Carcass Weight","02292","Raw milk of goats","1965","1965","kg/An","99","E","Estimated value",""
"QCL","Crops and livestock products","356","India","5417","Yield/Carcass Weight","02292","Raw milk of goats","1966","1966","kg/An","100","E","Estimated value",""
"QCL","Crops and livestock products","356","India","5417","Yield/Carcass Weight","02292","Raw milk of goats","1967","1967","kg/An","99","E","Estimated value",""
"QCL","Crops and livestock products","356","India","5417","Yield/Carcass Weight","02292","Raw milk of goats","1968","1968","kg/An","98","E","Estimated value",""
"QCL","Crops and livestock products","356","India","5417","Yield/Carcass Weight","02292","Raw milk of goats","1969","1969","kg/An","100","E","Estimated value",""
"QCL","Crops and livestock products","356","India","5417","Yield/Carcass Weight","02292","Raw milk of goats","1970","1970","kg/An","96","E","Estimated value",""
"QCL","Crops and livestock products","356","India","5417","Yield/Carcass Weight","02292","Raw milk of goats","1971","1971","kg/An","96","E","Estimated value",""
"QCL","Crops and livestock products","356","India","5417","Yield/Carcass Weight","02292","Raw milk of goats","1972","1972","kg/An","98","E","Estimated value",""
"QCL","Crops and livestock products","356","India","5417","Yield/Carcass Weight","02292","Raw milk of goats","1973","1973","kg/An","99","E","Estimated value",""
"QCL","Crops and livestock products","356","India","5417","Yield/Carcass Weight","02292","Raw milk of goats","1974","1974","kg/An","98","E","Estimated value",""
"QCL","Crops and livestock products","356","India","5417","Yield/Carcass Weight","02292","Raw milk of goats","1975","1975","kg/An","96","E","Estimated value",""
"QCL","Crops and livestock products","356","India","5417","Yield/Carcass Weight","02292","Raw milk of goats","1976","1976","kg/An","102","E","Estimated value",""
"QCL","Crops and livestock products","356","India","5417","Yield/Carcass Weight","02292","Raw milk of goats","1977","1977","kg/An","101","E","Estimated value",""
"QCL","Crops and livestock products","356","India","5417","Yield/Carcass Weight","02292","Raw milk of goats","1978","1978","kg/An","100","E","Estimated value",""
"QCL","Crops and livestock products","356","India","5417","Yield/Carcass Weight","02292","Raw milk of goats","1979","1979","kg/An","100","E","Estimated value",""
"QCL","Crops and livestock products","356","India","5417","Yield/Carcass Weight","02292","Raw milk of goats","1980","1980","kg/An","100","E","Estimated value",""
"QCL","Crops and livestock products","356","India","5417","Yield/Carcass Weight","02292","Raw milk of goats","1981","1981","kg/An","98","E","Estimated value",""
"QCL","Crops and livestock products","356","India","5417","Yield/Carcass Weight","02292","Raw milk of goats","1982","1982","kg/An","99","E","Estimated value",""
"QCL","Crops and livestock products","356","India","5417","Yield/Carcass Weight","02292","Raw milk of goats","1983","1983","kg/An","97","E","Estimated value",""
"QCL","Crops and livestock products","356","India","5417","Yield/Carcass Weight","02292","Raw milk of goats","1984","1984","kg/An","100","E","Estimated value",""
"QCL","Crops and livestock products","356","India","5417","Yield/Carcass Weight","02292","Raw milk of goats","1985","1985","kg/An","100","E","Estimated value",""
"QCL","Crops and livestock products","356","India","5417","Yield/Carcass Weight","02292","Raw milk of goats","1986","1986","kg/An","98","E","Estimated value",""
"QCL","Crops and livestock products","356","India","5417","Yield/Carcass Weight","02292","Raw milk of goats","1987","1987","kg/An","98","E","Estimated value",""
"QCL","Crops and livestock products","356","India","5417","Yield/Carcass Weight","02292","Raw milk of goats","1988","1988","kg/An","97","E","Estimated value",""
"QCL","Crops and livestock products","356","India","5417","Yield/Carcass Weight","02292","Raw milk of goats","1989","1989","kg/An","99","E","Estimated value",""
"QCL","Crops and livestock products","356","India","5417","Yield/Carcass Weight","02292","Raw milk of goats","1990","1990","kg/An","100","E","Estimated value",""
"QCL","Crops and livestock products","356","India","5417","Yield/Carcass Weight","02292","Raw milk of goats","1991","1991","kg/An","100","E","Estimated value",""
"QCL","Crops and livestock products","356","India","5417","Yield/Carcass Weight","02292","Raw milk of goats","1992","1992","kg/An","114","A","Official value",""
"QCL","Crops and livestock products","356","India","5417","Yield/Carcass Weight","02292","Raw milk of goats","1993","1993","kg/An","110","E","Estimated value",""
"QCL","Crops and livestock products","356","India","5417","Yield/Carcass Weight","02292","Raw milk of goats","1994","1994","kg/An","109","A","Official value",""
"QCL","Crops and livestock products","356","India","5417","Yield/Carcass Weight","02292","Raw milk of goats","1995","1995","kg/An","115","A","Official value",""
"QCL","Crops and livestock products","356","India","5417","Yield/Carcass Weight","02292","Raw milk of goats","1996","1996","kg/An","125","A","Official value",""
"QCL","Crops and livestock products","356","India","5417","Yield/Carcass Weight","02292","Raw milk of goats","1997","1997","kg/An","136","A","Official value",""
"QCL","Crops and livestock products","356","India","5417","Yield/Carcass Weight","02292","Raw milk of goats","1998","1998","kg/An","144","E","Estimated value",""
"QCL","Crops and livestock products","356","India","5417","Yield/Carcass Weight","02292","Raw milk of goats","1999","1999","kg/An","113","A","Official value",""
"QCL","Crops and livestock products","356","India","5417","Yield/Carcass Weight","02292","Raw milk of goats","2000","2000","kg/An","122","A","Official value",""
"QCL","Crops and livestock products","356","India","5417","Yield/Carcass Weight","02292","Raw milk of goats","2001","2001","kg/An","121","A","Official value",""
"QCL","Crops and livestock products","356","India","5417","Yield/Carcass Weight","02292","Raw milk of goats","2002","2002","kg/An","115","A","Official value",""
"QCL","Crops and livestock products","356","India","5417","Yield/Carcass Weight","02292","Raw milk of goats","2003","2003","kg/An","118","A","Official value",""
"QCL","Crops and livestock products","356","India","5417","Yield/Carcass Weight","02292","Raw milk of goats","2004","2004","kg/An","125","A","Official value",""
"QCL","Crops and livestock products","356","India","5417","Yield/Carcass Weight","02292","Raw milk of goats","2005","2005","kg/An","128","A","Official value",""
"QCL","Crops and livestock products","356","India","5417","Yield/Carcass Weight","02292","Raw milk of goats","2006","2006","kg/An","131","A","Official value",""
"QCL","Crops and livestock products","356","India","5417","Yield/Carcass Weight","02292","Raw milk of goats","2007","2007","kg/An","143","A","Official value",""
"QCL","Crops and livestock products","356","India","5417","Yield/Carcass Weight","02292","Raw milk of goats","2008","2008","kg/An","148","A","Official value",""
"QCL","Crops and livestock products","356","India","5417","Yield/Carcass Weight","02292","Raw milk of goats","2009","2009","kg/An","142","A","Official value",""
"QCL","Crops and livestock products","356","India","5417","Yield/Carcass Weight","02292","Raw milk of goats","2010","2010","kg/An","151","A","Official value",""
"QCL","Crops and livestock products","356","India","5417","Yield/Carcass Weight","02292","Raw milk of goats","2011","2011","kg/An","155","A","Official value",""
"QCL","Crops and livestock products","356","India","5417","Yield/Carcass Weight","02292","Raw milk of goats","2012","2012","kg/An","155","A","Official value",""
"QCL","Crops and livestock products","356","India","5417","Yield/Carcass Weight","02292","Raw milk of goats","2013","2013","kg/An","163","A","Official value",""
"QCL","Crops and livestock products","356","India","5417","Yield/Carcass Weight","02292","Raw milk of goats","2014","2014","kg/An","167","A","Official value",""
"QCL","Crops and livestock products","356","India","5417","Yield/Carcass Weight","02292","Raw milk of goats","2015","2015","kg/An","166","A","Official value",""
"QCL","Crops and livestock products","356","India","5417","Yield/Carcass Weight","02292","Raw milk of goats","2016","2016","kg/An","167","A","Official value",""
"QCL","Crops and livestock products","356","India","5417","Yield/Carcass Weight","02292","Raw milk of goats","2017","2017","kg/An","171","A","Official value",""
"QCL","Crops and livestock products","356","India","5417","Yield/Carcass Weight","02292","Raw milk of goats","2018","2018","kg/An","166","A","Official value",""
"QCL","Crops and livestock products","356","India","5417","Yield/Carcass Weight","02292","Raw milk of goats","2019","2019","kg/An","161","A","Official value",""
"QCL","Crops and livestock products","356","India","5417","Yield/Carcass Weight","02292","Raw milk of goats","2020","2020","kg/An","172","A","Official value",""
"QCL","Crops and livestock products","356","India","5417","Yield/Carcass Weight","02292","Raw milk of goats","2021","2021","kg/An","167","A","Official value",""
"QCL","Crops and livestock products","356","India","5417","Yield/Carcass Weight","02292","Raw milk of goats","2022","2022","kg/An","181","A","Official value",""
"QCL","Crops and livestock products","356","India","5417","Yield/Carcass Weight","02292","Raw milk of goats","2023","2023","kg/An","177","A","Official value",""
"QCL","Crops and livestock products","356","India","5417","Yield/Carcass Weight","02292","Raw milk of goats","2024","2024","kg/An","165","E","Estimated value",""
"QCL","Crops and livestock products","356","India","5412","Yield","0113","Rice","1961","1961","kg/ha","1541.9","A","Official value",""
"QCL","Crops and livestock products","356","India","5412","Yield","0113","Rice","1962","1962","kg/ha","1395.9","A","Official value",""
"QCL","Crops and livestock products","356","India","5412","Yield","0113","Rice","1963","1963","kg/ha","1549.8","A","Official value",""
"QCL","Crops and livestock products","356","India","5412","Yield","0113","Rice","1964","1964","kg/ha","1617.1","A","Official value",""
"QCL","Crops and livestock products","356","India","5412","Yield","0113","Rice","1965","1965","kg/ha","1293.6","A","Official value",""
"QCL","Crops and livestock products","356","India","5412","Yield","0113","Rice","1966","1966","kg/ha","1295.2","A","Official value",""
"QCL","Crops and livestock products","356","India","5412","Yield","0113","Rice","1967","1967","kg/ha","1548.4","A","Official value",""
"QCL","Crops and livestock products","356","India","5412","Yield","0113","Rice","1968","1968","kg/ha","1613.4","A","Official value",""
"QCL","Crops and livestock products","356","India","5412","Yield","0113","Rice","1969","1969","kg/ha","1609.4","A","Official value",""
"QCL","Crops and livestock products","356","India","5412","Yield","0113","Rice","1970","1970","kg/ha","1684.9","A","Official value",""
"QCL","Crops and livestock products","356","India","5412","Yield","0113","Rice","1971","1971","kg/ha","1711","A","Official value",""
"QCL","Crops and livestock products","356","India","5412","Yield","0113","Rice","1972","1972","kg/ha","1604.6","A","Official value",""
"QCL","Crops and livestock products","356","India","5412","Yield","0113","Rice","1973","1973","kg/ha","1725.9","A","Official value",""
"QCL","Crops and livestock products","356","India","5412","Yield","0113","Rice","1974","1974","kg/ha","1574.4","A","Official value",""
"QCL","Crops and livestock products","356","India","5412","Yield","0113","Rice","1975","1975","kg/ha","1858.2","A","Official value",""
"QCL","Crops and livestock products","356","India","5412","Yield","0113","Rice","1976","1976","kg/ha","1637.2","A","Official value",""
"QCL","Crops and livestock products","356","India","5412","Yield","0113","Rice","1977","1977","kg/ha","1961.3","A","Official value",""
"QCL","Crops and livestock products","356","India","5412","Yield","0113","Rice","1978","1978","kg/ha","1991.2","A","Official value",""
"QCL","Crops and livestock products","356","India","5412","Yield","0113","Rice","1979","1979","kg/ha","1610.5","A","Official value",""
"QCL","Crops and livestock products","356","India","5412","Yield","0113","Rice","1980","1980","kg/ha","2000.2","A","Official value",""
"QCL","Crops and livestock products","356","India","5412","Yield","0113","Rice","1981","1981","kg/ha","1962.3","A","Official value",""
"QCL","Crops and livestock products","356","India","5412","Yield","0113","Rice","1982","1982","kg/ha","1849.7","A","Official value",""
"QCL","Crops and livestock products","356","India","5412","Yield","0113","Rice","1983","1983","kg/ha","2183.3","A","Official value",""
"QCL","Crops and livestock products","356","India","5412","Yield","0113","Rice","1984","1984","kg/ha","2127.2","A","Official value",""
"QCL","Crops and livestock products","356","India","5412","Yield","0113","Rice","1985","1985","kg/ha","2329.2","A","Official value",""
"QCL","Crops and livestock products","356","India","5412","Yield","0113","Rice","1986","1986","kg/ha","2205.2","A","Official value",""
"QCL","Crops and livestock products","356","India","5412","Yield","0113","Rice","1987","1987","kg/ha","2199.1","A","Official value",""
"QCL","Crops and livestock products","356","India","5412","Yield","0113","Rice","1988","1988","kg/ha","2548.6","A","Official value",""
"QCL","Crops and livestock products","356","India","5412","Yield","0113","Rice","1989","1989","kg/ha","2616","A","Official value",""
"QCL","Crops and livestock products","356","India","5412","Yield","0113","Rice","1990","1990","kg/ha","2612.5","A","Official value",""
"QCL","Crops and livestock products","356","India","5412","Yield","0113","Rice","1991","1991","kg/ha","2619","A","Official value",""
"QCL","Crops and livestock products","356","India","5412","Yield","0113","Rice","1992","1992","kg/ha","2629.7","A","Official value",""
"QCL","Crops and livestock products","356","India","5412","Yield","0113","Rice","1993","1993","kg/ha","2797.2","A","Official value",""
"QCL","Crops and livestock products","356","India","5412","Yield","0113","Rice","1994","1994","kg/ha","2877.3","A","Official value",""
"QCL","Crops and livestock products","356","India","5412","Yield","0113","Rice","1995","1995","kg/ha","2700.9","A","Official value",""
"QCL","Crops and livestock products","356","India","5412","Yield","0113","Rice","1996","1996","kg/ha","2523.6","A","Official value",""
"QCL","Crops and livestock products","356","India","5412","Yield","0113","Rice","1997","1997","kg/ha","2827.6","A","Official value",""
"QCL","Crops and livestock products","356","India","5412","Yield","0113","Rice","1998","1998","kg/ha","2815.5","A","Official value",""
"QCL","Crops and livestock products","356","India","5412","Yield","0113","Rice","1999","1999","kg/ha","3008.1","A","Official value",""
"QCL","Crops and livestock products","356","India","5412","Yield","0113","Rice","2000","2000","kg/ha","2838","A","Official value",""
"QCL","Crops and livestock products","356","India","5412","Yield","0113","Rice","2001","2001","kg/ha","3116.4","A","Official value",""
"QCL","Crops and livestock products","356","India","5412","Yield","0113","Rice","2002","2002","kg/ha","2690.1","A","Official value",""
"QCL","Crops and livestock products","356","India","5412","Yield","0113","Rice","2003","2003","kg/ha","3092.6","A","Official value",""
"QCL","Crops and livestock products","356","India","5412","Yield","0113","Rice","2004","2004","kg/ha","2952.7","A","Official value",""
"QCL","Crops and livestock products","356","India","5412","Yield","0113","Rice","2005","2005","kg/ha","3119.6","A","Official value",""
"QCL","Crops and livestock products","356","India","5412","Yield","0113","Rice","2006","2006","kg/ha","3199.5","A","Official value",""
"QCL","Crops and livestock products","356","India","5412","Yield","0113","Rice","2007","2007","kg/ha","3292.5","A","Official value",""
"QCL","Crops and livestock products","356","India","5412","Yield","0113","Rice","2008","2008","kg/ha","3279.7","A","Official value",""
"QCL","Crops and livestock products","356","India","5412","Yield","0113","Rice","2009","2009","kg/ha","3194.1","A","Official value",""
"QCL","Crops and livestock products","356","India","5412","Yield","0113","Rice","2010","2010","kg/ha","3323","A","Official value",""
"QCL","Crops and livestock products","356","India","5412","Yield","0113","Rice","2011","2011","kg/ha","3606","A","Official value",""
"QCL","Crops and livestock products","356","India","5412","Yield","0113","Rice","2012","2012","kg/ha","3677.4","A","Official value",""
"QCL","Crops and livestock products","356","India","5412","Yield","0113","Rice","2013","2013","kg/ha","3616.5","A","Official value",""
"QCL","Crops and livestock products","356","India","5412","Yield","0113","Rice","2014","2014","kg/ha","3590","A","Official value",""
"QCL","Crops and livestock products","356","India","5412","Yield","0113","Rice","2015","2015","kg/ha","3601.8","A","Official value",""
"QCL","Crops and livestock products","356","India","5412","Yield","0113","Rice","2016","2016","kg/ha","3752.6","A","Official value",""
"QCL","Crops and livestock products","356","India","5412","Yield","0113","Rice","2017","2017","kg/ha","3811.7","A","Official value",""
"QCL","Crops and livestock products","356","India","5412","Yield","0113","Rice","2018","2018","kg/ha","3976.1","A","Official value",""
"QCL","Crops and livestock products","356","India","5412","Yield","0113","Rice","2019","2019","kg/ha","4052.1","A","Official value",""
"QCL","Crops and livestock products","356","India","5412","Yield","0113","Rice","2020","2020","kg/ha","4059.4","A","Official value",""
"QCL","Crops and livestock products","356","India","5412","Yield","0113","Rice","2021","2021","kg/ha","4203.3","A","Official value",""
"QCL","Crops and livestock products","356","India","5412","Yield","0113","Rice","2022","2022","kg/ha","4238.8","A","Official value",""
"QCL","Crops and livestock products","356","India","5412","Yield","0113","Rice","2023","2023","kg/ha","4313.5","A","Official value",""
"QCL","Crops and livestock products","356","India","5412","Yield","0113","Rice","2024","2024","kg/ha","4313.2","A","Official value",""
"QCL","Crops and livestock products","356","India","5412","Yield","01446","Safflower seed","1961","1961","kg/ha","150","E","Estimated value",""
"QCL","Crops and livestock products","356","India","5412","Yield","01446","Safflower seed","1962","1962","kg/ha","150.6","E","Estimated value",""
"QCL","Crops and livestock products","356","India","5412","Yield","01446","Safflower seed","1963","1963","kg/ha","151.1","E","Estimated value",""
"QCL","Crops and livestock products","356","India","5412","Yield","01446","Safflower seed","1964","1964","kg/ha","136.3","E","Estimated value",""
"QCL","Crops and livestock products","356","India","5412","Yield","01446","Safflower seed","1965","1965","kg/ha","155.4","E","Estimated value",""
"QCL","Crops and livestock products","356","India","5412","Yield","01446","Safflower seed","1966","1966","kg/ha","149.4","A","Official value",""
"QCL","Crops and livestock products","356","India","5412","Yield","01446","Safflower seed","1967","1967","kg/ha","150.6","A","Official value",""
"QCL","Crops and livestock products","356","India","5412","Yield","01446","Safflower seed","1968","1968","kg/ha","151.6","A","Official value",""
"QCL","Crops and livestock products","356","India","5412","Yield","01446","Safflower seed","1969","1969","kg/ha","162.2","A","Official value",""
"QCL","Crops and livestock products","356","India","5412","Yield","01446","Safflower seed","1970","1970","kg/ha","245.4","A","Official value",""
"QCL","Crops and livestock products","356","India","5412","Yield","01446","Safflower seed","1971","1971","kg/ha","261.8","A","Official value",""
"QCL","Crops and livestock products","356","India","5412","Yield","01446","Safflower seed","1972","1972","kg/ha","218.3","A","Official value",""
"QCL","Crops and livestock products","356","India","5412","Yield","01446","Safflower seed","1973","1973","kg/ha","193.2","A","Official value",""
"QCL","Crops and livestock products","356","India","5412","Yield","01446","Safflower seed","1974","1974","kg/ha","311.2","A","Official value",""
"QCL","Crops and livestock products","356","India","5412","Yield","01446","Safflower seed","1975","1975","kg/ha","327.1","A","Official value",""
"QCL","Crops and livestock products","356","India","5412","Yield","01446","Safflower seed","1976","1976","kg/ha","353.8","A","Official value",""
"QCL","Crops and livestock products","356","India","5412","Yield","01446","Safflower seed","1977","1977","kg/ha","321.5","A","Official value",""
"QCL","Crops and livestock products","356","India","5412","Yield","01446","Safflower seed","1978","1978","kg/ha","265.8","A","Official value",""
"QCL","Crops and livestock products","356","India","5412","Yield","01446","Safflower seed","1979","1979","kg/ha","297.3","A","Official value",""
"QCL","Crops and livestock products","356","India","5412","Yield","01446","Safflower seed","1980","1980","kg/ha","381","A","Official value",""
"QCL","Crops and livestock products","356","India","5412","Yield","01446","Safflower seed","1981","1981","kg/ha","465.5","A","Official value",""
"QCL","Crops and livestock products","356","India","5412","Yield","01446","Safflower seed","1982","1982","kg/ha","563.1","A","Official value",""
"QCL","Crops and livestock products","356","India","5412","Yield","01446","Safflower seed","1983","1983","kg/ha","506.2","A","Official value",""
"QCL","Crops and livestock products","356","India","5412","Yield","01446","Safflower seed","1984","1984","kg/ha","602.6","A","Official value",""
"QCL","Crops and livestock products","356","India","5412","Yield","01446","Safflower seed","1985","1985","kg/ha","561.2","A","Official value",""
"QCL","Crops and livestock products","356","India","5412","Yield","01446","Safflower seed","1986","1986","kg/ha","381.8","A","Official value",""
"QCL","Crops and livestock products","356","India","5412","Yield","01446","Safflower seed","1987","1987","kg/ha","395.1","A","Official value",""
"QCL","Crops and livestock products","356","India","5412","Yield","01446","Safflower seed","1988","1988","kg/ha","439.4","A","Official value",""
"QCL","Crops and livestock products","356","India","5412","Yield","01446","Safflower seed","1989","1989","kg/ha","545.6","A","Official value",""
"QCL","Crops and livestock products","356","India","5412","Yield","01446","Safflower seed","1990","1990","kg/ha","577.6","A","Official value",""
"QCL","Crops and livestock products","356","India","5412","Yield","01446","Safflower seed","1991","1991","kg/ha","388.8","A","Official value",""
"QCL","Crops and livestock products","356","India","5412","Yield","01446","Safflower seed","1992","1992","kg/ha","404.7","A","Official value",""
"QCL","Crops and livestock products","356","India","5412","Yield","01446","Safflower seed","1993","1993","kg/ha","474.5","A","Official value",""
"QCL","Crops and livestock products","356","India","5412","Yield","01446","Safflower seed","1994","1994","kg/ha","658.3","A","Official value",""
"QCL","Crops and livestock products","356","India","5412","Yield","01446","Safflower seed","1995","1995","kg/ha","534.8","A","Official value",""
"QCL","Crops and livestock products","356","India","5412","Yield","01446","Safflower seed","1996","1996","kg/ha","560.4","A","Official value",""
"QCL","Crops and livestock products","356","India","5412","Yield","01446","Safflower seed","1997","1997","kg/ha","614.1","A","Official value",""
"QCL","Crops and livestock products","356","India","5412","Yield","01446","Safflower seed","1998","1998","kg/ha","600","E","Estimated value",""
"QCL","Crops and livestock products","356","India","5412","Yield","01446","Safflower seed","1999","1999","kg/ha","550.2","A","Official value",""
"QCL","Crops and livestock products","356","India","5412","Yield","01446","Safflower seed","2000","2000","kg/ha","593.8","A","Official value",""
"QCL","Crops and livestock products","356","India","5412","Yield","01446","Safflower seed","2001","2001","kg/ha","475.5","A","Official value",""
"QCL","Crops and livestock products","356","India","5412","Yield","01446","Safflower seed","2002","2002","kg/ha","568.9","A","Official value",""
"QCL","Crops and livestock products","356","India","5412","Yield","01446","Safflower seed","2003","2003","kg/ha","483.1","A","Official value",""
"QCL","Crops and livestock products","356","India","5412","Yield","01446","Safflower seed","2004","2004","kg/ha","370.7","A","Official value",""
"QCL","Crops and livestock products","356","India","5412","Yield","01446","Safflower seed","2005","2005","kg/ha","470.3","A","Official value",""
"QCL","Crops and livestock products","356","India","5412","Yield","01446","Safflower seed","2006","2006","kg/ha","627","A","Official value",""
"QCL","Crops and livestock products","356","India","5412","Yield","01446","Safflower seed","2007","2007","kg/ha","685.7","A","Official value",""
"QCL","Crops and livestock products","356","India","5412","Yield","01446","Safflower seed","2008","2008","kg/ha","641.9","E","Estimated value",""
"QCL","Crops and livestock products","356","India","5412","Yield","01446","Safflower seed","2009","2009","kg/ha","642.2","A","Official value",""
"QCL","Crops and livestock products","356","India","5412","Yield","01446","Safflower seed","2010","2010","kg/ha","621.3","A","Official value",""
"QCL","Crops and livestock products","356","India","5412","Yield","01446","Safflower seed","2011","2011","kg/ha","654.9","A","Official value",""
"QCL","Crops and livestock products","356","India","5412","Yield","01446","Safflower seed","2012","2012","kg/ha","814.6","A","Official value",""
"QCL","Crops and livestock products","356","India","5412","Yield","01446","Safflower seed","2013","2013","kg/ha","726.7","A","Official value",""
"QCL","Crops and livestock products","356","India","5412","Yield","01446","Safflower seed","2014","2014","kg/ha","635.8","A","Official value",""
"QCL","Crops and livestock products","356","India","5412","Yield","01446","Safflower seed","2015","2015","kg/ha","514.3","A","Official value",""
"QCL","Crops and livestock products","356","India","5412","Yield","01446","Safflower seed","2016","2016","kg/ha","368.1","A","Official value",""
"QCL","Crops and livestock products","356","India","5412","Yield","01446","Safflower seed","2017","2017","kg/ha","650.9","A","Official value",""
"QCL","Crops and livestock products","356","India","5412","Yield","01446","Safflower seed","2018","2018","kg/ha","672.9","A","Official value",""
"QCL","Crops and livestock products","356","India","5412","Yield","01446","Safflower seed","2019","2019","kg/ha","536.9","A","Official value",""
"QCL","Crops and livestock products","356","India","5412","Yield","01446","Safflower seed","2020","2020","kg/ha","843.2","A","Official value",""
"QCL","Crops and livestock products","356","India","5412","Yield","01446","Safflower seed","2021","2021","kg/ha","640.4","A","Official value",""
"QCL","Crops and livestock products","356","India","5412","Yield","01446","Safflower seed","2022","2022","kg/ha","776.9","A","Official value",""
"QCL","Crops and livestock products","356","India","5412","Yield","01446","Safflower seed","2023","2023","kg/ha","826.3","A","Official value",""
"QCL","Crops and livestock products","356","India","5412","Yield","01446","Safflower seed","2024","2024","kg/ha","767.6","A","Official value",""
"QCL","Crops and livestock products","356","India","5412","Yield","01921.01","Seed cotton, unginned","1961","1961","kg/ha","357.9","A","Official value",""
"QCL","Crops and livestock products","356","India","5412","Yield","01921.01","Seed cotton, unginned","1962","1962","kg/ha","427.4","A","Official value",""
"QCL","Crops and livestock products","356","India","5412","Yield","01921.01","Seed cotton, unginned","1963","1963","kg/ha","435.8","A","Official value",""
"QCL","Crops and livestock products","356","India","5412","Yield","01921.01","Seed cotton, unginned","1964","1964","kg/ha","403.2","A","Official value",""
"QCL","Crops and livestock products","356","India","5412","Yield","01921.01","Seed cotton, unginned","1965","1965","kg/ha","392.3","A","Official value",""
"QCL","Crops and livestock products","356","India","5412","Yield","01921.01","Seed cotton, unginned","1966","1966","kg/ha","397.8","A","Official value",""
"QCL","Crops and livestock products","356","India","5412","Yield","01921.01","Seed cotton, unginned","1967","1967","kg/ha","437.1","A","Official value",""
"QCL","Crops and livestock products","356","India","5412","Yield","01921.01","Seed cotton, unginned","1968","1968","kg/ha","433.9","A","Official value",""
"QCL","Crops and livestock products","356","India","5412","Yield","01921.01","Seed cotton, unginned","1969","1969","kg/ha","426.3","A","Official value",""
"QCL","Crops and livestock products","356","India","5412","Yield","01921.01","Seed cotton, unginned","1970","1970","kg/ha","391.8","A","Official value",""
"QCL","Crops and livestock products","356","India","5412","Yield","01921.01","Seed cotton, unginned","1971","1971","kg/ha","504","A","Official value",""
"QCL","Crops and livestock products","356","India","5412","Yield","01921.01","Seed cotton, unginned","1972","1972","kg/ha","473.8","A","Official value",""
"QCL","Crops and livestock products","356","India","5412","Yield","01921.01","Seed cotton, unginned","1973","1973","kg/ha","494.7","A","Official value",""
"QCL","Crops and livestock products","356","India","5412","Yield","01921.01","Seed cotton, unginned","1974","1974","kg/ha","533.3","A","Official value",""
"QCL","Crops and livestock products","356","India","5412","Yield","01921.01","Seed cotton, unginned","1975","1975","kg/ha","486.1","A","Official value",""
"QCL","Crops and livestock products","356","India","5412","Yield","01921.01","Seed cotton, unginned","1976","1976","kg/ha","487","A","Official value",""
"QCL","Crops and livestock products","356","India","5412","Yield","01921.01","Seed cotton, unginned","1977","1977","kg/ha","489.4","A","Official value",""
"QCL","Crops and livestock products","356","India","5412","Yield","01921.01","Seed cotton, unginned","1978","1978","kg/ha","520.7","A","Official value",""
"QCL","Crops and livestock products","356","India","5412","Yield","01921.01","Seed cotton, unginned","1979","1979","kg/ha","506.5","A","Official value",""
"QCL","Crops and livestock products","356","India","5412","Yield","01921.01","Seed cotton, unginned","1980","1980","kg/ha","516.4","A","Official value",""
"QCL","Crops and livestock products","356","India","5412","Yield","01921.01","Seed cotton, unginned","1981","1981","kg/ha","519.5","A","Official value",""
"QCL","Crops and livestock products","356","India","5412","Yield","01921.01","Seed cotton, unginned","1982","1982","kg/ha","508.2","A","Official value",""
"QCL","Crops and livestock products","356","India","5412","Yield","01921.01","Seed cotton, unginned","1983","1983","kg/ha","439.5","A","Official value",""
"QCL","Crops and livestock products","356","India","5412","Yield","01921.01","Seed cotton, unginned","1984","1984","kg/ha","612.2","A","Official value",""
"QCL","Crops and livestock products","356","India","5412","Yield","01921.01","Seed cotton, unginned","1985","1985","kg/ha","615.4","A","Official value",""
"QCL","Crops and livestock products","356","India","5412","Yield","01921.01","Seed cotton, unginned","1986","1986","kg/ha","527.9","A","Official value",""
"QCL","Crops and livestock products","356","India","5412","Yield","01921.01","Seed cotton, unginned","1987","1987","kg/ha","524.8","A","Official value",""
"QCL","Crops and livestock products","356","India","5412","Yield","01921.01","Seed cotton, unginned","1988","1988","kg/ha","632.6","A","Official value",""
"QCL","Crops and livestock products","356","India","5412","Yield","01921.01","Seed cotton, unginned","1989","1989","kg/ha","788.5","A","Official value",""
"QCL","Crops and livestock products","356","India","5412","Yield","01921.01","Seed cotton, unginned","1990","1990","kg/ha","702.7","A","Official value",""
"QCL","Crops and livestock products","356","India","5412","Yield","01921.01","Seed cotton, unginned","1991","1991","kg/ha","673.6","A","Official value",""
"QCL","Crops and livestock products","356","India","5412","Yield","01921.01","Seed cotton, unginned","1992","1992","kg/ha","803.2","A","Official value",""
"QCL","Crops and livestock products","356","India","5412","Yield","01921.01","Seed cotton, unginned","1993","1993","kg/ha","779.4","A","Official value",""
"QCL","Crops and livestock products","356","India","5412","Yield","01921.01","Seed cotton, unginned","1994","1994","kg/ha","802.4","A","Official value",""
"QCL","Crops and livestock products","356","India","5412","Yield","01921.01","Seed cotton, unginned","1995","1995","kg/ha","756.2","A","Official value",""
"QCL","Crops and livestock products","356","India","5412","Yield","01921.01","Seed cotton, unginned","1996","1996","kg/ha","828.9","A","Official value",""
"QCL","Crops and livestock products","356","India","5412","Yield","01921.01","Seed cotton, unginned","1997","1997","kg/ha","650.1","A","Official value",""
"QCL","Crops and livestock products","356","India","5412","Yield","01921.01","Seed cotton, unginned","1998","1998","kg/ha","698.7","A","Official value",""
"QCL","Crops and livestock products","356","India","5412","Yield","01921.01","Seed cotton, unginned","1999","1999","kg/ha","703.2","A","Official value",""
"QCL","Crops and livestock products","356","India","5412","Yield","01921.01","Seed cotton, unginned","2000","2000","kg/ha","597.9","A","Official value",""
"QCL","Crops and livestock products","356","India","5412","Yield","01921.01","Seed cotton, unginned","2001","2001","kg/ha","583.6","A","Official value",""
"QCL","Crops and livestock products","356","India","5412","Yield","01921.01","Seed cotton, unginned","2002","2002","kg/ha","597.4","A","Official value",""
"QCL","Crops and livestock products","356","India","5412","Yield","01921.01","Seed cotton, unginned","2003","2003","kg/ha","960","A","Official value",""
"QCL","Crops and livestock products","356","India","5412","Yield","01921.01","Seed cotton, unginned","2004","2004","kg/ha","993.3","A","Official value",""
"QCL","Crops and livestock products","356","India","5412","Yield","01921.01","Seed cotton, unginned","2005","2005","kg/ha","1132.6","A","Official value",""
"QCL","Crops and livestock products","356","India","5412","Yield","01921.01","Seed cotton, unginned","2006","2006","kg/ha","1315.1","A","Official value",""
"QCL","Crops and livestock products","356","India","5412","Yield","01921.01","Seed cotton, unginned","2007","2007","kg/ha","1461.3","A","Official value",""
"QCL","Crops and livestock products","356","India","5412","Yield","01921.01","Seed cotton, unginned","2008","2008","kg/ha","1257.6","A","Official value",""
"QCL","Crops and livestock products","356","India","5412","Yield","01921.01","Seed cotton, unginned","2009","2009","kg/ha","1237.7","A","Official value",""
"QCL","Crops and livestock products","356","India","5412","Yield","01921.01","Seed cotton, unginned","2010","2010","kg/ha","1594","A","Official value",""
"QCL","Crops and livestock products","356","India","5412","Yield","01921.01","Seed cotton, unginned","2011","2011","kg/ha","1574.8","A","Official value",""
"QCL","Crops and livestock products","356","India","5412","Yield","01921.01","Seed cotton, unginned","2012","2012","kg/ha","1517.4","A","Official value",""
"QCL","Crops and livestock products","356","India","5412","Yield","01921.01","Seed cotton, unginned","2013","2013","kg/ha","1617.9","A","Official value",""
"QCL","Crops and livestock products","356","India","5412","Yield","01921.01","Seed cotton, unginned","2014","2014","kg/ha","1413.1","A","Official value",""
"QCL","Crops and livestock products","356","India","5412","Yield","01921.01","Seed cotton, unginned","2015","2015","kg/ha","1343.1","A","Official value",""
"QCL","Crops and livestock products","356","India","5412","Yield","01921.01","Seed cotton, unginned","2016","2016","kg/ha","1598.2","A","Official value",""
"QCL","Crops and livestock products","356","India","5412","Yield","01921.01","Seed cotton, unginned","2017","2017","kg/ha","1401.9","A","Official value",""
"QCL","Crops and livestock products","356","India","5412","Yield","01921.01","Seed cotton, unginned","2018","2018","kg/ha","1164.5","A","Official value",""
"QCL","Crops and livestock products","356","India","5412","Yield","01921.01","Seed cotton, unginned","2019","2019","kg/ha","1471.2","E","Estimated value",""
"QCL","Crops and livestock products","356","India","5412","Yield","01921.01","Seed cotton, unginned","2020","2020","kg/ha","1315.7","E","Estimated value",""
"QCL","Crops and livestock products","356","India","5412","Yield","01921.01","Seed cotton, unginned","2021","2021","kg/ha","1294.9","E","Estimated value",""
"QCL","Crops and livestock products","356","India","5412","Yield","01921.01","Seed cotton, unginned","2022","2022","kg/ha","1160.4","E","Estimated value",""
"QCL","Crops and livestock products","356","India","5412","Yield","01921.01","Seed cotton, unginned","2023","2023","kg/ha","1292.6","E","Estimated value",""
"QCL","Crops and livestock products","356","India","5412","Yield","01921.01","Seed cotton, unginned","2024","2024","kg/ha","1310.4","E","Estimated value",""
"QCL","Crops and livestock products","356","India","5412","Yield","01444","Sesame seed","1961","1961","kg/ha","165.2","A","Official value",""
"QCL","Crops and livestock products","356","India","5412","Yield","01444","Sesame seed","1962","1962","kg/ha","192.8","A","Official value",""
"QCL","Crops and livestock products","356","India","5412","Yield","01444","Sesame seed","1963","1963","kg/ha","182","A","Official value",""
"QCL","Crops and livestock products","356","India","5412","Yield","01444","Sesame seed","1964","1964","kg/ha","194.7","A","Official value",""
"QCL","Crops and livestock products","356","India","5412","Yield","01444","Sesame seed","1965","1965","kg/ha","169","A","Official value",""
"QCL","Crops and livestock products","356","India","5412","Yield","01444","Sesame seed","1966","1966","kg/ha","148.9","A","Official value",""
"QCL","Crops and livestock products","356","India","5412","Yield","01444","Sesame seed","1967","1967","kg/ha","167.7","A","Official value",""
"QCL","Crops and livestock products","356","India","5412","Yield","01444","Sesame seed","1968","1968","kg/ha","174.4","A","Official value",""
"QCL","Crops and livestock products","356","India","5412","Yield","01444","Sesame seed","1969","1969","kg/ha","194.1","A","Official value",""
"QCL","Crops and livestock products","356","India","5412","Yield","01444","Sesame seed","1970","1970","kg/ha","231.1","A","Official value",""
"QCL","Crops and livestock products","356","India","5412","Yield","01444","Sesame seed","1971","1971","kg/ha","188","A","Official value",""
"QCL","Crops and livestock products","356","India","5412","Yield","01444","Sesame seed","1972","1972","kg/ha","168.4","A","Official value",""
"QCL","Crops and livestock products","356","India","5412","Yield","01444","Sesame seed","1973","1973","kg/ha","203.1","A","Official value",""
"QCL","Crops and livestock products","356","India","5412","Yield","01444","Sesame seed","1974","1974","kg/ha","175.5","A","Official value",""
"QCL","Crops and livestock products","356","India","5412","Yield","01444","Sesame seed","1975","1975","kg/ha","220.8","A","Official value",""
"QCL","Crops and livestock products","356","India","5412","Yield","01444","Sesame seed","1976","1976","kg/ha","185.1","A","Official value",""
"QCL","Crops and livestock products","356","India","5412","Yield","01444","Sesame seed","1977","1977","kg/ha","218.2","A","Official value",""
"QCL","Crops and livestock products","356","India","5412","Yield","01444","Sesame seed","1978","1978","kg/ha","215.2","A","Official value",""
"QCL","Crops and livestock products","356","India","5412","Yield","01444","Sesame seed","1979","1979","kg/ha","146.3","A","Official value",""
"QCL","Crops and livestock products","356","India","5412","Yield","01444","Sesame seed","1980","1980","kg/ha","180.3","A","Official value",""
"QCL","Crops and livestock products","356","India","5412","Yield","01444","Sesame seed","1981","1981","kg/ha","227.6","A","Official value",""
"QCL","Crops and livestock products","356","India","5412","Yield","01444","Sesame seed","1982","1982","kg/ha","248.9","A","Official value",""
"QCL","Crops and livestock products","356","India","5412","Yield","01444","Sesame seed","1983","1983","kg/ha","253.6","A","Official value",""
"QCL","Crops and livestock products","356","India","5412","Yield","01444","Sesame seed","1984","1984","kg/ha","245.9","A","Official value",""
"QCL","Crops and livestock products","356","India","5412","Yield","01444","Sesame seed","1985","1985","kg/ha","225.9","A","Official value",""
"QCL","Crops and livestock products","356","India","5412","Yield","01444","Sesame seed","1986","1986","kg/ha","206.9","A","Official value",""
"QCL","Crops and livestock products","356","India","5412","Yield","01444","Sesame seed","1987","1987","kg/ha","270.8","A","Official value",""
"QCL","Crops and livestock products","356","India","5412","Yield","01444","Sesame seed","1988","1988","kg/ha","278.5","A","Official value",""
"QCL","Crops and livestock products","356","India","5412","Yield","01444","Sesame seed","1989","1989","kg/ha","312.2","A","Official value",""
"QCL","Crops and livestock products","356","India","5412","Yield","01444","Sesame seed","1990","1990","kg/ha","332.1","A","Official value",""
"QCL","Crops and livestock products","356","India","5412","Yield","01444","Sesame seed","1991","1991","kg/ha","268.7","A","Official value",""
"QCL","Crops and livestock products","356","India","5412","Yield","01444","Sesame seed","1992","1992","kg/ha","356.2","A","Official value",""
"QCL","Crops and livestock products","356","India","5412","Yield","01444","Sesame seed","1993","1993","kg/ha","254.2","A","Official value",""
"QCL","Crops and livestock products","356","India","5412","Yield","01444","Sesame seed","1994","1994","kg/ha","297.6","A","Official value",""
"QCL","Crops and livestock products","356","India","5412","Yield","01444","Sesame seed","1995","1995","kg/ha","290.8","A","Official value",""
"QCL","Crops and livestock products","356","India","5412","Yield","01444","Sesame seed","1996","1996","kg/ha","321.3","A","Official value",""
"QCL","Crops and livestock products","356","India","5412","Yield","01444","Sesame seed","1997","1997","kg/ha","343.4","A","Official value",""
"QCL","Crops and livestock products","356","India","5412","Yield","01444","Sesame seed","1998","1998","kg/ha","329.4","A","Official value",""
"QCL","Crops and livestock products","356","India","5412","Yield","01444","Sesame seed","1999","1999","kg/ha","307.6","A","Official value",""
"QCL","Crops and livestock products","356","India","5412","Yield","01444","Sesame seed","2000","2000","kg/ha","302.3","A","Official value",""
"QCL","Crops and livestock products","356","India","5412","Yield","01444","Sesame seed","2001","2001","kg/ha","417.7","A","Official value",""
"QCL","Crops and livestock products","356","India","5412","Yield","01444","Sesame seed","2002","2002","kg/ha","305.5","A","Official value",""
"QCL","Crops and livestock products","356","India","5412","Yield","01444","Sesame seed","2003","2003","kg/ha","460.1","A","Official value",""
"QCL","Crops and livestock products","356","India","5412","Yield","01444","Sesame seed","2004","2004","kg/ha","365.6","A","Official value",""
"QCL","Crops and livestock products","356","India","5412","Yield","01444","Sesame seed","2005","2005","kg/ha","372","A","Official value",""
"QCL","Crops and livestock products","356","India","5412","Yield","01444","Sesame seed","2006","2006","kg/ha","363.2","A","Official value",""
"QCL","Crops and livestock products","356","India","5412","Yield","01444","Sesame seed","2007","2007","kg/ha","420.9","A","Official value",""
"QCL","Crops and livestock products","356","India","5412","Yield","01444","Sesame seed","2008","2008","kg/ha","354.1","A","Official value",""
"QCL","Crops and livestock products","356","India","5412","Yield","01444","Sesame seed","2009","2009","kg/ha","303","A","Official value",""
"QCL","Crops and livestock products","356","India","5412","Yield","01444","Sesame seed","2010","2010","kg/ha","428.7","A","Official value",""
"QCL","Crops and livestock products","356","India","5412","Yield","01444","Sesame seed","2011","2011","kg/ha","426.1","A","Official value",""
"QCL","Crops and livestock products","356","India","5412","Yield","01444","Sesame seed","2012","2012","kg/ha","401.6","A","Official value",""
"QCL","Crops and livestock products","356","India","5412","Yield","01444","Sesame seed","2013","2013","kg/ha","425.6","A","Official value",""
"QCL","Crops and livestock products","356","India","5412","Yield","01444","Sesame seed","2014","2014","kg/ha","474.1","A","Official value",""
"QCL","Crops and livestock products","356","India","5412","Yield","01444","Sesame seed","2015","2015","kg/ha","435.7","A","Official value",""
"QCL","Crops and livestock products","356","India","5412","Yield","01444","Sesame seed","2016","2016","kg/ha","448.1","A","Official value",""
"QCL","Crops and livestock products","356","India","5412","Yield","01444","Sesame seed","2017","2017","kg/ha","478.2","A","Official value",""
"QCL","Crops and livestock products","356","India","5412","Yield","01444","Sesame seed","2018","2018","kg/ha","485.4","A","Official value",""
"QCL","Crops and livestock products","356","India","5412","Yield","01444","Sesame seed","2019","2019","kg/ha","405.2","A","Official value",""
"QCL","Crops and livestock products","356","India","5412","Yield","01444","Sesame seed","2020","2020","kg/ha","474.2","A","Official value",""
"QCL","Crops and livestock products","356","India","5412","Yield","01444","Sesame seed","2021","2021","kg/ha","484.8","A","Official value",""
"QCL","Crops and livestock products","356","India","5412","Yield","01444","Sesame seed","2022","2022","kg/ha","375.5","A","Official value",""
"QCL","Crops and livestock products","356","India","5412","Yield","01444","Sesame seed","2023","2023","kg/ha","541.2","A","Official value",""
"QCL","Crops and livestock products","356","India","5412","Yield","01444","Sesame seed","2024","2024","kg/ha","557.8","A","Official value",""
"QCL","Crops and livestock products","356","India","5412","Yield","0114","Sorghum","1961","1961","kg/ha","440","A","Official value",""
"QCL","Crops and livestock products","356","India","5412","Yield","0114","Sorghum","1962","1962","kg/ha","529.4","A","Official value",""
"QCL","Crops and livestock products","356","India","5412","Yield","0114","Sorghum","1963","1963","kg/ha","500.5","A","Official value",""
"QCL","Crops and livestock products","356","India","5412","Yield","0114","Sorghum","1964","1964","kg/ha","536.3","A","Official value",""
"QCL","Crops and livestock products","356","India","5412","Yield","0114","Sorghum","1965","1965","kg/ha","428.8","A","Official value",""
"QCL","Crops and livestock products","356","India","5412","Yield","0114","Sorghum","1966","1966","kg/ha","510.9","A","Official value",""
"QCL","Crops and livestock products","356","India","5412","Yield","0114","Sorghum","1967","1967","kg/ha","545.4","A","Official value",""
"QCL","Crops and livestock products","356","India","5412","Yield","0114","Sorghum","1968","1968","kg/ha","523.4","A","Official value",""
"QCL","Crops and livestock products","356","India","5412","Yield","0114","Sorghum","1969","1969","kg/ha","522.5","A","Official value",""
"QCL","Crops and livestock products","356","India","5412","Yield","0114","Sorghum","1970","1970","kg/ha","466.5","A","Official value",""
"QCL","Crops and livestock products","356","India","5412","Yield","0114","Sorghum","1971","1971","kg/ha","460.3","A","Official value",""
"QCL","Crops and livestock products","356","India","5412","Yield","0114","Sorghum","1972","1972","kg/ha","449.2","A","Official value",""
"QCL","Crops and livestock products","356","India","5412","Yield","0114","Sorghum","1973","1973","kg/ha","544.2","A","Official value",""
"QCL","Crops and livestock products","356","India","5412","Yield","0114","Sorghum","1974","1974","kg/ha","643.3","A","Official value",""
"QCL","Crops and livestock products","356","India","5412","Yield","0114","Sorghum","1975","1975","kg/ha","590.6","A","Official value",""
"QCL","Crops and livestock products","356","India","5412","Yield","0114","Sorghum","1976","1976","kg/ha","667.3","A","Official value",""
"QCL","Crops and livestock products","356","India","5412","Yield","0114","Sorghum","1977","1977","kg/ha","739.3","A","Official value",""
"QCL","Crops and livestock products","356","India","5412","Yield","0114","Sorghum","1978","1978","kg/ha","708.3","A","Official value",""
"QCL","Crops and livestock products","356","India","5412","Yield","0114","Sorghum","1979","1979","kg/ha","698.6","A","Official value",""
"QCL","Crops and livestock products","356","India","5412","Yield","0114","Sorghum","1980","1980","kg/ha","659.8","A","Official value",""
"QCL","Crops and livestock products","356","India","5412","Yield","0114","Sorghum","1981","1981","kg/ha","726.7","A","Official value",""
"QCL","Crops and livestock products","356","India","5412","Yield","0114","Sorghum","1982","1982","kg/ha","656.6","A","Official value",""
"QCL","Crops and livestock products","356","India","5412","Yield","0114","Sorghum","1983","1983","kg/ha","725.4","A","Official value",""
"QCL","Crops and livestock products","356","India","5412","Yield","0114","Sorghum","1984","1984","kg/ha","715.4","A","Official value",""
"QCL","Crops and livestock products","356","India","5412","Yield","0114","Sorghum","1985","1985","kg/ha","633.5","A","Official value",""
"QCL","Crops and livestock products","356","India","5412","Yield","0114","Sorghum","1986","1986","kg/ha","576","A","Official value",""
"QCL","Crops and livestock products","356","India","5412","Yield","0114","Sorghum","1987","1987","kg/ha","762.3","A","Official value",""
"QCL","Crops and livestock products","356","India","5412","Yield","0114","Sorghum","1988","1988","kg/ha","696.6","A","Official value",""
"QCL","Crops and livestock products","356","India","5412","Yield","0114","Sorghum","1989","1989","kg/ha","869.3","A","Official value",""
"QCL","Crops and livestock products","356","India","5412","Yield","0114","Sorghum","1990","1990","kg/ha","813.6","A","Official value",""
"QCL","Crops and livestock products","356","India","5412","Yield","0114","Sorghum","1991","1991","kg/ha","681","A","Official value",""
"QCL","Crops and livestock products","356","India","5412","Yield","0114","Sorghum","1992","1992","kg/ha","946","A","Official value",""
"QCL","Crops and livestock products","356","India","5412","Yield","0114","Sorghum","1993","1993","kg/ha","873.9","A","Official value",""
"QCL","Crops and livestock products","356","India","5412","Yield","0114","Sorghum","1994","1994","kg/ha","846.4","A","Official value",""
"QCL","Crops and livestock products","356","India","5412","Yield","0114","Sorghum","1995","1995","kg/ha","777.9","A","Official value",""
"QCL","Crops and livestock products","356","India","5412","Yield","0114","Sorghum","1996","1996","kg/ha","935","A","Official value",""
"QCL","Crops and livestock products","356","India","5412","Yield","0114","Sorghum","1997","1997","kg/ha","819.1","A","Official value",""
"QCL","Crops and livestock products","356","India","5412","Yield","0114","Sorghum","1998","1998","kg/ha","737.3","A","Official value",""
"QCL","Crops and livestock products","356","India","5412","Yield","0114","Sorghum","1999","1999","kg/ha","830.5","A","Official value",""
"QCL","Crops and livestock products","356","India","5412","Yield","0114","Sorghum","2000","2000","kg/ha","819.2","A","Official value",""
"QCL","Crops and livestock products","356","India","5412","Yield","0114","Sorghum","2001","2001","kg/ha","760.3","A","Official value",""
"QCL","Crops and livestock products","356","India","5412","Yield","0114","Sorghum","2002","2002","kg/ha","789.4","A","Official value",""
"QCL","Crops and livestock products","356","India","5412","Yield","0114","Sorghum","2003","2003","kg/ha","801.9","A","Official value",""
"QCL","Crops and livestock products","356","India","5412","Yield","0114","Sorghum","2004","2004","kg/ha","656","A","Official value",""
"QCL","Crops and livestock products","356","India","5412","Yield","0114","Sorghum","2005","2005","kg/ha","830.4","A","Official value",""
"QCL","Crops and livestock products","356","India","5412","Yield","0114","Sorghum","2006","2006","kg/ha","840.6","A","Official value",""
"QCL","Crops and livestock products","356","India","5412","Yield","0114","Sorghum","2007","2007","kg/ha","918","A","Official value",""
"QCL","Crops and livestock products","356","India","5412","Yield","0114","Sorghum","2008","2008","kg/ha","958.9","A","Official value",""
"QCL","Crops and livestock products","356","India","5412","Yield","0114","Sorghum","2009","2009","kg/ha","883.2","A","Official value",""
"QCL","Crops and livestock products","356","India","5412","Yield","0114","Sorghum","2010","2010","kg/ha","967.7","A","Official value",""
"QCL","Crops and livestock products","356","India","5412","Yield","0114","Sorghum","2011","2011","kg/ha","989.5","A","Official value",""
"QCL","Crops and livestock products","356","India","5412","Yield","0114","Sorghum","2012","2012","kg/ha","913.3","A","Official value",""
"QCL","Crops and livestock products","356","India","5412","Yield","0114","Sorghum","2013","2013","kg/ha","796.9","A","Official value",""
"QCL","Crops and livestock products","356","India","5412","Yield","0114","Sorghum","2014","2014","kg/ha","942.1","A","Official value",""
"QCL","Crops and livestock products","356","India","5412","Yield","0114","Sorghum","2015","2015","kg/ha","822.5","A","Official value",""
"QCL","Crops and livestock products","356","India","5412","Yield","0114","Sorghum","2016","2016","kg/ha","731.2","A","Official value",""
"QCL","Crops and livestock products","356","India","5412","Yield","0114","Sorghum","2017","2017","kg/ha","867.1","A","Official value",""
"QCL","Crops and livestock products","356","India","5412","Yield","0114","Sorghum","2018","2018","kg/ha","903.7","A","Official value",""
"QCL","Crops and livestock products","356","India","5412","Yield","0114","Sorghum","2019","2019","kg/ha","839.7","A","Official value",""
"QCL","Crops and livestock products","356","India","5412","Yield","0114","Sorghum","2020","2020","kg/ha","1074.4","A","Official value",""
"QCL","Crops and livestock products","356","India","5412","Yield","0114","Sorghum","2021","2021","kg/ha","1052.8","A","Official value",""
"QCL","Crops and livestock products","356","India","5412","Yield","0114","Sorghum","2022","2022","kg/ha","1084.9","A","Official value",""
"QCL","Crops and livestock products","356","India","5412","Yield","0114","Sorghum","2023","2023","kg/ha","1116.5","A","Official value",""
"QCL","Crops and livestock products","356","India","5412","Yield","0114","Sorghum","2024","2024","kg/ha","1173.8","A","Official value",""
"QCL","Crops and livestock products","356","India","5412","Yield","0141","Soya beans","1961","1961","kg/ha","454.5","E","Estimated value",""
"QCL","Crops and livestock products","356","India","5412","Yield","0141","Soya beans","1962","1962","kg/ha","454.5","E","Estimated value",""
"QCL","Crops and livestock products","356","India","5412","Yield","0141","Soya beans","1963","1963","kg/ha","444.4","E","Estimated value",""
"QCL","Crops and livestock products","356","India","5412","Yield","0141","Soya beans","1964","1964","kg/ha","444.4","E","Estimated value",""
"QCL","Crops and livestock products","356","India","5412","Yield","0141","Soya beans","1965","1965","kg/ha","434.8","E","Estimated value",""
"QCL","Crops and livestock products","356","India","5412","Yield","0141","Soya beans","1966","1966","kg/ha","434.8","E","Estimated value",""
"QCL","Crops and livestock products","356","India","5412","Yield","0141","Soya beans","1967","1967","kg/ha","444.4","E","Estimated value",""
"QCL","Crops and livestock products","356","India","5412","Yield","0141","Soya beans","1968","1968","kg/ha","444.4","E","Estimated value",""
"QCL","Crops and livestock products","356","India","5412","Yield","0141","Soya beans","1969","1969","kg/ha","437.5","E","Estimated value",""
"QCL","Crops and livestock products","356","India","5412","Yield","0141","Soya beans","1970","1970","kg/ha","437.5","A","Official value",""
"QCL","Crops and livestock products","356","India","5412","Yield","0141","Soya beans","1971","1971","kg/ha","437.5","A","Official value",""
"QCL","Crops and livestock products","356","India","5412","Yield","0141","Soya beans","1972","1972","kg/ha","823.5","A","Official value",""
"QCL","Crops and livestock products","356","India","5412","Yield","0141","Soya beans","1973","1973","kg/ha","812.5","A","Official value",""
"QCL","Crops and livestock products","356","India","5412","Yield","0141","Soya beans","1974","1974","kg/ha","761.2","A","Official value",""
"QCL","Crops and livestock products","356","India","5412","Yield","0141","Soya beans","1975","1975","kg/ha","978.5","A","Official value",""
"QCL","Crops and livestock products","356","India","5412","Yield","0141","Soya beans","1976","1976","kg/ha","984","A","Official value",""
"QCL","Crops and livestock products","356","India","5412","Yield","0141","Soya beans","1977","1977","kg/ha","938.5","A","Official value",""
"QCL","Crops and livestock products","356","India","5412","Yield","0141","Soya beans","1978","1978","kg/ha","977.1","A","Official value",""
"QCL","Crops and livestock products","356","India","5412","Yield","0141","Soya beans","1979","1979","kg/ha","568.5","A","Official value",""
"QCL","Crops and livestock products","356","India","5412","Yield","0141","Soya beans","1980","1980","kg/ha","727","A","Official value",""
"QCL","Crops and livestock products","356","India","5412","Yield","0141","Soya beans","1981","1981","kg/ha","741.1","A","Official value",""
"QCL","Crops and livestock products","356","India","5412","Yield","0141","Soya beans","1982","1982","kg/ha","637.7","A","Official value",""
"QCL","Crops and livestock products","356","India","5412","Yield","0141","Soya beans","1983","1983","kg/ha","734.8","A","Official value",""
"QCL","Crops and livestock products","356","India","5412","Yield","0141","Soya beans","1984","1984","kg/ha","768.3","A","Official value",""
"QCL","Crops and livestock products","356","India","5412","Yield","0141","Soya beans","1985","1985","kg/ha","764.4","A","Official value",""
"QCL","Crops and livestock products","356","India","5412","Yield","0141","Soya beans","1986","1986","kg/ha","583.8","A","Official value",""
"QCL","Crops and livestock products","356","India","5412","Yield","0141","Soya beans","1987","1987","kg/ha","582.3","A","Official value",""
"QCL","Crops and livestock products","356","India","5412","Yield","0141","Soya beans","1988","1988","kg/ha","892.2","A","Official value",""
"QCL","Crops and livestock products","356","India","5412","Yield","0141","Soya beans","1989","1989","kg/ha","801.4","A","Official value",""
"QCL","Crops and livestock products","356","India","5412","Yield","0141","Soya beans","1990","1990","kg/ha","1014.5","A","Official value",""
"QCL","Crops and livestock products","356","India","5412","Yield","0141","Soya beans","1991","1991","kg/ha","782.5","A","Official value",""
"QCL","Crops and livestock products","356","India","5412","Yield","0141","Soya beans","1992","1992","kg/ha","893.9","A","Official value",""
"QCL","Crops and livestock products","356","India","5412","Yield","0141","Soya beans","1993","1993","kg/ha","1085.7","A","Official value",""
"QCL","Crops and livestock products","356","India","5412","Yield","0141","Soya beans","1994","1994","kg/ha","910.6","A","Official value",""
"QCL","Crops and livestock products","356","India","5412","Yield","0141","Soya beans","1995","1995","kg/ha","1012","A","Official value",""
"QCL","Crops and livestock products","356","India","5412","Yield","0141","Soya beans","1996","1996","kg/ha","988.7","A","Official value",""
"QCL","Crops and livestock products","356","India","5412","Yield","0141","Soya beans","1997","1997","kg/ha","1079.2","A","Official value",""
"QCL","Crops and livestock products","356","India","5412","Yield","0141","Soya beans","1998","1998","kg/ha","1100.3","A","Official value",""
"QCL","Crops and livestock products","356","India","5412","Yield","0141","Soya beans","1999","1999","kg/ha","1137.8","A","Official value",""
"QCL","Crops and livestock products","356","India","5412","Yield","0141","Soya beans","2000","2000","kg/ha","822.9","A","Official value",""
"QCL","Crops and livestock products","356","India","5412","Yield","0141","Soya beans","2001","2001","kg/ha","940","A","Official value",""
"QCL","Crops and livestock products","356","India","5412","Yield","0141","Soya beans","2002","2002","kg/ha","762.4","A","Official value",""
"QCL","Crops and livestock products","356","India","5412","Yield","0141","Soya beans","2003","2003","kg/ha","1192.9","A","Official value",""
"QCL","Crops and livestock products","356","India","5412","Yield","0141","Soya beans","2004","2004","kg/ha","908.2","A","Official value",""
"QCL","Crops and livestock products","356","India","5412","Yield","0141","Soya beans","2005","2005","kg/ha","1073.4","A","Official value",""
"QCL","Crops and livestock products","356","India","5412","Yield","0141","Soya beans","2006","2006","kg/ha","1062.7","A","Official value",""
"QCL","Crops and livestock products","356","India","5412","Yield","0141","Soya beans","2007","2007","kg/ha","1234.9","A","Official value",""
"QCL","Crops and livestock products","356","India","5412","Yield","0141","Soya beans","2008","2008","kg/ha","1041.5","A","Official value",""
"QCL","Crops and livestock products","356","India","5412","Yield","0141","Soya beans","2009","2009","kg/ha","1023.6","A","Official value",""
"QCL","Crops and livestock products","356","India","5412","Yield","0141","Soya beans","2010","2010","kg/ha","1326.3","A","Official value",""
"QCL","Crops and livestock products","356","India","5412","Yield","0141","Soya beans","2011","2011","kg/ha","1208.2","A","Official value",""
"QCL","Crops and livestock products","356","India","5412","Yield","0141","Soya beans","2012","2012","kg/ha","1352.9","A","Official value",""
"QCL","Crops and livestock products","356","India","5412","Yield","0141","Soya beans","2013","2013","kg/ha","1012.3","A","Official value",""
"QCL","Crops and livestock products","356","India","5412","Yield","0141","Soya beans","2014","2014","kg/ha","950.8","A","Official value",""
"QCL","Crops and livestock products","356","India","5412","Yield","0141","Soya beans","2015","2015","kg/ha","738.5","A","Official value",""
"QCL","Crops and livestock products","356","India","5412","Yield","0141","Soya beans","2016","2016","kg/ha","1176.6","A","Official value",""
"QCL","Crops and livestock products","356","India","5412","Yield","0141","Soya beans","2017","2017","kg/ha","1058.5","A","Official value",""
"QCL","Crops and livestock products","356","India","5412","Yield","0141","Soya beans","2018","2018","kg/ha","1191.9","A","Official value",""
"QCL","Crops and livestock products","356","India","5412","Yield","0141","Soya beans","2019","2019","kg/ha","920.7","A","Official value",""
"QCL","Crops and livestock products","356","India","5412","Yield","0141","Soya beans","2020","2020","kg/ha","976.2","A","Official value",""
"QCL","Crops and livestock products","356","India","5412","Yield","0141","Soya beans","2021","2021","kg/ha","1069.2","A","Official value",""
"QCL","Crops and livestock products","356","India","5412","Yield","0141","Soya beans","2022","2022","kg/ha","1145.3","A","Official value",""
"QCL","Crops and livestock products","356","India","5412","Yield","0141","Soya beans","2023","2023","kg/ha","985.4","A","Official value",""
"QCL","Crops and livestock products","356","India","5412","Yield","0141","Soya beans","2024","2024","kg/ha","1169.5","A","Official value",""
"QCL","Crops and livestock products","356","India","5412","Yield","01354","Strawberries","2015","2015","kg/ha","8000","A","Official value",""
"QCL","Crops and livestock products","356","India","5412","Yield","01354","Strawberries","2016","2016","kg/ha","7064.3","A","Official value",""
"QCL","Crops and livestock products","356","India","5412","Yield","01354","Strawberries","2017","2017","kg/ha","7358.1","A","Official value",""
"QCL","Crops and livestock products","356","India","5412","Yield","01354","Strawberries","2018","2018","kg/ha","8137.3","A","Official value",""
"QCL","Crops and livestock products","356","India","5412","Yield","01354","Strawberries","2019","2019","kg/ha","6629.4","A","Official value",""
"QCL","Crops and livestock products","356","India","5412","Yield","01354","Strawberries","2020","2020","kg/ha","9176.9","A","Official value",""
"QCL","Crops and livestock products","356","India","5412","Yield","01354","Strawberries","2021","2021","kg/ha","5994.3","A","Official value",""
"QCL","Crops and livestock products","356","India","5412","Yield","01354","Strawberries","2022","2022","kg/ha","4430.5","A","Official value",""
"QCL","Crops and livestock products","356","India","5412","Yield","01354","Strawberries","2023","2023","kg/ha","7793.9","A","Official value",""
"QCL","Crops and livestock products","356","India","5412","Yield","01354","Strawberries","2024","2024","kg/ha","6961.6","A","Official value",""
"QCL","Crops and livestock products","356","India","5412","Yield","01802","Sugar cane","1961","1961","kg/ha","45586.8","A","Official value",""
"QCL","Crops and livestock products","356","India","5412","Yield","01802","Sugar cane","1962","1962","kg/ha","42331.8","A","Official value",""
"QCL","Crops and livestock products","356","India","5412","Yield","01802","Sugar cane","1963","1963","kg/ha","40996","A","Official value",""
"QCL","Crops and livestock products","356","India","5412","Yield","01802","Sugar cane","1964","1964","kg/ha","46342.8","A","Official value",""
"QCL","Crops and livestock products","356","India","5412","Yield","01802","Sugar cane","1965","1965","kg/ha","46900.4","A","Official value",""
"QCL","Crops and livestock products","356","India","5412","Yield","01802","Sugar cane","1966","1966","kg/ha","43720","A","Official value",""
"QCL","Crops and livestock products","356","India","5412","Yield","01802","Sugar cane","1967","1967","kg/ha","40342","A","Official value",""
"QCL","Crops and livestock products","356","India","5412","Yield","01802","Sugar cane","1968","1968","kg/ha","46653.6","A","Official value",""
"QCL","Crops and livestock products","356","India","5412","Yield","01802","Sugar cane","1969","1969","kg/ha","49236.3","A","Official value",""
"QCL","Crops and livestock products","356","India","5412","Yield","01802","Sugar cane","1970","1970","kg/ha","49135.4","A","Official value",""
"QCL","Crops and livestock products","356","India","5412","Yield","01802","Sugar cane","1971","1971","kg/ha","48324.3","A","Official value",""
"QCL","Crops and livestock products","356","India","5412","Yield","01802","Sugar cane","1972","1972","kg/ha","47510.7","A","Official value",""
"QCL","Crops and livestock products","356","India","5412","Yield","01802","Sugar cane","1973","1973","kg/ha","50932.7","A","Official value",""
"QCL","Crops and livestock products","356","India","5412","Yield","01802","Sugar cane","1974","1974","kg/ha","51162.8","A","Official value",""
"QCL","Crops and livestock products","356","India","5412","Yield","01802","Sugar cane","1975","1975","kg/ha","49854.5","A","Official value",""
"QCL","Crops and livestock products","356","India","5412","Yield","01802","Sugar cane","1976","1976","kg/ha","50902.7","A","Official value",""
"QCL","Crops and livestock products","356","India","5412","Yield","01802","Sugar cane","1977","1977","kg/ha","53383.2","A","Official value",""
"QCL","Crops and livestock products","356","India","5412","Yield","01802","Sugar cane","1978","1978","kg/ha","56159.8","A","Official value",""
"QCL","Crops and livestock products","356","India","5412","Yield","01802","Sugar cane","1979","1979","kg/ha","49114.3","A","Official value",""
"QCL","Crops and livestock products","356","India","5412","Yield","01802","Sugar cane","1980","1980","kg/ha","49357.7","A","Official value",""
"QCL","Crops and livestock products","356","India","5412","Yield","01802","Sugar cane","1981","1981","kg/ha","57844.4","A","Official value",""
"QCL","Crops and livestock products","356","India","5412","Yield","01802","Sugar cane","1982","1982","kg/ha","58358.9","A","Official value",""
"QCL","Crops and livestock products","356","India","5412","Yield","01802","Sugar cane","1983","1983","kg/ha","56440.8","A","Official value",""
"QCL","Crops and livestock products","356","India","5412","Yield","01802","Sugar cane","1984","1984","kg/ha","55978.4","A","Official value",""
"QCL","Crops and livestock products","356","India","5412","Yield","01802","Sugar cane","1985","1985","kg/ha","57672.8","A","Official value",""
"QCL","Crops and livestock products","356","India","5412","Yield","01802","Sugar cane","1986","1986","kg/ha","59986.4","A","Official value",""
"QCL","Crops and livestock products","356","India","5412","Yield","01802","Sugar cane","1987","1987","kg/ha","60444.2","A","Official value",""
"QCL","Crops and livestock products","356","India","5412","Yield","01802","Sugar cane","1988","1988","kg/ha","60006.4","A","Official value",""
"QCL","Crops and livestock products","356","India","5412","Yield","01802","Sugar cane","1989","1989","kg/ha","60992.2","A","Official value",""
"QCL","Crops and livestock products","356","India","5412","Yield","01802","Sugar cane","1990","1990","kg/ha","65591.5","A","Official value",""
"QCL","Crops and livestock products","356","India","5412","Yield","01802","Sugar cane","1991","1991","kg/ha","65394.9","A","Official value",""
"QCL","Crops and livestock products","356","India","5412","Yield","01802","Sugar cane","1992","1992","kg/ha","66145.8","A","Official value",""
"QCL","Crops and livestock products","356","India","5412","Yield","01802","Sugar cane","1993","1993","kg/ha","63873.9","A","Official value",""
"QCL","Crops and livestock products","356","India","5412","Yield","01802","Sugar cane","1994","1994","kg/ha","67155","A","Official value",""
"QCL","Crops and livestock products","356","India","5412","Yield","01802","Sugar cane","1995","1995","kg/ha","71199","A","Official value",""
"QCL","Crops and livestock products","356","India","5412","Yield","01802","Sugar cane","1996","1996","kg/ha","67734.9","A","Official value",""
"QCL","Crops and livestock products","356","India","5412","Yield","01802","Sugar cane","1997","1997","kg/ha","66495.8","A","Official value",""
"QCL","Crops and livestock products","356","India","5412","Yield","01802","Sugar cane","1998","1998","kg/ha","71133.8","A","Official value",""
"QCL","Crops and livestock products","356","India","5412","Yield","01802","Sugar cane","1999","1999","kg/ha","76532.8","A","Official value",""
"QCL","Crops and livestock products","356","India","5412","Yield","01802","Sugar cane","2000","2000","kg/ha","70934.9","A","Official value",""
"QCL","Crops and livestock products","356","India","5412","Yield","01802","Sugar cane","2001","2001","kg/ha","68576.6","A","Official value",""
"QCL","Crops and livestock products","356","India","5412","Yield","01802","Sugar cane","2002","2002","kg/ha","67369.6","A","Official value",""
"QCL","Crops and livestock products","356","India","5412","Yield","01802","Sugar cane","2003","2003","kg/ha","63576.1","A","Official value",""
"QCL","Crops and livestock products","356","India","5412","Yield","01802","Sugar cane","2004","2004","kg/ha","59379.9","A","Official value",""
"QCL","Crops and livestock products","356","India","5412","Yield","01802","Sugar cane","2005","2005","kg/ha","64751.7","A","Official value",""
"QCL","Crops and livestock products","356","India","5412","Yield","01802","Sugar cane","2006","2006","kg/ha","66928.1","A","Official value",""
"QCL","Crops and livestock products","356","India","5412","Yield","01802","Sugar cane","2007","2007","kg/ha","69033","A","Official value",""
"QCL","Crops and livestock products","356","India","5412","Yield","01802","Sugar cane","2008","2008","kg/ha","68877.2","A","Official value",""
"QCL","Crops and livestock products","356","India","5412","Yield","01802","Sugar cane","2009","2009","kg/ha","64553.5","A","Official value",""
"QCL","Crops and livestock products","356","India","5412","Yield","01802","Sugar cane","2010","2010","kg/ha","70019.1","A","Official value",""
"QCL","Crops and livestock products","356","India","5412","Yield","01802","Sugar cane","2011","2011","kg/ha","69246.6","A","Official value",""
"QCL","Crops and livestock products","356","India","5412","Yield","01802","Sugar cane","2012","2012","kg/ha","71634.3","A","Official value",""
"QCL","Crops and livestock products","356","India","5412","Yield","01802","Sugar cane","2013","2013","kg/ha","68240","A","Official value",""
"QCL","Crops and livestock products","356","India","5412","Yield","01802","Sugar cane","2014","2014","kg/ha","70569.5","A","Official value",""
"QCL","Crops and livestock products","356","India","5412","Yield","01802","Sugar cane","2015","2015","kg/ha","71466.1","A","Official value",""
"QCL","Crops and livestock products","356","India","5412","Yield","01802","Sugar cane","2016","2016","kg/ha","70393.5","A","Official value",""
"QCL","Crops and livestock products","356","India","5412","Yield","01802","Sugar cane","2017","2017","kg/ha","69001.4","A","Official value",""
"QCL","Crops and livestock products","356","India","5412","Yield","01802","Sugar cane","2018","2018","kg/ha","80198.4","A","Official value",""
"QCL","Crops and livestock products","356","India","5412","Yield","01802","Sugar cane","2019","2019","kg/ha","80104.5","A","Official value",""
"QCL","Crops and livestock products","356","India","5412","Yield","01802","Sugar cane","2020","2020","kg/ha","80496.6","A","Official value",""
"QCL","Crops and livestock products","356","India","5412","Yield","01802","Sugar cane","2021","2021","kg/ha","83566.2","A","Official value",""
"QCL","Crops and livestock products","356","India","5412","Yield","01802","Sugar cane","2022","2022","kg/ha","84906.3","A","Official value",""
"QCL","Crops and livestock products","356","India","5412","Yield","01802","Sugar cane","2023","2023","kg/ha","83348.7","A","Official value",""
"QCL","Crops and livestock products","356","India","5412","Yield","01802","Sugar cane","2024","2024","kg/ha","78953","A","Official value",""
"QCL","Crops and livestock products","356","India","5412","Yield","01445","Sunflower seed","1970","1970","kg/ha","649.6","A","Official value",""
"QCL","Crops and livestock products","356","India","5412","Yield","01445","Sunflower seed","1971","1971","kg/ha","649.6","A","Official value",""
"QCL","Crops and livestock products","356","India","5412","Yield","01445","Sunflower seed","1972","1972","kg/ha","649.6","A","Official value",""
"QCL","Crops and livestock products","356","India","5412","Yield","01445","Sunflower seed","1973","1973","kg/ha","713.1","A","Official value",""
"QCL","Crops and livestock products","356","India","5412","Yield","01445","Sunflower seed","1974","1974","kg/ha","670.6","A","Official value",""
"QCL","Crops and livestock products","356","India","5412","Yield","01445","Sunflower seed","1975","1975","kg/ha","686.7","A","Official value",""
"QCL","Crops and livestock products","356","India","5412","Yield","01445","Sunflower seed","1976","1976","kg/ha","541.2","A","Official value",""
"QCL","Crops and livestock products","356","India","5412","Yield","01445","Sunflower seed","1977","1977","kg/ha","522.2","A","Official value",""
"QCL","Crops and livestock products","356","India","5412","Yield","01445","Sunflower seed","1978","1978","kg/ha","544","A","Official value",""
"QCL","Crops and livestock products","356","India","5412","Yield","01445","Sunflower seed","1979","1979","kg/ha","518.8","A","Official value",""
"QCL","Crops and livestock products","356","India","5412","Yield","01445","Sunflower seed","1980","1980","kg/ha","555.3","A","Official value",""
"QCL","Crops and livestock products","356","India","5412","Yield","01445","Sunflower seed","1981","1981","kg/ha","564.2","A","Official value",""
"QCL","Crops and livestock products","356","India","5412","Yield","01445","Sunflower seed","1982","1982","kg/ha","497","A","Official value",""
"QCL","Crops and livestock products","356","India","5412","Yield","01445","Sunflower seed","1983","1983","kg/ha","430.5","A","Official value",""
"QCL","Crops and livestock products","356","India","5412","Yield","01445","Sunflower seed","1984","1984","kg/ha","526.7","A","Official value",""
"QCL","Crops and livestock products","356","India","5412","Yield","01445","Sunflower seed","1985","1985","kg/ha","373.7","A","Official value",""
"QCL","Crops and livestock products","356","India","5412","Yield","01445","Sunflower seed","1986","1986","kg/ha","410.7","A","Official value",""
"QCL","Crops and livestock products","356","India","5412","Yield","01445","Sunflower seed","1987","1987","kg/ha","384.7","A","Official value",""
"QCL","Crops and livestock products","356","India","5412","Yield","01445","Sunflower seed","1988","1988","kg/ha","335.3","A","Official value",""
"QCL","Crops and livestock products","356","India","5412","Yield","01445","Sunflower seed","1989","1989","kg/ha","529.5","A","Official value",""
"QCL","Crops and livestock products","356","India","5412","Yield","01445","Sunflower seed","1990","1990","kg/ha","534.6","A","Official value",""
"QCL","Crops and livestock products","356","India","5412","Yield","01445","Sunflower seed","1991","1991","kg/ha","476.8","A","Official value",""
"QCL","Crops and livestock products","356","India","5412","Yield","01445","Sunflower seed","1992","1992","kg/ha","614.8","A","Official value",""
"QCL","Crops and livestock products","356","India","5412","Yield","01445","Sunflower seed","1993","1993","kg/ha","490.9","A","Official value",""
"QCL","Crops and livestock products","356","India","5412","Yield","01445","Sunflower seed","1994","1994","kg/ha","596.3","A","Official value",""
"QCL","Crops and livestock products","356","India","5412","Yield","01445","Sunflower seed","1995","1995","kg/ha","602.1","A","Official value",""
"QCL","Crops and livestock products","356","India","5412","Yield","01445","Sunflower seed","1996","1996","kg/ha","596.2","A","Official value",""
"QCL","Crops and livestock products","356","India","5412","Yield","01445","Sunflower seed","1997","1997","kg/ha","636.5","A","Official value",""
"QCL","Crops and livestock products","356","India","5412","Yield","01445","Sunflower seed","1998","1998","kg/ha","472","A","Official value",""
"QCL","Crops and livestock products","356","India","5412","Yield","01445","Sunflower seed","1999","1999","kg/ha","581.7","A","Official value",""
"QCL","Crops and livestock products","356","India","5412","Yield","01445","Sunflower seed","2000","2000","kg/ha","591.7","A","Official value",""
"QCL","Crops and livestock products","356","India","5412","Yield","01445","Sunflower seed","2001","2001","kg/ha","586.1","A","Official value",""
"QCL","Crops and livestock products","356","India","5412","Yield","01445","Sunflower seed","2002","2002","kg/ha","568.7","A","Official value",""
"QCL","Crops and livestock products","356","India","5412","Yield","01445","Sunflower seed","2003","2003","kg/ha","527.1","A","Official value",""
"QCL","Crops and livestock products","356","India","5412","Yield","01445","Sunflower seed","2004","2004","kg/ha","465.8","A","Official value",""
"QCL","Crops and livestock products","356","India","5412","Yield","01445","Sunflower seed","2005","2005","kg/ha","548.9","A","Official value",""
"QCL","Crops and livestock products","356","India","5412","Yield","01445","Sunflower seed","2006","2006","kg/ha","591.4","A","Official value",""
"QCL","Crops and livestock products","356","India","5412","Yield","01445","Sunflower seed","2007","2007","kg/ha","641.1","A","Official value",""
"QCL","Crops and livestock products","356","India","5412","Yield","01445","Sunflower seed","2008","2008","kg/ha","749.4","A","Official value",""
"QCL","Crops and livestock products","356","India","5412","Yield","01445","Sunflower seed","2009","2009","kg/ha","590.6","A","Official value",""
"QCL","Crops and livestock products","356","India","5412","Yield","01445","Sunflower seed","2010","2010","kg/ha","676.5","A","Official value",""
"QCL","Crops and livestock products","356","India","5412","Yield","01445","Sunflower seed","2011","2011","kg/ha","694.2","A","Official value",""
"QCL","Crops and livestock products","356","India","5412","Yield","01445","Sunflower seed","2012","2012","kg/ha","720.1","A","Official value",""
"QCL","Crops and livestock products","356","India","5412","Yield","01445","Sunflower seed","2013","2013","kg/ha","672.1","A","Official value",""
"QCL","Crops and livestock products","356","India","5412","Yield","01445","Sunflower seed","2014","2014","kg/ha","757.1","A","Official value",""
"QCL","Crops and livestock products","356","India","5412","Yield","01445","Sunflower seed","2015","2015","kg/ha","671.5","A","Official value",""
"QCL","Crops and livestock products","356","India","5412","Yield","01445","Sunflower seed","2016","2016","kg/ha","653","A","Official value",""
"QCL","Crops and livestock products","356","India","5412","Yield","01445","Sunflower seed","2017","2017","kg/ha","693.4","A","Official value",""
"QCL","Crops and livestock products","356","India","5412","Yield","01445","Sunflower seed","2018","2018","kg/ha","853.7","A","Official value",""
"QCL","Crops and livestock products","356","India","5412","Yield","01445","Sunflower seed","2019","2019","kg/ha","807.7","A","Official value",""
"QCL","Crops and livestock products","356","India","5412","Yield","01445","Sunflower seed","2020","2020","kg/ha","983.4","A","Official value",""
"QCL","Crops and livestock products","356","India","5412","Yield","01445","Sunflower seed","2021","2021","kg/ha","986.4","A","Official value",""
"QCL","Crops and livestock products","356","India","5412","Yield","01445","Sunflower seed","2022","2022","kg/ha","976.5","A","Official value",""
"QCL","Crops and livestock products","356","India","5412","Yield","01445","Sunflower seed","2023","2023","kg/ha","1029.5","A","Official value",""
"QCL","Crops and livestock products","356","India","5412","Yield","01445","Sunflower seed","2024","2024","kg/ha","1124.7","A","Official value",""
"QCL","Crops and livestock products","356","India","5412","Yield","01530","Sweet potatoes","1961","1961","kg/ha","7736.2","A","Official value",""
"QCL","Crops and livestock products","356","India","5412","Yield","01530","Sweet potatoes","1962","1962","kg/ha","6217.4","A","Official value",""
"QCL","Crops and livestock products","356","India","5412","Yield","01530","Sweet potatoes","1963","1963","kg/ha","6391","A","Official value",""
"QCL","Crops and livestock products","356","India","5412","Yield","01530","Sweet potatoes","1964","1964","kg/ha","6576.9","A","Official value",""
"QCL","Crops and livestock products","356","India","5412","Yield","01530","Sweet potatoes","1965","1965","kg/ha","7083.9","A","Official value",""
"QCL","Crops and livestock products","356","India","5412","Yield","01530","Sweet potatoes","1966","1966","kg/ha","5536.3","A","Official value",""
"QCL","Crops and livestock products","356","India","5412","Yield","01530","Sweet potatoes","1967","1967","kg/ha","6296.1","A","Official value",""
"QCL","Crops and livestock products","356","India","5412","Yield","01530","Sweet potatoes","1968","1968","kg/ha","7461.9","A","Official value",""
"QCL","Crops and livestock products","356","India","5412","Yield","01530","Sweet potatoes","1969","1969","kg/ha","8453.9","A","Official value",""
"QCL","Crops and livestock products","356","India","5412","Yield","01530","Sweet potatoes","1970","1970","kg/ha","7539.5","A","Official value",""
"QCL","Crops and livestock products","356","India","5412","Yield","01530","Sweet potatoes","1971","1971","kg/ha","8402.9","A","Official value",""
"QCL","Crops and livestock products","356","India","5412","Yield","01530","Sweet potatoes","1972","1972","kg/ha","8010.4","A","Official value",""
"QCL","Crops and livestock products","356","India","5412","Yield","01530","Sweet potatoes","1973","1973","kg/ha","7191","A","Official value",""
"QCL","Crops and livestock products","356","India","5412","Yield","01530","Sweet potatoes","1974","1974","kg/ha","7077.6","A","Official value",""
"QCL","Crops and livestock products","356","India","5412","Yield","01530","Sweet potatoes","1975","1975","kg/ha","7194.8","A","Official value",""
"QCL","Crops and livestock products","356","India","5412","Yield","01530","Sweet potatoes","1976","1976","kg/ha","7206.1","A","Official value",""
"QCL","Crops and livestock products","356","India","5412","Yield","01530","Sweet potatoes","1977","1977","kg/ha","6640.9","A","Official value",""
"QCL","Crops and livestock products","356","India","5412","Yield","01530","Sweet potatoes","1978","1978","kg/ha","6674.4","A","Official value",""
"QCL","Crops and livestock products","356","India","5412","Yield","01530","Sweet potatoes","1979","1979","kg/ha","7380.6","A","Official value",""
"QCL","Crops and livestock products","356","India","5412","Yield","01530","Sweet potatoes","1980","1980","kg/ha","6337.4","A","Official value",""
"QCL","Crops and livestock products","356","India","5412","Yield","01530","Sweet potatoes","1981","1981","kg/ha","7203.4","A","Official value",""
"QCL","Crops and livestock products","356","India","5412","Yield","01530","Sweet potatoes","1982","1982","kg/ha","7551.2","A","Official value",""
"QCL","Crops and livestock products","356","India","5412","Yield","01530","Sweet potatoes","1983","1983","kg/ha","7323","A","Official value",""
"QCL","Crops and livestock products","356","India","5412","Yield","01530","Sweet potatoes","1984","1984","kg/ha","7351","A","Official value",""
"QCL","Crops and livestock products","356","India","5412","Yield","01530","Sweet potatoes","1985","1985","kg/ha","8468.8","A","Official value",""
"QCL","Crops and livestock products","356","India","5412","Yield","01530","Sweet potatoes","1986","1986","kg/ha","8045.7","A","Official value",""
"QCL","Crops and livestock products","356","India","5412","Yield","01530","Sweet potatoes","1987","1987","kg/ha","8360.1","A","Official value",""
"QCL","Crops and livestock products","356","India","5412","Yield","01530","Sweet potatoes","1988","1988","kg/ha","7758.2","A","Official value",""
"QCL","Crops and livestock products","356","India","5412","Yield","01530","Sweet potatoes","1989","1989","kg/ha","8075","A","Official value",""
"QCL","Crops and livestock products","356","India","5412","Yield","01530","Sweet potatoes","1990","1990","kg/ha","7966.3","A","Official value",""
"QCL","Crops and livestock products","356","India","5412","Yield","01530","Sweet potatoes","1991","1991","kg/ha","8345.3","A","Official value",""
"QCL","Crops and livestock products","356","India","5412","Yield","01530","Sweet potatoes","1992","1992","kg/ha","8283.5","A","Official value",""
"QCL","Crops and livestock products","356","India","5412","Yield","01530","Sweet potatoes","1993","1993","kg/ha","8596.2","A","Official value",""
"QCL","Crops and livestock products","356","India","5412","Yield","01530","Sweet potatoes","1994","1994","kg/ha","8482.3","A","Official value",""
"QCL","Crops and livestock products","356","India","5412","Yield","01530","Sweet potatoes","1995","1995","kg/ha","8064.3","A","Official value",""
"QCL","Crops and livestock products","356","India","5412","Yield","01530","Sweet potatoes","1996","1996","kg/ha","8071.6","A","Official value",""
"QCL","Crops and livestock products","356","India","5412","Yield","01530","Sweet potatoes","1997","1997","kg/ha","8485","A","Official value",""
"QCL","Crops and livestock products","356","India","5412","Yield","01530","Sweet potatoes","1998","1998","kg/ha","8690.7","A","Official value",""
"QCL","Crops and livestock products","356","India","5412","Yield","01530","Sweet potatoes","1999","1999","kg/ha","8574.4","A","Official value",""
"QCL","Crops and livestock products","356","India","5412","Yield","01530","Sweet potatoes","2000","2000","kg/ha","9742.1","A","Official value",""
"QCL","Crops and livestock products","356","India","5412","Yield","01530","Sweet potatoes","2001","2001","kg/ha","8836.8","A","Official value",""
"QCL","Crops and livestock products","356","India","5412","Yield","01530","Sweet potatoes","2002","2002","kg/ha","8569.4","A","Official value",""
"QCL","Crops and livestock products","356","India","5412","Yield","01530","Sweet potatoes","2003","2003","kg/ha","8569.4","A","Official value",""
"QCL","Crops and livestock products","356","India","5412","Yield","01530","Sweet potatoes","2004","2004","kg/ha","8858.8","A","Official value",""
"QCL","Crops and livestock products","356","India","5412","Yield","01530","Sweet potatoes","2005","2005","kg/ha","8847.7","A","Official value",""
"QCL","Crops and livestock products","356","India","5412","Yield","01530","Sweet potatoes","2006","2006","kg/ha","8684.9","A","Official value",""
"QCL","Crops and livestock products","356","India","5412","Yield","01530","Sweet potatoes","2007","2007","kg/ha","8697.6","A","Official value",""
"QCL","Crops and livestock products","356","India","5412","Yield","01530","Sweet potatoes","2008","2008","kg/ha","8894.3","A","Official value",""
"QCL","Crops and livestock products","356","India","5412","Yield","01530","Sweet potatoes","2009","2009","kg/ha","9008","A","Official value",""
"QCL","Crops and livestock products","356","India","5412","Yield","01530","Sweet potatoes","2010","2010","kg/ha","9206.9","A","Official value",""
"QCL","Crops and livestock products","356","India","5412","Yield","01530","Sweet potatoes","2011","2011","kg/ha","9245.6","A","Official value",""
"QCL","Crops and livestock products","356","India","5412","Yield","01530","Sweet potatoes","2012","2012","kg/ha","9717.4","A","Official value",""
"QCL","Crops and livestock products","356","India","5412","Yield","01530","Sweet potatoes","2013","2013","kg/ha","10128.8","A","Official value",""
"QCL","Crops and livestock products","356","India","5412","Yield","01530","Sweet potatoes","2014","2014","kg/ha","10275.6","A","Official value",""
"QCL","Crops and livestock products","356","India","5412","Yield","01530","Sweet potatoes","2015","2015","kg/ha","11476.6","A","Official value",""
"QCL","Crops and livestock products","356","India","5412","Yield","01530","Sweet potatoes","2016","2016","kg/ha","11539.7","A","Official value",""
"QCL","Crops and livestock products","356","India","5412","Yield","01530","Sweet potatoes","2017","2017","kg/ha","11406.3","A","Official value",""
"QCL","Crops and livestock products","356","India","5412","Yield","01530","Sweet potatoes","2018","2018","kg/ha","11450.4","A","Official value",""
"QCL","Crops and livestock products","356","India","5412","Yield","01530","Sweet potatoes","2019","2019","kg/ha","10509.1","A","Official value",""
"QCL","Crops and livestock products","356","India","5412","Yield","01530","Sweet potatoes","2020","2020","kg/ha","10564.8","A","Official value",""
"QCL","Crops and livestock products","356","India","5412","Yield","01530","Sweet potatoes","2021","2021","kg/ha","10575.5","A","Official value",""
"QCL","Crops and livestock products","356","India","5412","Yield","01530","Sweet potatoes","2022","2022","kg/ha","11065.4","A","Official value",""
"QCL","Crops and livestock products","356","India","5412","Yield","01530","Sweet potatoes","2023","2023","kg/ha","11718.2","A","Official value",""
"QCL","Crops and livestock products","356","India","5412","Yield","01530","Sweet potatoes","2024","2024","kg/ha","11674.7","A","Official value",""
"QCL","Crops and livestock products","356","India","5412","Yield","01324","Tangerines, mandarins, clementines","1994","1994","kg/ha","8881.6","A","Official value",""
"QCL","Crops and livestock products","356","India","5412","Yield","01324","Tangerines, mandarins, clementines","1995","1995","kg/ha","5420.8","A","Official value",""
"QCL","Crops and livestock products","356","India","5412","Yield","01324","Tangerines, mandarins, clementines","1996","1996","kg/ha","8682.4","A","Official value",""
"QCL","Crops and livestock products","356","India","5412","Yield","01324","Tangerines, mandarins, clementines","1997","1997","kg/ha","10526.9","A","Official value",""
"QCL","Crops and livestock products","356","India","5412","Yield","01324","Tangerines, mandarins, clementines","1998","1998","kg/ha","8902.1","A","Official value",""
"QCL","Crops and livestock products","356","India","5412","Yield","01324","Tangerines, mandarins, clementines","1999","1999","kg/ha","10139.3","A","Official value",""
"QCL","Crops and livestock products","356","India","5412","Yield","01324","Tangerines, mandarins, clementines","2000","2000","kg/ha","8334.3","A","Official value",""
"QCL","Crops and livestock products","356","India","5412","Yield","01324","Tangerines, mandarins, clementines","2001","2001","kg/ha","8373.6","A","Official value",""
"QCL","Crops and livestock products","356","India","5412","Yield","01324","Tangerines, mandarins, clementines","2002","2002","kg/ha","8346.4","A","Official value",""
"QCL","Crops and livestock products","356","India","5412","Yield","01324","Tangerines, mandarins, clementines","2003","2003","kg/ha","7959.4","A","Official value",""
"QCL","Crops and livestock products","356","India","5412","Yield","01324","Tangerines, mandarins, clementines","2004","2004","kg/ha","6783.5","A","Official value",""
"QCL","Crops and livestock products","356","India","5412","Yield","01324","Tangerines, mandarins, clementines","2005","2005","kg/ha","6730.4","A","Official value",""
"QCL","Crops and livestock products","356","India","5412","Yield","01324","Tangerines, mandarins, clementines","2006","2006","kg/ha","6161.3","A","Official value",""
"QCL","Crops and livestock products","356","India","5412","Yield","01324","Tangerines, mandarins, clementines","2007","2007","kg/ha","6842.2","A","Official value",""
"QCL","Crops and livestock products","356","India","5412","Yield","01324","Tangerines, mandarins, clementines","2008","2008","kg/ha","6702","A","Official value",""
"QCL","Crops and livestock products","356","India","5412","Yield","01324","Tangerines, mandarins, clementines","2009","2009","kg/ha","6655.8","A","Official value",""
"QCL","Crops and livestock products","356","India","5412","Yield","01324","Tangerines, mandarins, clementines","2010","2010","kg/ha","7312.3","A","Official value",""
"QCL","Crops and livestock products","356","India","5412","Yield","01324","Tangerines, mandarins, clementines","2011","2011","kg/ha","10046.3","A","Official value",""
"QCL","Crops and livestock products","356","India","5412","Yield","01324","Tangerines, mandarins, clementines","2012","2012","kg/ha","9507.6","A","Official value",""
"QCL","Crops and livestock products","356","India","5412","Yield","01324","Tangerines, mandarins, clementines","2013","2013","kg/ha","9344.1","A","Official value",""
"QCL","Crops and livestock products","356","India","5412","Yield","01324","Tangerines, mandarins, clementines","2014","2014","kg/ha","10397","A","Official value",""
"QCL","Crops and livestock products","356","India","5412","Yield","01324","Tangerines, mandarins, clementines","2015","2015","kg/ha","12371.2","A","Official value",""
"QCL","Crops and livestock products","356","India","5412","Yield","01324","Tangerines, mandarins, clementines","2016","2016","kg/ha","10361.5","A","Official value",""
"QCL","Crops and livestock products","356","India","5412","Yield","01324","Tangerines, mandarins, clementines","2017","2017","kg/ha","10817.1","A","Official value",""
"QCL","Crops and livestock products","356","India","5412","Yield","01324","Tangerines, mandarins, clementines","2018","2018","kg/ha","11910.2","A","Official value",""
"QCL","Crops and livestock products","356","India","5412","Yield","01324","Tangerines, mandarins, clementines","2019","2019","kg/ha","13320.4","A","Official value",""
"QCL","Crops and livestock products","356","India","5412","Yield","01324","Tangerines, mandarins, clementines","2020","2020","kg/ha","13502.2","A","Official value",""
"QCL","Crops and livestock products","356","India","5412","Yield","01324","Tangerines, mandarins, clementines","2021","2021","kg/ha","13051.9","A","Official value",""
"QCL","Crops and livestock products","356","India","5412","Yield","01324","Tangerines, mandarins, clementines","2022","2022","kg/ha","13883.3","A","Official value",""
"QCL","Crops and livestock products","356","India","5412","Yield","01324","Tangerines, mandarins, clementines","2023","2023","kg/ha","13430.4","A","Official value",""
"QCL","Crops and livestock products","356","India","5412","Yield","01324","Tangerines, mandarins, clementines","2024","2024","kg/ha","12816.9","A","Official value",""
"QCL","Crops and livestock products","356","India","5412","Yield","01620","Tea leaves","1961","1961","kg/ha","1069.9","A","Official value",""
"QCL","Crops and livestock products","356","India","5412","Yield","01620","Tea leaves","1962","1962","kg/ha","1042.7","A","Official value",""
"QCL","Crops and livestock products","356","India","5412","Yield","01620","Tea leaves","1963","1963","kg/ha","1037.1","A","Official value",""
"QCL","Crops and livestock products","356","India","5412","Yield","01620","Tea leaves","1964","1964","kg/ha","1089.9","A","Official value",""
"QCL","Crops and livestock products","356","India","5412","Yield","01620","Tea leaves","1965","1965","kg/ha","1061.2","A","Official value",""
"QCL","Crops and livestock products","356","India","5412","Yield","01620","Tea leaves","1966","1966","kg/ha","1081.5","A","Official value",""
"QCL","Crops and livestock products","356","India","5412","Yield","01620","Tea leaves","1967","1967","kg/ha","1096","A","Official value",""
"QCL","Crops and livestock products","356","India","5412","Yield","01620","Tea leaves","1968","1968","kg/ha","1139","A","Official value",""
"QCL","Crops and livestock products","356","India","5412","Yield","01620","Tea leaves","1969","1969","kg/ha","1111.4","A","Official value",""
"QCL","Crops and livestock products","356","India","5412","Yield","01620","Tea leaves","1970","1970","kg/ha","1173.9","A","Official value",""
"QCL","Crops and livestock products","356","India","5412","Yield","01620","Tea leaves","1971","1971","kg/ha","1214.1","A","Official value",""
"QCL","Crops and livestock products","356","India","5412","Yield","01620","Tea leaves","1972","1972","kg/ha","1266.3","A","Official value",""
"QCL","Crops and livestock products","356","India","5412","Yield","01620","Tea leaves","1973","1973","kg/ha","1304.9","A","Official value",""
"QCL","Crops and livestock products","356","India","5412","Yield","01620","Tea leaves","1974","1974","kg/ha","1347.3","A","Official value",""
"QCL","Crops and livestock products","356","India","5412","Yield","01620","Tea leaves","1975","1975","kg/ha","1337.3","A","Official value",""
"QCL","Crops and livestock products","356","India","5412","Yield","01620","Tea leaves","1976","1976","kg/ha","1397.4","A","Official value",""
"QCL","Crops and livestock products","356","India","5412","Yield","01620","Tea leaves","1977","1977","kg/ha","1506.7","A","Official value",""
"QCL","Crops and livestock products","356","India","5412","Yield","01620","Tea leaves","1978","1978","kg/ha","1508.6","A","Official value",""
"QCL","Crops and livestock products","356","India","5412","Yield","01620","Tea leaves","1979","1979","kg/ha","1436.9","A","Official value",""
"QCL","Crops and livestock products","356","India","5412","Yield","01620","Tea leaves","1980","1980","kg/ha","1491.4","A","Official value",""
"QCL","Crops and livestock products","356","India","5412","Yield","01620","Tea leaves","1981","1981","kg/ha","1456.3","A","Official value",""
"QCL","Crops and livestock products","356","India","5412","Yield","01620","Tea leaves","1982","1982","kg/ha","1419.6","A","Official value",""
"QCL","Crops and livestock products","356","India","5412","Yield","01620","Tea leaves","1983","1983","kg/ha","1468.1","A","Official value",""
"QCL","Crops and livestock products","356","India","5412","Yield","01620","Tea leaves","1984","1984","kg/ha","1605.9","A","Official value",""
"QCL","Crops and livestock products","356","India","5412","Yield","01620","Tea leaves","1985","1985","kg/ha","1640.7","A","Official value",""
"QCL","Crops and livestock products","356","India","5412","Yield","01620","Tea leaves","1986","1986","kg/ha","1508","A","Official value",""
"QCL","Crops and livestock products","356","India","5412","Yield","01620","Tea leaves","1987","1987","kg/ha","1507.9","A","Official value",""
"QCL","Crops and livestock products","356","India","5412","Yield","01620","Tea leaves","1988","1988","kg/ha","1628","A","Official value",""
"QCL","Crops and livestock products","356","India","5412","Yield","01620","Tea leaves","1989","1989","kg/ha","1692.3","A","Official value",""
"QCL","Crops and livestock products","356","India","5412","Yield","01620","Tea leaves","1990","1990","kg/ha","1658.1","A","Official value",""
"QCL","Crops and livestock products","356","India","5412","Yield","01620","Tea leaves","1991","1991","kg/ha","7439.4","E","Estimated value",""
"QCL","Crops and livestock products","356","India","5412","Yield","01620","Tea leaves","1992","1992","kg/ha","7385.1","E","Estimated value",""
"QCL","Crops and livestock products","356","India","5412","Yield","01620","Tea leaves","1993","1993","kg/ha","6830.4","E","Estimated value",""
"QCL","Crops and livestock products","356","India","5412","Yield","01620","Tea leaves","1994","1994","kg/ha","7685.4","E","Estimated value",""
"QCL","Crops and livestock products","356","India","5412","Yield","01620","Tea leaves","1995","1995","kg/ha","7658.9","E","Estimated value",""
"QCL","Crops and livestock products","356","India","5412","Yield","01620","Tea leaves","1996","1996","kg/ha","7697.9","E","Estimated value",""
"QCL","Crops and livestock products","356","India","5412","Yield","01620","Tea leaves","1997","1997","kg/ha","7867.7","E","Estimated value",""
"QCL","Crops and livestock products","356","India","5412","Yield","01620","Tea leaves","1998","1998","kg/ha","8115.2","E","Estimated value",""
"QCL","Crops and livestock products","356","India","5412","Yield","01620","Tea leaves","1999","1999","kg/ha","8016.9","E","Estimated value",""
"QCL","Crops and livestock products","356","India","5412","Yield","01620","Tea leaves","2000","2000","kg/ha","7328.6","E","Estimated value",""
"QCL","Crops and livestock products","356","India","5412","Yield","01620","Tea leaves","2001","2001","kg/ha","7307.5","E","Estimated value",""
"QCL","Crops and livestock products","356","India","5412","Yield","01620","Tea leaves","2002","2002","kg/ha","7280.4","E","Estimated value",""
"QCL","Crops and livestock products","356","India","5412","Yield","01620","Tea leaves","2003","2003","kg/ha","7127.9","E","Estimated value",""
"QCL","Crops and livestock products","356","India","5412","Yield","01620","Tea leaves","2004","2004","kg/ha","7350","E","Estimated value",""
"QCL","Crops and livestock products","356","India","5412","Yield","01620","Tea leaves","2005","2005","kg/ha","7568.1","E","Estimated value",""
"QCL","Crops and livestock products","356","India","5412","Yield","01620","Tea leaves","2006","2006","kg/ha","7426.1","E","Estimated value",""
"QCL","Crops and livestock products","356","India","5412","Yield","01620","Tea leaves","2007","2007","kg/ha","7460.1","E","Estimated value",""
"QCL","Crops and livestock products","356","India","5412","Yield","01620","Tea leaves","2008","2008","kg/ha","7418","E","Estimated value",""
"QCL","Crops and livestock products","356","India","5412","Yield","01620","Tea leaves","2009","2009","kg/ha","7304","E","Estimated value",""
"QCL","Crops and livestock products","356","India","5412","Yield","01620","Tea leaves","2010","2010","kg/ha","7442.1","E","Estimated value",""
"QCL","Crops and livestock products","356","India","5412","Yield","01620","Tea leaves","2011","2011","kg/ha","7938.3","E","Estimated value",""
"QCL","Crops and livestock products","356","India","5412","Yield","01620","Tea leaves","2012","2012","kg/ha","8157","E","Estimated value",""
"QCL","Crops and livestock products","356","India","5412","Yield","01620","Tea leaves","2013","2013","kg/ha","9319.5","E","Estimated value",""
"QCL","Crops and livestock products","356","India","5412","Yield","01620","Tea leaves","2014","2014","kg/ha","8690.4","E","Estimated value",""
"QCL","Crops and livestock products","356","India","5412","Yield","01620","Tea leaves","2015","2015","kg/ha","9460.7","E","Estimated value",""
"QCL","Crops and livestock products","356","India","5412","Yield","01620","Tea leaves","2016","2016","kg/ha","9415","E","Estimated value",""
"QCL","Crops and livestock products","356","India","5412","Yield","01620","Tea leaves","2017","2017","kg/ha","9267.9","E","Estimated value",""
"QCL","Crops and livestock products","356","India","5412","Yield","01620","Tea leaves","2018","2018","kg/ha","9357.1","E","Estimated value",""
"QCL","Crops and livestock products","356","India","5412","Yield","01620","Tea leaves","2019","2019","kg/ha","9484.9","E","Estimated value",""
"QCL","Crops and livestock products","356","India","5412","Yield","01620","Tea leaves","2020","2020","kg/ha","9588.8","E","Estimated value",""
"QCL","Crops and livestock products","356","India","5412","Yield","01620","Tea leaves","2021","2021","kg/ha","9701.9","E","Estimated value",""
"QCL","Crops and livestock products","356","India","5412","Yield","01620","Tea leaves","2022","2022","kg/ha","9832","E","Estimated value",""
"QCL","Crops and livestock products","356","India","5412","Yield","01620","Tea leaves","2023","2023","kg/ha","9933.8","E","Estimated value",""
"QCL","Crops and livestock products","356","India","5412","Yield","01620","Tea leaves","2024","2024","kg/ha","10035.7","E","Estimated value",""
"QCL","Crops and livestock products","356","India","5412","Yield","01234","Tomatoes","1961","1961","kg/ha","9280","E","Estimated value",""
"QCL","Crops and livestock products","356","India","5412","Yield","01234","Tomatoes","1962","1962","kg/ha","9230.8","E","Estimated value",""
"QCL","Crops and livestock products","356","India","5412","Yield","01234","Tomatoes","1963","1963","kg/ha","9339.6","E","Estimated value",""
"QCL","Crops and livestock products","356","India","5412","Yield","01234","Tomatoes","1964","1964","kg/ha","9272.7","E","Estimated value",""
"QCL","Crops and livestock products","356","India","5412","Yield","01234","Tomatoes","1965","1965","kg/ha","9210.5","E","Estimated value",""
"QCL","Crops and livestock products","356","India","5412","Yield","01234","Tomatoes","1966","1966","kg/ha","9310.3","E","Estimated value",""
"QCL","Crops and livestock products","356","India","5412","Yield","01234","Tomatoes","1967","1967","kg/ha","9333.3","E","Estimated value",""
"QCL","Crops and livestock products","356","India","5412","Yield","01234","Tomatoes","1968","1968","kg/ha","9354.8","E","Estimated value",""
"QCL","Crops and livestock products","356","India","5412","Yield","01234","Tomatoes","1969","1969","kg/ha","9523.8","E","Estimated value",""
"QCL","Crops and livestock products","356","India","5412","Yield","01234","Tomatoes","1970","1970","kg/ha","9538.5","E","Estimated value",""
"QCL","Crops and livestock products","356","India","5412","Yield","01234","Tomatoes","1971","1971","kg/ha","9552.2","E","Estimated value",""
"QCL","Crops and livestock products","356","India","5412","Yield","01234","Tomatoes","1972","1972","kg/ha","9420.3","E","Estimated value",""
"QCL","Crops and livestock products","356","India","5412","Yield","01234","Tomatoes","1973","1973","kg/ha","9428.6","E","Estimated value",""
"QCL","Crops and livestock products","356","India","5412","Yield","01234","Tomatoes","1974","1974","kg/ha","8333.3","E","Estimated value",""
"QCL","Crops and livestock products","356","India","5412","Yield","01234","Tomatoes","1975","1975","kg/ha","8300","E","Estimated value",""
"QCL","Crops and livestock products","356","India","5412","Yield","01234","Tomatoes","1976","1976","kg/ha","9130.4","E","Estimated value",""
"QCL","Crops and livestock products","356","India","5412","Yield","01234","Tomatoes","1977","1977","kg/ha","8500","E","Estimated value",""
"QCL","Crops and livestock products","356","India","5412","Yield","01234","Tomatoes","1978","1978","kg/ha","9500","E","Estimated value",""
"QCL","Crops and livestock products","356","India","5412","Yield","01234","Tomatoes","1979","1979","kg/ha","8666.7","E","Estimated value",""
"QCL","Crops and livestock products","356","India","5412","Yield","01234","Tomatoes","1980","1980","kg/ha","9375","E","Estimated value",""
"QCL","Crops and livestock products","356","India","5412","Yield","01234","Tomatoes","1981","1981","kg/ha","9473.7","E","Estimated value",""
"QCL","Crops and livestock products","356","India","5412","Yield","01234","Tomatoes","1982","1982","kg/ha","9722.2","E","Estimated value",""
"QCL","Crops and livestock products","356","India","5412","Yield","01234","Tomatoes","1983","1983","kg/ha","10000","E","Estimated value",""
"QCL","Crops and livestock products","356","India","5412","Yield","01234","Tomatoes","1984","1984","kg/ha","9130.4","E","Estimated value",""
"QCL","Crops and livestock products","356","India","5412","Yield","01234","Tomatoes","1985","1985","kg/ha","8846.2","E","Estimated value",""
"QCL","Crops and livestock products","356","India","5412","Yield","01234","Tomatoes","1986","1986","kg/ha","9120","E","Estimated value",""
"QCL","Crops and livestock products","356","India","5412","Yield","01234","Tomatoes","1987","1987","kg/ha","8126.8","A","Official value",""
"QCL","Crops and livestock products","356","India","5412","Yield","01234","Tomatoes","1988","1988","kg/ha","13162.1","A","Official value",""
"QCL","Crops and livestock products","356","India","5412","Yield","01234","Tomatoes","1989","1989","kg/ha","13356","A","Official value",""
"QCL","Crops and livestock products","356","India","5412","Yield","01234","Tomatoes","1990","1990","kg/ha","15858.7","A","Official value",""
"QCL","Crops and livestock products","356","India","5412","Yield","01234","Tomatoes","1991","1991","kg/ha","14682.5","A","Official value",""
"QCL","Crops and livestock products","356","India","5412","Yield","01234","Tomatoes","1992","1992","kg/ha","15712","A","Official value",""
"QCL","Crops and livestock products","356","India","5412","Yield","01234","Tomatoes","1993","1993","kg/ha","16129","E","Estimated value",""
"QCL","Crops and livestock products","356","India","5412","Yield","01234","Tomatoes","1994","1994","kg/ha","14085.7","A","Official value",""
"QCL","Crops and livestock products","356","India","5412","Yield","01234","Tomatoes","1995","1995","kg/ha","15028.6","A","Official value",""
"QCL","Crops and livestock products","356","India","5412","Yield","01234","Tomatoes","1996","1996","kg/ha","16004.6","E","Estimated value",""
"QCL","Crops and livestock products","356","India","5412","Yield","01234","Tomatoes","1997","1997","kg/ha","17500","E","Estimated value",""
"QCL","Crops and livestock products","356","India","5412","Yield","01234","Tomatoes","1998","1998","kg/ha","15073.2","A","Official value",""
"QCL","Crops and livestock products","356","India","5412","Yield","01234","Tomatoes","1999","1999","kg/ha","17595.7","A","Official value",""
"QCL","Crops and livestock products","356","India","5412","Yield","01234","Tomatoes","2000","2000","kg/ha","16152.2","A","Official value",""
"QCL","Crops and livestock products","356","India","5412","Yield","01234","Tomatoes","2001","2001","kg/ha","15739.1","A","Official value",""
"QCL","Crops and livestock products","356","India","5412","Yield","01234","Tomatoes","2002","2002","kg/ha","16289.7","A","Official value",""
"QCL","Crops and livestock products","356","India","5412","Yield","01234","Tomatoes","2003","2003","kg/ha","15907.9","A","Official value",""
"QCL","Crops and livestock products","356","India","5412","Yield","01234","Tomatoes","2004","2004","kg/ha","16160.7","A","Official value",""
"QCL","Crops and livestock products","356","India","5412","Yield","01234","Tomatoes","2005","2005","kg/ha","17462.2","A","Official value",""
"QCL","Crops and livestock products","356","India","5412","Yield","01234","Tomatoes","2006","2006","kg/ha","17982.8","A","Official value",""
"QCL","Crops and livestock products","356","India","5412","Yield","01234","Tomatoes","2007","2007","kg/ha","16870.8","A","Official value",""
"QCL","Crops and livestock products","356","India","5412","Yield","01234","Tomatoes","2008","2008","kg/ha","18203.2","A","Official value",""
"QCL","Crops and livestock products","356","India","5412","Yield","01234","Tomatoes","2009","2009","kg/ha","18609.2","A","Official value",""
"QCL","Crops and livestock products","356","India","5412","Yield","01234","Tomatoes","2010","2010","kg/ha","19598.4","A","Official value",""
"QCL","Crops and livestock products","356","India","5412","Yield","01234","Tomatoes","2011","2011","kg/ha","19105.2","A","Official value",""
"QCL","Crops and livestock products","356","India","5412","Yield","01234","Tomatoes","2012","2012","kg/ha","20565.6","A","Official value",""
"QCL","Crops and livestock products","356","India","5412","Yield","01234","Tomatoes","2013","2013","kg/ha","20712.5","A","Official value",""
"QCL","Crops and livestock products","356","India","5412","Yield","01234","Tomatoes","2014","2014","kg/ha","21241.8","A","Official value",""
"QCL","Crops and livestock products","356","India","5412","Yield","01234","Tomatoes","2015","2015","kg/ha","21362.5","A","Official value",""
"QCL","Crops and livestock products","356","India","5412","Yield","01234","Tomatoes","2016","2016","kg/ha","24201.6","A","Official value",""
"QCL","Crops and livestock products","356","India","5412","Yield","01234","Tomatoes","2017","2017","kg/ha","25982.4","A","Official value",""
"QCL","Crops and livestock products","356","India","5412","Yield","01234","Tomatoes","2018","2018","kg/ha","25043.1","A","Official value",""
"QCL","Crops and livestock products","356","India","5412","Yield","01234","Tomatoes","2019","2019","kg/ha","24336.7","A","Official value",""
"QCL","Crops and livestock products","356","India","5412","Yield","01234","Tomatoes","2020","2020","kg/ha","25122.2","A","Official value",""
"QCL","Crops and livestock products","356","India","5412","Yield","01234","Tomatoes","2021","2021","kg/ha","25066.3","A","Official value",""
"QCL","Crops and livestock products","356","India","5412","Yield","01234","Tomatoes","2022","2022","kg/ha","24548","A","Official value",""
"QCL","Crops and livestock products","356","India","5412","Yield","01234","Tomatoes","2023","2023","kg/ha","24057.7","A","Official value",""
"QCL","Crops and livestock products","356","India","5412","Yield","01234","Tomatoes","2024","2024","kg/ha","24968.8","A","Official value",""
"QCL","Crops and livestock products","356","India","5412","Yield","01970","Unmanufactured tobacco","1961","1961","kg/ha","765.6","A","Official value",""
"QCL","Crops and livestock products","356","India","5412","Yield","01970","Unmanufactured tobacco","1962","1962","kg/ha","811","A","Official value",""
"QCL","Crops and livestock products","356","India","5412","Yield","01970","Unmanufactured tobacco","1963","1963","kg/ha","842","A","Official value",""
"QCL","Crops and livestock products","356","India","5412","Yield","01970","Unmanufactured tobacco","1964","1964","kg/ha","816.3","A","Official value",""
"QCL","Crops and livestock products","356","India","5412","Yield","01970","Unmanufactured tobacco","1965","1965","kg/ha","878.2","A","Official value",""
"QCL","Crops and livestock products","356","India","5412","Yield","01970","Unmanufactured tobacco","1966","1966","kg/ha","777.2","A","Official value",""
"QCL","Crops and livestock products","356","India","5412","Yield","01970","Unmanufactured tobacco","1967","1967","kg/ha","834.5","A","Official value",""
"QCL","Crops and livestock products","356","India","5412","Yield","01970","Unmanufactured tobacco","1968","1968","kg/ha","870.6","A","Official value",""
"QCL","Crops and livestock products","356","India","5412","Yield","01970","Unmanufactured tobacco","1969","1969","kg/ha","820.8","A","Official value",""
"QCL","Crops and livestock products","356","India","5412","Yield","01970","Unmanufactured tobacco","1970","1970","kg/ha","769.8","A","Official value",""
"QCL","Crops and livestock products","356","India","5412","Yield","01970","Unmanufactured tobacco","1971","1971","kg/ha","809.8","A","Official value",""
"QCL","Crops and livestock products","356","India","5412","Yield","01970","Unmanufactured tobacco","1972","1972","kg/ha","914","A","Official value",""
"QCL","Crops and livestock products","356","India","5412","Yield","01970","Unmanufactured tobacco","1973","1973","kg/ha","836.6","A","Official value",""
"QCL","Crops and livestock products","356","India","5412","Yield","01970","Unmanufactured tobacco","1974","1974","kg/ha","1001.3","A","Official value",""
"QCL","Crops and livestock products","356","India","5412","Yield","01970","Unmanufactured tobacco","1975","1975","kg/ha","954","A","Official value",""
"QCL","Crops and livestock products","356","India","5412","Yield","01970","Unmanufactured tobacco","1976","1976","kg/ha","950","A","Official value",""
"QCL","Crops and livestock products","356","India","5412","Yield","01970","Unmanufactured tobacco","1977","1977","kg/ha","968.5","A","Official value",""
"QCL","Crops and livestock products","356","India","5412","Yield","01970","Unmanufactured tobacco","1978","1978","kg/ha","978.6","A","Official value",""
"QCL","Crops and livestock products","356","India","5412","Yield","01970","Unmanufactured tobacco","1979","1979","kg/ha","1108.7","A","Official value",""
"QCL","Crops and livestock products","356","India","5412","Yield","01970","Unmanufactured tobacco","1980","1980","kg/ha","1030.8","A","Official value",""
"QCL","Crops and livestock products","356","India","5412","Yield","01970","Unmanufactured tobacco","1981","1981","kg/ha","1064.9","A","Official value",""
"QCL","Crops and livestock products","356","India","5412","Yield","01970","Unmanufactured tobacco","1982","1982","kg/ha","1171.9","A","Official value",""
"QCL","Crops and livestock products","356","India","5412","Yield","01970","Unmanufactured tobacco","1983","1983","kg/ha","1157","A","Official value",""
"QCL","Crops and livestock products","356","India","5412","Yield","01970","Unmanufactured tobacco","1984","1984","kg/ha","1120.1","A","Official value",""
"QCL","Crops and livestock products","356","India","5412","Yield","01970","Unmanufactured tobacco","1985","1985","kg/ha","1112.9","A","Official value",""
"QCL","Crops and livestock products","356","India","5412","Yield","01970","Unmanufactured tobacco","1986","1986","kg/ha","1111.3","A","Official value",""
"QCL","Crops and livestock products","356","India","5412","Yield","01970","Unmanufactured tobacco","1987","1987","kg/ha","1186.5","A","Official value",""
"QCL","Crops and livestock products","356","India","5412","Yield","01970","Unmanufactured tobacco","1988","1988","kg/ha","1155.3","A","Official value",""
"QCL","Crops and livestock products","356","India","5412","Yield","01970","Unmanufactured tobacco","1989","1989","kg/ha","1307.2","A","Official value",""
"QCL","Crops and livestock products","356","India","5412","Yield","01970","Unmanufactured tobacco","1990","1990","kg/ha","1335.3","A","Official value",""
"QCL","Crops and livestock products","356","India","5412","Yield","01970","Unmanufactured tobacco","1991","1991","kg/ha","1353.2","A","Official value",""
"QCL","Crops and livestock products","356","India","5412","Yield","01970","Unmanufactured tobacco","1992","1992","kg/ha","1368.6","A","Official value",""
"QCL","Crops and livestock products","356","India","5412","Yield","01970","Unmanufactured tobacco","1993","1993","kg/ha","1425.3","A","Official value",""
"QCL","Crops and livestock products","356","India","5412","Yield","01970","Unmanufactured tobacco","1994","1994","kg/ha","1462.8","A","Official value",""
"QCL","Crops and livestock products","356","India","5412","Yield","01970","Unmanufactured tobacco","1995","1995","kg/ha","1487.4","A","Official value",""
"QCL","Crops and livestock products","356","India","5412","Yield","01970","Unmanufactured tobacco","1996","1996","kg/ha","1358.4","A","Official value",""
"QCL","Crops and livestock products","356","India","5412","Yield","01970","Unmanufactured tobacco","1997","1997","kg/ha","1443.9","A","Official value",""
"QCL","Crops and livestock products","356","India","5412","Yield","01970","Unmanufactured tobacco","1998","1998","kg/ha","1392.2","A","Official value",""
"QCL","Crops and livestock products","356","India","5412","Yield","01970","Unmanufactured tobacco","1999","1999","kg/ha","1448.9","A","Official value",""
"QCL","Crops and livestock products","356","India","5412","Yield","01970","Unmanufactured tobacco","2000","2000","kg/ha","1199.8","A","Official value",""
"QCL","Crops and livestock products","356","India","5412","Yield","01970","Unmanufactured tobacco","2001","2001","kg/ha","1307.7","A","Official value",""
"QCL","Crops and livestock products","356","India","5412","Yield","01970","Unmanufactured tobacco","2002","2002","kg/ha","1571.4","A","Official value",""
"QCL","Crops and livestock products","356","India","5412","Yield","01970","Unmanufactured tobacco","2003","2003","kg/ha","1484.8","A","Official value",""
"QCL","Crops and livestock products","356","India","5412","Yield","01970","Unmanufactured tobacco","2004","2004","kg/ha","1487.4","A","Official value",""
"QCL","Crops and livestock products","356","India","5412","Yield","01970","Unmanufactured tobacco","2005","2005","kg/ha","1498.2","A","Official value",""
"QCL","Crops and livestock products","356","India","5412","Yield","01970","Unmanufactured tobacco","2006","2006","kg/ha","1481.2","A","Official value",""
"QCL","Crops and livestock products","356","India","5412","Yield","01970","Unmanufactured tobacco","2007","2007","kg/ha","1405.4","A","Official value",""
"QCL","Crops and livestock products","356","India","5412","Yield","01970","Unmanufactured tobacco","2008","2008","kg/ha","1400","A","Official value",""
"QCL","Crops and livestock products","356","India","5412","Yield","01970","Unmanufactured tobacco","2009","2009","kg/ha","1594.2","A","Official value",""
"QCL","Crops and livestock products","356","India","5412","Yield","01970","Unmanufactured tobacco","2010","2010","kg/ha","1553.1","A","Official value",""
"QCL","Crops and livestock products","356","India","5412","Yield","01970","Unmanufactured tobacco","2011","2011","kg/ha","1693.9","A","Official value",""
"QCL","Crops and livestock products","356","India","5412","Yield","01970","Unmanufactured tobacco","2012","2012","kg/ha","1782.6","A","Official value",""
"QCL","Crops and livestock products","356","India","5412","Yield","01970","Unmanufactured tobacco","2013","2013","kg/ha","1716.1","E","Estimated value",""
"QCL","Crops and livestock products","356","India","5412","Yield","01970","Unmanufactured tobacco","2014","2014","kg/ha","1694.7","E","Estimated value",""
"QCL","Crops and livestock products","356","India","5412","Yield","01970","Unmanufactured tobacco","2015","2015","kg/ha","1712.5","E","Estimated value",""
"QCL","Crops and livestock products","356","India","5412","Yield","01970","Unmanufactured tobacco","2016","2016","kg/ha","1717.4","E","Estimated value",""
"QCL","Crops and livestock products","356","India","5412","Yield","01970","Unmanufactured tobacco","2017","2017","kg/ha","1724","E","Estimated value",""
"QCL","Crops and livestock products","356","India","5412","Yield","01970","Unmanufactured tobacco","2018","2018","kg/ha","1738.5","E","Estimated value",""
"QCL","Crops and livestock products","356","India","5412","Yield","01970","Unmanufactured tobacco","2019","2019","kg/ha","1754.3","E","Estimated value",""
"QCL","Crops and livestock products","356","India","5412","Yield","01970","Unmanufactured tobacco","2020","2020","kg/ha","1764.9","E","Estimated value",""
"QCL","Crops and livestock products","356","India","5412","Yield","01970","Unmanufactured tobacco","2021","2021","kg/ha","1786.4","E","Estimated value",""
"QCL","Crops and livestock products","356","India","5412","Yield","01970","Unmanufactured tobacco","2022","2022","kg/ha","1740","E","Estimated value",""
"QCL","Crops and livestock products","356","India","5412","Yield","01970","Unmanufactured tobacco","2023","2023","kg/ha","1750.2","E","Estimated value",""
"QCL","Crops and livestock products","356","India","5412","Yield","01970","Unmanufactured tobacco","2024","2024","kg/ha","1755.1","E","Estimated value",""
"QCL","Crops and livestock products","356","India","5412","Yield","01376","Walnuts, in shell","1961","1961","kg/ha","857.1","E","Estimated value",""
"QCL","Crops and livestock products","356","India","5412","Yield","01376","Walnuts, in shell","1962","1962","kg/ha","857.1","E","Estimated value",""
"QCL","Crops and livestock products","356","India","5412","Yield","01376","Walnuts, in shell","1963","1963","kg/ha","866.7","E","Estimated value",""
"QCL","Crops and livestock products","356","India","5412","Yield","01376","Walnuts, in shell","1964","1964","kg/ha","875","E","Estimated value",""
"QCL","Crops and livestock products","356","India","5412","Yield","01376","Walnuts, in shell","1965","1965","kg/ha","875","E","Estimated value",""
"QCL","Crops and livestock products","356","India","5412","Yield","01376","Walnuts, in shell","1966","1966","kg/ha","888.9","E","Estimated value",""
"QCL","Crops and livestock products","356","India","5412","Yield","01376","Walnuts, in shell","1967","1967","kg/ha","880","E","Estimated value",""
"QCL","Crops and livestock products","356","India","5412","Yield","01376","Walnuts, in shell","1968","1968","kg/ha","875","E","Estimated value",""
"QCL","Crops and livestock products","356","India","5412","Yield","01376","Walnuts, in shell","1969","1969","kg/ha","909.1","E","Estimated value",""
"QCL","Crops and livestock products","356","India","5412","Yield","01376","Walnuts, in shell","1970","1970","kg/ha","875","E","Estimated value",""
"QCL","Crops and livestock products","356","India","5412","Yield","01376","Walnuts, in shell","1971","1971","kg/ha","916.7","E","Estimated value",""
"QCL","Crops and livestock products","356","India","5412","Yield","01376","Walnuts, in shell","1972","1972","kg/ha","875","E","Estimated value",""
"QCL","Crops and livestock products","356","India","5412","Yield","01376","Walnuts, in shell","1973","1973","kg/ha","900","E","Estimated value",""
"QCL","Crops and livestock products","356","India","5412","Yield","01376","Walnuts, in shell","1974","1974","kg/ha","863.6","E","Estimated value",""
"QCL","Crops and livestock products","356","India","5412","Yield","01376","Walnuts, in shell","1975","1975","kg/ha","882.4","E","Estimated value",""
"QCL","Crops and livestock products","356","India","5412","Yield","01376","Walnuts, in shell","1976","1976","kg/ha","888.9","E","Estimated value",""
"QCL","Crops and livestock products","356","India","5412","Yield","01376","Walnuts, in shell","1977","1977","kg/ha","857.1","E","Estimated value",""
"QCL","Crops and livestock products","356","India","5412","Yield","01376","Walnuts, in shell","1978","1978","kg/ha","913","E","Estimated value",""
"QCL","Crops and livestock products","356","India","5412","Yield","01376","Walnuts, in shell","1979","1979","kg/ha","850","E","Estimated value",""
"QCL","Crops and livestock products","356","India","5412","Yield","01376","Walnuts, in shell","1980","1980","kg/ha","900","E","Estimated value",""
"QCL","Crops and livestock products","356","India","5412","Yield","01376","Walnuts, in shell","1981","1981","kg/ha","850","E","Estimated value",""
"QCL","Crops and livestock products","356","India","5412","Yield","01376","Walnuts, in shell","1982","1982","kg/ha","909.1","E","Estimated value",""
"QCL","Crops and livestock products","356","India","5412","Yield","01376","Walnuts, in shell","1983","1983","kg/ha","909.1","E","Estimated value",""
"QCL","Crops and livestock products","356","India","5412","Yield","01376","Walnuts, in shell","1984","1984","kg/ha","882.4","E","Estimated value",""
"QCL","Crops and livestock products","356","India","5412","Yield","01376","Walnuts, in shell","1985","1985","kg/ha","882.4","E","Estimated value",""
"QCL","Crops and livestock products","356","India","5412","Yield","01376","Walnuts, in shell","1986","1986","kg/ha","900","E","Estimated value",""
"QCL","Crops and livestock products","356","India","5412","Yield","01376","Walnuts, in shell","1987","1987","kg/ha","1045.5","A","Official value",""
"QCL","Crops and livestock products","356","India","5412","Yield","01376","Walnuts, in shell","1988","1988","kg/ha","909.1","A","Official value",""
"QCL","Crops and livestock products","356","India","5412","Yield","01376","Walnuts, in shell","1989","1989","kg/ha","693.9","A","Official value",""
"QCL","Crops and livestock products","356","India","5412","Yield","01376","Walnuts, in shell","1990","1990","kg/ha","813","A","Official value",""
"QCL","Crops and livestock products","356","India","5412","Yield","01376","Walnuts, in shell","1991","1991","kg/ha","697.7","X","Value from external organization",""
"QCL","Crops and livestock products","356","India","5412","Yield","01376","Walnuts, in shell","1992","1992","kg/ha","890.2","X","Value from external organization",""
"QCL","Crops and livestock products","356","India","5412","Yield","01376","Walnuts, in shell","1993","1993","kg/ha","800","X","Value from external organization",""
"QCL","Crops and livestock products","356","India","5412","Yield","01376","Walnuts, in shell","1994","1994","kg/ha","985.9","X","Value from external organization",""
"QCL","Crops and livestock products","356","India","5412","Yield","01376","Walnuts, in shell","1995","1995","kg/ha","868.1","X","Value from external organization",""
"QCL","Crops and livestock products","356","India","5412","Yield","01376","Walnuts, in shell","1996","1996","kg/ha","995.9","X","Value from external organization",""
"QCL","Crops and livestock products","356","India","5412","Yield","01376","Walnuts, in shell","1997","1997","kg/ha","801.3","X","Value from external organization",""
"QCL","Crops and livestock products","356","India","5412","Yield","01376","Walnuts, in shell","1998","1998","kg/ha","1001.7","X","Value from external organization",""
"QCL","Crops and livestock products","356","India","5412","Yield","01376","Walnuts, in shell","1999","1999","kg/ha","924.1","X","Value from external organization",""
"QCL","Crops and livestock products","356","India","5412","Yield","01376","Walnuts, in shell","2000","2000","kg/ha","1026.5","X","Value from external organization",""
"QCL","Crops and livestock products","356","India","5412","Yield","01376","Walnuts, in shell","2001","2001","kg/ha","960.3","X","Value from external organization",""
"QCL","Crops and livestock products","356","India","5412","Yield","01376","Walnuts, in shell","2002","2002","kg/ha","993.4","X","Value from external organization",""
"QCL","Crops and livestock products","356","India","5412","Yield","01376","Walnuts, in shell","2003","2003","kg/ha","1016.4","X","Value from external organization",""
"QCL","Crops and livestock products","356","India","5412","Yield","01376","Walnuts, in shell","2004","2004","kg/ha","1114.8","X","Value from external organization",""
"QCL","Crops and livestock products","356","India","5412","Yield","01376","Walnuts, in shell","2005","2005","kg/ha","1039","X","Value from external organization",""
"QCL","Crops and livestock products","356","India","5412","Yield","01376","Walnuts, in shell","2006","2006","kg/ha","1168.8","X","Value from external organization",""
"QCL","Crops and livestock products","356","India","5412","Yield","01376","Walnuts, in shell","2007","2007","kg/ha","1071.4","X","Value from external organization",""
"QCL","Crops and livestock products","356","India","5412","Yield","01376","Walnuts, in shell","2008","2008","kg/ha","1201.3","X","Value from external organization",""
"QCL","Crops and livestock products","356","India","5412","Yield","01376","Walnuts, in shell","2009","2009","kg/ha","1168.8","X","Value from external organization",""
"QCL","Crops and livestock products","356","India","5412","Yield","01376","Walnuts, in shell","2010","2010","kg/ha","1233.8","X","Value from external organization",""
"QCL","Crops and livestock products","356","India","5412","Yield","01376","Walnuts, in shell","2011","2011","kg/ha","1640.4","A","Official value",""
"QCL","Crops and livestock products","356","India","5412","Yield","01376","Walnuts, in shell","2012","2012","kg/ha","1893.3","A","Official value",""
"QCL","Crops and livestock products","356","India","5412","Yield","01376","Walnuts, in shell","2013","2013","kg/ha","1894.3","A","Official value",""
"QCL","Crops and livestock products","356","India","5412","Yield","01376","Walnuts, in shell","2014","2014","kg/ha","1975.4","A","Official value",""
"QCL","Crops and livestock products","356","India","5412","Yield","01376","Walnuts, in shell","2015","2015","kg/ha","2069.6","A","Official value",""
"QCL","Crops and livestock products","356","India","5412","Yield","01376","Walnuts, in shell","2016","2016","kg/ha","2483.1","A","Official value",""
"QCL","Crops and livestock products","356","India","5412","Yield","01376","Walnuts, in shell","2017","2017","kg/ha","2562.7","A","Official value",""
"QCL","Crops and livestock products","356","India","5412","Yield","01376","Walnuts, in shell","2018","2018","kg/ha","2759.1","A","Official value",""
"QCL","Crops and livestock products","356","India","5412","Yield","01376","Walnuts, in shell","2019","2019","kg/ha","2781.9","A","Official value",""
"QCL","Crops and livestock products","356","India","5412","Yield","01376","Walnuts, in shell","2020","2020","kg/ha","2651.3","A","Official value",""
"QCL","Crops and livestock products","356","India","5412","Yield","01376","Walnuts, in shell","2021","2021","kg/ha","2593.5","A","Official value",""
"QCL","Crops and livestock products","356","India","5412","Yield","01376","Walnuts, in shell","2022","2022","kg/ha","2790.4","A","Official value",""
"QCL","Crops and livestock products","356","India","5412","Yield","01376","Walnuts, in shell","2023","2023","kg/ha","3255","A","Official value",""
"QCL","Crops and livestock products","356","India","5412","Yield","01376","Walnuts, in shell","2024","2024","kg/ha","3266.5","A","Official value",""
"QCL","Crops and livestock products","356","India","5412","Yield","01221","Watermelons","1961","1961","kg/ha","10923.1","E","Estimated value",""
"QCL","Crops and livestock products","356","India","5412","Yield","01221","Watermelons","1962","1962","kg/ha","11029.4","E","Estimated value",""
"QCL","Crops and livestock products","356","India","5412","Yield","01221","Watermelons","1963","1963","kg/ha","11000","E","Estimated value",""
"QCL","Crops and livestock products","356","India","5412","Yield","01221","Watermelons","1964","1964","kg/ha","10666.7","E","Estimated value",""
"QCL","Crops and livestock products","356","India","5412","Yield","01221","Watermelons","1965","1965","kg/ha","11184.2","E","Estimated value",""
"QCL","Crops and livestock products","356","India","5412","Yield","01221","Watermelons","1966","1966","kg/ha","11139.2","E","Estimated value",""
"QCL","Crops and livestock products","356","India","5412","Yield","01221","Watermelons","1967","1967","kg/ha","11125","E","Estimated value",""
"QCL","Crops and livestock products","356","India","5412","Yield","01221","Watermelons","1968","1968","kg/ha","11428.6","E","Estimated value",""
"QCL","Crops and livestock products","356","India","5412","Yield","01221","Watermelons","1969","1969","kg/ha","11494.3","E","Estimated value",""
"QCL","Crops and livestock products","356","India","5412","Yield","01221","Watermelons","1970","1970","kg/ha","11460.7","E","Estimated value",""
"QCL","Crops and livestock products","356","India","5412","Yield","01221","Watermelons","1971","1971","kg/ha","11473.7","E","Estimated value",""
"QCL","Crops and livestock products","356","India","5412","Yield","01221","Watermelons","1972","1972","kg/ha","11515.2","E","Estimated value",""
"QCL","Crops and livestock products","356","India","5412","Yield","01221","Watermelons","1973","1973","kg/ha","11600","E","Estimated value",""
"QCL","Crops and livestock products","356","India","5412","Yield","01221","Watermelons","1974","1974","kg/ha","11568.6","E","Estimated value",""
"QCL","Crops and livestock products","356","India","5412","Yield","01221","Watermelons","1975","1975","kg/ha","11428.6","E","Estimated value",""
"QCL","Crops and livestock products","356","India","5412","Yield","01221","Watermelons","1976","1976","kg/ha","11682.2","E","Estimated value",""
"QCL","Crops and livestock products","356","India","5412","Yield","01221","Watermelons","1977","1977","kg/ha","11559.6","E","Estimated value",""
"QCL","Crops and livestock products","356","India","5412","Yield","01221","Watermelons","1978","1978","kg/ha","11636.4","E","Estimated value",""
"QCL","Crops and livestock products","356","India","5412","Yield","01221","Watermelons","1979","1979","kg/ha","11565.2","E","Estimated value",""
"QCL","Crops and livestock products","356","India","5412","Yield","01221","Watermelons","1980","1980","kg/ha","11666.7","E","Estimated value",""
"QCL","Crops and livestock products","356","India","5412","Yield","01221","Watermelons","1981","1981","kg/ha","11693.5","E","Estimated value",""
"QCL","Crops and livestock products","356","India","5412","Yield","01221","Watermelons","1982","1982","kg/ha","11769.2","E","Estimated value",""
"QCL","Crops and livestock products","356","India","5412","Yield","01221","Watermelons","1983","1983","kg/ha","11851.9","E","Estimated value",""
"QCL","Crops and livestock products","356","India","5412","Yield","01221","Watermelons","1984","1984","kg/ha","11785.7","E","Estimated value",""
"QCL","Crops and livestock products","356","India","5412","Yield","01221","Watermelons","1985","1985","kg/ha","11888.1","E","Estimated value",""
"QCL","Crops and livestock products","356","India","5412","Yield","01221","Watermelons","1986","1986","kg/ha","12517","E","Estimated value",""
"QCL","Crops and livestock products","356","India","5412","Yield","01221","Watermelons","1987","1987","kg/ha","12533.3","E","Estimated value",""
"QCL","Crops and livestock products","356","India","5412","Yield","01221","Watermelons","1988","1988","kg/ha","12580.6","E","Estimated value",""
"QCL","Crops and livestock products","356","India","5412","Yield","01221","Watermelons","1989","1989","kg/ha","12547.8","E","Estimated value",""
"QCL","Crops and livestock products","356","India","5412","Yield","01221","Watermelons","1990","1990","kg/ha","12500","E","Estimated value",""
"QCL","Crops and livestock products","356","India","5412","Yield","01221","Watermelons","1991","1991","kg/ha","12714.6","X","Value from external organization",""
"QCL","Crops and livestock products","356","India","5412","Yield","01221","Watermelons","1992","1992","kg/ha","13319.8","E","Estimated value",""
"QCL","Crops and livestock products","356","India","5412","Yield","01221","Watermelons","1993","1993","kg/ha","13686.8","E","Estimated value",""
"QCL","Crops and livestock products","356","India","5412","Yield","01221","Watermelons","1994","1994","kg/ha","14029.6","E","Estimated value",""
"QCL","Crops and livestock products","356","India","5412","Yield","01221","Watermelons","1995","1995","kg/ha","14362.3","E","Estimated value",""
"QCL","Crops and livestock products","356","India","5412","Yield","01221","Watermelons","1996","1996","kg/ha","14691.5","E","Estimated value",""
"QCL","Crops and livestock products","356","India","5412","Yield","01221","Watermelons","1997","1997","kg/ha","15019.5","E","Estimated value",""
"QCL","Crops and livestock products","356","India","5412","Yield","01221","Watermelons","1998","1998","kg/ha","15347.4","E","Estimated value",""
"QCL","Crops and livestock products","356","India","5412","Yield","01221","Watermelons","1999","1999","kg/ha","15675.2","E","Estimated value",""
"QCL","Crops and livestock products","356","India","5412","Yield","01221","Watermelons","2000","2000","kg/ha","16003.2","E","Estimated value",""
"QCL","Crops and livestock products","356","India","5412","Yield","01221","Watermelons","2001","2001","kg/ha","16331.3","E","Estimated value",""
"QCL","Crops and livestock products","356","India","5412","Yield","01221","Watermelons","2002","2002","kg/ha","16798.2","E","Estimated value",""
"QCL","Crops and livestock products","356","India","5412","Yield","01221","Watermelons","2003","2003","kg/ha","17265.4","E","Estimated value",""
"QCL","Crops and livestock products","356","India","5412","Yield","01221","Watermelons","2004","2004","kg/ha","17732.7","E","Estimated value",""
"QCL","Crops and livestock products","356","India","5412","Yield","01221","Watermelons","2005","2005","kg/ha","18200.2","E","Estimated value",""
"QCL","Crops and livestock products","356","India","5412","Yield","01221","Watermelons","2006","2006","kg/ha","18667.9","E","Estimated value",""
"QCL","Crops and livestock products","356","India","5412","Yield","01221","Watermelons","2007","2007","kg/ha","19135.8","E","Estimated value",""
"QCL","Crops and livestock products","356","India","5412","Yield","01221","Watermelons","2008","2008","kg/ha","19603.9","E","Estimated value",""
"QCL","Crops and livestock products","356","India","5412","Yield","01221","Watermelons","2009","2009","kg/ha","20072.2","E","Estimated value",""
"QCL","Crops and livestock products","356","India","5412","Yield","01221","Watermelons","2010","2010","kg/ha","20540.7","E","Estimated value",""
"QCL","Crops and livestock products","356","India","5412","Yield","01221","Watermelons","2011","2011","kg/ha","21313.1","A","Official value",""
"QCL","Crops and livestock products","356","India","5412","Yield","01221","Watermelons","2012","2012","kg/ha","24323.9","A","Official value",""
"QCL","Crops and livestock products","356","India","5412","Yield","01221","Watermelons","2013","2013","kg/ha","22086.4","A","Official value",""
"QCL","Crops and livestock products","356","India","5412","Yield","01221","Watermelons","2014","2014","kg/ha","24133.3","A","Official value",""
"QCL","Crops and livestock products","356","India","5412","Yield","01221","Watermelons","2015","2015","kg/ha","24101.1","A","Official value",""
"QCL","Crops and livestock products","356","India","5412","Yield","01221","Watermelons","2016","2016","kg/ha","24473.7","A","Official value",""
"QCL","Crops and livestock products","356","India","5412","Yield","01221","Watermelons","2017","2017","kg/ha","23978","A","Official value",""
"QCL","Crops and livestock products","356","India","5412","Yield","01221","Watermelons","2018","2018","kg/ha","24950.5","A","Official value",""
"QCL","Crops and livestock products","356","India","5412","Yield","01221","Watermelons","2019","2019","kg/ha","24950","A","Official value",""
"QCL","Crops and livestock products","356","India","5412","Yield","01221","Watermelons","2020","2020","kg/ha","27215.5","A","Official value",""
"QCL","Crops and livestock products","356","India","5412","Yield","01221","Watermelons","2021","2021","kg/ha","27344.5","A","Official value",""
"QCL","Crops and livestock products","356","India","5412","Yield","01221","Watermelons","2022","2022","kg/ha","27566.7","A","Official value",""
"QCL","Crops and livestock products","356","India","5412","Yield","01221","Watermelons","2023","2023","kg/ha","28777.8","A","Official value",""
"QCL","Crops and livestock products","356","India","5412","Yield","01221","Watermelons","2024","2024","kg/ha","29115.3","A","Official value",""
"QCL","Crops and livestock products","356","India","5412","Yield","0111","Wheat","1961","1961","kg/ha","850.7","A","Official value",""
"QCL","Crops and livestock products","356","India","5412","Yield","0111","Wheat","1962","1962","kg/ha","889.6","A","Official value",""
"QCL","Crops and livestock products","356","India","5412","Yield","0111","Wheat","1963","1963","kg/ha","792.9","A","Official value",""
"QCL","Crops and livestock products","356","India","5412","Yield","0111","Wheat","1964","1964","kg/ha","729.9","A","Official value",""
"QCL","Crops and livestock products","356","India","5412","Yield","0111","Wheat","1965","1965","kg/ha","913.2","A","Official value",""
"QCL","Crops and livestock products","356","India","5412","Yield","0111","Wheat","1966","1966","kg/ha","826.8","A","Official value",""
"QCL","Crops and livestock products","356","India","5412","Yield","0111","Wheat","1967","1967","kg/ha","887.4","A","Official value",""
"QCL","Crops and livestock products","356","India","5412","Yield","0111","Wheat","1968","1968","kg/ha","1102.8","A","Official value",""
"QCL","Crops and livestock products","356","India","5412","Yield","0111","Wheat","1969","1969","kg/ha","1168.8","A","Official value",""
"QCL","Crops and livestock products","356","India","5412","Yield","0111","Wheat","1970","1970","kg/ha","1208.6","A","Official value",""
"QCL","Crops and livestock products","356","India","5412","Yield","0111","Wheat","1971","1971","kg/ha","1306.6","A","Official value",""
"QCL","Crops and livestock products","356","India","5412","Yield","0111","Wheat","1972","1972","kg/ha","1379.9","A","Official value",""
"QCL","Crops and livestock products","356","India","5412","Yield","0111","Wheat","1973","1973","kg/ha","1270.8","A","Official value",""
"QCL","Crops and livestock products","356","India","5412","Yield","0111","Wheat","1974","1974","kg/ha","1171.9","A","Official value",""
"QCL","Crops and livestock products","356","India","5412","Yield","0111","Wheat","1975","1975","kg/ha","1338.4","A","Official value",""
"QCL","Crops and livestock products","356","India","5412","Yield","0111","Wheat","1976","1976","kg/ha","1410.3","A","Official value",""
"QCL","Crops and livestock products","356","India","5412","Yield","0111","Wheat","1977","1977","kg/ha","1386.6","A","Official value",""
"QCL","Crops and livestock products","356","India","5412","Yield","0111","Wheat","1978","1978","kg/ha","1479.8","A","Official value",""
"QCL","Crops and livestock products","356","India","5412","Yield","0111","Wheat","1979","1979","kg/ha","1568.3","A","Official value",""
"QCL","Crops and livestock products","356","India","5412","Yield","0111","Wheat","1980","1980","kg/ha","1435.6","A","Official value",""
"QCL","Crops and livestock products","356","India","5412","Yield","0111","Wheat","1981","1981","kg/ha","1629.9","A","Official value",""
"QCL","Crops and livestock products","356","India","5412","Yield","0111","Wheat","1982","1982","kg/ha","1691.3","A","Official value",""
"QCL","Crops and livestock products","356","India","5412","Yield","0111","Wheat","1983","1983","kg/ha","1815.8","A","Official value",""
"QCL","Crops and livestock products","356","India","5412","Yield","0111","Wheat","1984","1984","kg/ha","1843.2","A","Official value",""
"QCL","Crops and livestock products","356","India","5412","Yield","0111","Wheat","1985","1985","kg/ha","1870.1","A","Official value",""
"QCL","Crops and livestock products","356","India","5412","Yield","0111","Wheat","1986","1986","kg/ha","2046","A","Official value",""
"QCL","Crops and livestock products","356","India","5412","Yield","0111","Wheat","1987","1987","kg/ha","1916.2","A","Official value",""
"QCL","Crops and livestock products","356","India","5412","Yield","0111","Wheat","1988","1988","kg/ha","2001.9","A","Official value",""
"QCL","Crops and livestock products","356","India","5412","Yield","0111","Wheat","1989","1989","kg/ha","2244.4","A","Official value",""
"QCL","Crops and livestock products","356","India","5412","Yield","0111","Wheat","1990","1990","kg/ha","2121.1","A","Official value",""
"QCL","Crops and livestock products","356","India","5412","Yield","0111","Wheat","1991","1991","kg/ha","2281.4","A","Official value",""
"QCL","Crops and livestock products","356","India","5412","Yield","0111","Wheat","1992","1992","kg/ha","2394","A","Official value",""
"QCL","Crops and livestock products","356","India","5412","Yield","0111","Wheat","1993","1993","kg/ha","2326.7","A","Official value",""
"QCL","Crops and livestock products","356","India","5412","Yield","0111","Wheat","1994","1994","kg/ha","2379.6","A","Official value",""
"QCL","Crops and livestock products","356","India","5412","Yield","0111","Wheat","1995","1995","kg/ha","2559","A","Official value",""
"QCL","Crops and livestock products","356","India","5412","Yield","0111","Wheat","1996","1996","kg/ha","2482.8","A","Official value",""
"QCL","Crops and livestock products","356","India","5412","Yield","0111","Wheat","1997","1997","kg/ha","2678.9","A","Official value",""
"QCL","Crops and livestock products","356","India","5412","Yield","0111","Wheat","1998","1998","kg/ha","2485.2","A","Official value",""
"QCL","Crops and livestock products","356","India","5412","Yield","0111","Wheat","1999","1999","kg/ha","2590.1","A","Official value",""
"QCL","Crops and livestock products","356","India","5412","Yield","0111","Wheat","2000","2000","kg/ha","2778.5","A","Official value",""
"QCL","Crops and livestock products","356","India","5412","Yield","0111","Wheat","2001","2001","kg/ha","2708.1","A","Official value",""
"QCL","Crops and livestock products","356","India","5412","Yield","0111","Wheat","2002","2002","kg/ha","2762.1","A","Official value",""
"QCL","Crops and livestock products","356","India","5412","Yield","0111","Wheat","2003","2003","kg/ha","2610","A","Official value",""
"QCL","Crops and livestock products","356","India","5412","Yield","0111","Wheat","2004","2004","kg/ha","2713.2","A","Official value",""
"QCL","Crops and livestock products","356","India","5412","Yield","0111","Wheat","2005","2005","kg/ha","2601.6","A","Official value",""
"QCL","Crops and livestock products","356","India","5412","Yield","0111","Wheat","2006","2006","kg/ha","2618.8","A","Official value",""
"QCL","Crops and livestock products","356","India","5412","Yield","0111","Wheat","2007","2007","kg/ha","2707.9","A","Official value",""
"QCL","Crops and livestock products","356","India","5412","Yield","0111","Wheat","2008","2008","kg/ha","2802.2","A","Official value",""
"QCL","Crops and livestock products","356","India","5412","Yield","0111","Wheat","2009","2009","kg/ha","2907.1","A","Official value",""
"QCL","Crops and livestock products","356","India","5412","Yield","0111","Wheat","2010","2010","kg/ha","2839.5","A","Official value",""
"QCL","Crops and livestock products","356","India","5412","Yield","0111","Wheat","2011","2011","kg/ha","2988.6","A","Official value",""
"QCL","Crops and livestock products","356","India","5412","Yield","0111","Wheat","2012","2012","kg/ha","3177.5","A","Official value",""
"QCL","Crops and livestock products","356","India","5412","Yield","0111","Wheat","2013","2013","kg/ha","3153.8","A","Official value",""
"QCL","Crops and livestock products","356","India","5412","Yield","0111","Wheat","2014","2014","kg/ha","3145.7","A","Official value",""
"QCL","Crops and livestock products","356","India","5412","Yield","0111","Wheat","2015","2015","kg/ha","2749.6","A","Official value",""
"QCL","Crops and livestock products","356","India","5412","Yield","0111","Wheat","2016","2016","kg/ha","3033.9","A","Official value",""
"QCL","Crops and livestock products","356","India","5412","Yield","0111","Wheat","2017","2017","kg/ha","3199.9","A","Official value",""
"QCL","Crops and livestock products","356","India","5412","Yield","0111","Wheat","2018","2018","kg/ha","3368.2","A","Official value",""
"QCL","Crops and livestock products","356","India","5412","Yield","0111","Wheat","2019","2019","kg/ha","3533.4","A","Official value",""
"QCL","Crops and livestock products","356","India","5412","Yield","0111","Wheat","2020","2020","kg/ha","3439.8","A","Official value",""
"QCL","Crops and livestock products","356","India","5412","Yield","0111","Wheat","2021","2021","kg/ha","3520.8","A","Official value",""
"QCL","Crops and livestock products","356","India","5412","Yield","0111","Wheat","2022","2022","kg/ha","3537.3","A","Official value",""
"QCL","Crops and livestock products","356","India","5412","Yield","0111","Wheat","2023","2023","kg/ha","3520.7","A","Official value",""
"QCL","Crops and livestock products","356","India","5412","Yield","0111","Wheat","2024","2024","kg/ha","3559","A","Official value",""
"QCL","Crops and livestock products","356","India","5412","Yield","01540","Yams","2014","2014","kg/ha","44400","A","Official value",""
"QCL","Crops and livestock products","356","India","5412","Yield","01540","Yams","2015","2015","kg/ha","28250","A","Official value",""
"QCL","Crops and livestock products","356","India","5412","Yield","01540","Yams","2016","2016","kg/ha","26380.8","A","Official value",""
"QCL","Crops and livestock products","356","India","5412","Yield","01540","Yams","2017","2017","kg/ha","25930.9","A","Official value",""
"QCL","Crops and livestock products","356","India","5412","Yield","01540","Yams","2018","2018","kg/ha","25469.3","A","Official value",""
"QCL","Crops and livestock products","356","India","5412","Yield","01540","Yams","2019","2019","kg/ha","25085.1","A","Official value",""
"QCL","Crops and livestock products","356","India","5412","Yield","01540","Yams","2020","2020","kg/ha","23154","A","Official value",""
"QCL","Crops and livestock products","356","India","5412","Yield","01540","Yams","2021","2021","kg/ha","22775.5","A","Official value",""
"QCL","Crops and livestock products","356","India","5412","Yield","01540","Yams","2022","2022","kg/ha","24761.9","A","Official value",""
"QCL","Crops and livestock products","356","India","5412","Yield","01540","Yams","2023","2023","kg/ha","25307.7","A","Official value",""
"QCL","Crops and livestock products","356","India","5412","Yield","01540","Yams","2024","2024","kg/ha","25051.3","A","Official value",""
