Actual Yield (hg/ha),Predicted Yield (hg/ha),Absolute Error (hg/ha)
69220,68930.91666666667,289.0833333333285
20000,24518.47,4518.470000000001
51206,48826.57666666667,2379.4233333333323
166986,157741.42,9244.579999999987
56319,54067.073333333334,2251.9266666666663
26163,26131.903333333332,31.09666666666817
30708,30157.793333333335,550.2066666666651
109771,105147.62333333334,4623.376666666663
241650,231408.99333333335,10241.006666666653
47500,45904.90666666667,1595.0933333333305
14614,16071.803333333333,1457.8033333333333
62061,58175.3,3885.699999999997
3332,7484.57,4152.57
27105,26797.19,307.8100000000013
12512,19956.426666666666,7444.426666666666
53362,41256.21,12105.79
155782,130053.02666666667,25728.973333333328
158256,162343.68666666668,4087.6866666666756
26937,28636.793333333335,1699.7933333333349
32222,35779.28333333333,3557.283333333333
36070,35567.083333333336,502.91666666666424
71727,80861.9,9134.899999999994
194380,189477.89,4902.109999999986
33333,29768.203333333335,3564.7966666666653
7537,14987.126666666667,7450.126666666667
332957,313899.7633333333,19057.236666666693
104452,104784.88,332.88000000000466
10125,12609.203333333333,2484.203333333333
8156,22303.483333333334,14147.483333333334
17086,18268.356666666667,1182.3566666666666
36212,32459.99,3752.0099999999984
26195,30997.006666666668,4802.006666666668
10415,12545.906666666666,2130.906666666666
25539,26118.81,579.8100000000013
83723,87602.49,3879.4900000000052
10145,10193.813333333334,48.8133333333335
22493,22157.693333333333,335.3066666666673
23429,31759.2,8330.2
11463,15137.726666666667,3674.7266666666674
58929,53689.91333333333,5239.08666666667
7333,17509.386666666665,10176.386666666665
5821,6522.62,701.6199999999999
19757,19688.98,68.02000000000044
9106,9253.986666666666,147.98666666666577
26103,27524.126666666667,1421.126666666667
100000,107597.0,7597.0
194173,191104.53666666665,3068.4633333333477
5644,10652.293333333333,5008.293333333333
183965,180738.07666666666,3226.9233333333395
8472,8638.006666666666,166.0066666666662
32425,39363.94666666666,6938.946666666663
17707,33965.94666666666,16258.946666666663
129138,133541.20666666667,4403.206666666665
127672,178419.15,50747.149999999994
33736,34248.043333333335,512.0433333333349
173390,171672.49666666667,1717.5033333333267
10049,12196.81,2147.8099999999995
40466,88873.74333333333,48407.74333333333
13359,11466.176666666666,1892.8233333333337
92069,90848.25333333333,1220.7466666666733
40210,57230.97,17020.97
40638,39954.526666666665,683.4733333333352
269087,269385.05333333334,298.0533333333442
25371,25919.636666666665,548.6366666666654
146020,146047.18666666668,27.186666666675592
45000,47414.7,2414.699999999997
44631,43604.63,1026.3700000000026
118458,113772.87333333334,4685.126666666663
9787,11147.773333333333,1360.7733333333326
12561,11303.963333333333,1257.0366666666669
14507,18310.056666666667,3803.0566666666673
17922,18684.01,762.0099999999984
238528,234733.82333333333,3794.1766666666663
91667,87417.79666666666,4249.203333333338
44029,46977.176666666666,2948.1766666666663
93002,105911.79666666666,12909.796666666662
11765,14457.176666666666,2692.1766666666663
80361,80852.28333333334,491.2833333333401
11442,14005.233333333334,2563.2333333333336
27324,25891.833333333332,1432.1666666666679
6178,9231.94,3053.9400000000005
25401,26411.846666666668,1010.8466666666682
7000,9311.58,2311.58
95441,88588.79333333333,6852.206666666665
44007,43055.07,951.9300000000003
16705,22034.753333333334,5329.753333333334
43022,44472.903333333335,1450.9033333333355
18750,30100.886666666665,11350.886666666665
51833,40841.75666666667,10991.243333333332
32599,33585.026666666665,986.0266666666648
258305,140521.65333333332,117783.34666666668
72257,85435.1,13178.100000000006
23940,23838.47,101.52999999999884
5952,6424.26,472.2600000000002
76593,73562.97333333333,3030.026666666672
80643,80150.04333333333,492.9566666666651
86907,85682.68666666666,1224.313333333339
211794,180415.15333333332,31378.84666666668
196769,193502.65333333332,3266.346666666679
120253,120110.26333333334,142.73666666666395
23100,27345.706666666665,4245.706666666665
27105,33603.263333333336,6498.263333333336
205631,187485.68666666668,18145.313333333324
6808,20644.716666666667,13836.716666666667
11001,11296.08,295.0799999999999
13763,14467.98,704.9799999999996
343433,337345.81333333335,6087.1866666666465
347555,346850.41333333333,704.5866666666698
55089,58100.35666666667,3011.3566666666666
415790,412467.88333333336,3322.1166666666395
11371,11832.416666666666,461.41666666666606
151954,151285.10333333333,668.8966666666674
232463,231981.75666666665,481.2433333333465
68000,63093.96,4906.040000000001
354317,337977.74333333335,16339.256666666653
95296,87462.26,7833.740000000005
46740,43961.57,2778.4300000000003
8675,12802.716666666667,4127.716666666667
2860,5489.456666666667,2629.456666666667
132794,125526.05,7267.949999999997
51740,44530.65,7209.3499999999985
10000,12234.513333333334,2234.5133333333342
260759,224241.54333333333,36517.456666666665
17188,16829.056666666667,358.9433333333327
22814,22649.543333333335,164.45666666666511
34799,51534.29,16735.29
38566,35966.59333333333,2599.4066666666695
20167,20090.77666666667,76.22333333333154
86401,84481.73666666666,1919.263333333336
62500,63563.693333333336,1063.6933333333363
10946,14044.846666666666,3098.8466666666664
30558,32980.4,2422.4000000000015
102703,104483.31,1780.3099999999977
233257,228304.80333333334,4952.196666666656
100385,99412.76333333334,972.236666666664
136186,136047.98333333334,138.0166666666628
26817,30096.45,3279.4500000000007
93279,80612.47333333333,12666.526666666672
36909,36476.166666666664,432.83333333333576
142515,113770.21333333333,28744.786666666667
86849,84767.65666666666,2081.343333333338
58821,68150.97333333333,9329.973333333328
21243,23079.693333333333,1836.6933333333327
37350,37775.943333333336,425.94333333333634
463376,432553.2733333333,30822.726666666684
39530,42309.32666666667,2779.3266666666677
77192,92456.39333333333,15264.393333333326
77656,87704.62666666666,10048.626666666663
22962,27421.593333333334,4459.593333333334
50045,48942.66,1102.3399999999965
56180,56303.956666666665,123.95666666666511
71621,69472.46333333333,2148.536666666667
54673,80186.85,25513.850000000006
336000,278719.08666666667,57280.91333333333
25700,26839.516666666666,1139.5166666666664
18093,23046.183333333334,4953.183333333334
95878,95650.92333333334,227.07666666666046
37205,40970.78,3765.779999999999
38857,41768.263333333336,2911.263333333336
307667,297593.38333333336,10073.61666666664
46811,54355.69,7544.690000000002
161890,175425.10333333333,13535.103333333333
36408,38819.636666666665,2411.6366666666654
260110,179431.82666666666,80678.17333333334
123819,103825.39333333333,19993.606666666674
43487,43346.97,140.02999999999884
7784,9217.21,1433.2099999999991
239420,233446.58,5973.420000000013
46778,46464.34333333333,313.6566666666695
21288,21662.803333333333,374.8033333333333
92308,87148.19333333333,5159.806666666671
25205,31107.673333333332,5902.673333333332
21972,28808.713333333333,6836.713333333333
18735,23024.883333333335,4289.883333333335
24033,23598.876666666667,434.123333333333
92083,88324.35,3758.649999999994
75504,84518.44666666667,9014.44666666667
162720,161207.09333333332,1512.9066666666768
47661,55121.293333333335,7460.293333333335
120398,118287.14,2110.8600000000006
20184,25925.523333333334,5741.523333333334
92456,89656.21666666666,2799.78333333334
7786,8319.596666666666,533.5966666666664
132721,133678.09,957.0899999999965
385818,380857.1,4960.900000000023
10209,11134.016666666666,925.0166666666664
169078,167440.62666666668,1637.373333333322
80227,85621.47,5394.470000000001
26917,26475.606666666667,441.39333333333343
11149,12433.0,1284.0
35875,39473.63,3598.6299999999974
90254,87142.79333333333,3111.206666666665
149353,167000.98666666666,17647.986666666664
88846,79374.40666666666,9471.593333333338
24852,26210.343333333334,1358.3433333333342
40954,42081.863333333335,1127.8633333333346
28395,29377.22333333333,982.2233333333315
311961,305292.31333333335,6668.6866666666465
8952,11057.123333333333,2105.123333333333
23533,23573.263333333332,40.26333333333241
17112,19111.923333333332,1999.9233333333323
8248,9010.386666666667,762.3866666666672
12326,80271.82666666666,67945.82666666666
11540,20257.48,8717.48
57506,57319.99,186.01000000000204
135418,129250.76,6167.240000000005
168349,164661.21,3687.790000000008
26587,54330.33,27743.33
43552,47969.19,4417.190000000002
16000,17192.45,1192.4500000000007
24008,23197.036666666667,810.9633333333331
270436,271648.5966666667,1212.596666666679
53856,69291.27666666667,15435.276666666672
93889,96395.85,2506.850000000006
8400,9872.87,1472.8700000000008
6920,7076.89,156.89000000000033
10209,10694.053333333333,485.0533333333333
13548,24387.923333333332,10839.923333333332
240356,238724.66,1631.3399999999965
81716,77103.77666666667,4612.223333333328
87850,87769.49666666667,80.50333333332674
276077,270058.2366666667,6018.763333333307
199299,197505.09666666668,1793.903333333321
35878,36061.29666666667,183.2966666666689
26365,26403.67,38.669999999998254
4120,8097.62,3977.62
60000,61336.763333333336,1336.763333333336
23573,34387.03,10814.029999999999
346237,287415.5333333333,58821.466666666674
26397,41453.32666666667,15056.326666666668
111195,111577.76666666666,382.7666666666628
17844,23609.683333333334,5765.683333333334
6667,11091.076666666666,4424.076666666666
206653,200834.23666666666,5818.763333333336
53085,51663.65666666667,1421.3433333333305
180795,178903.80666666667,1891.193333333329
24105,25486.43,1381.4300000000003
25497,36483.09333333333,10986.09333333333
288984,264734.04,24249.96000000002
89381,87945.17333333334,1435.8266666666605
21232,23079.55,1847.5499999999993
15104,20609.943333333333,5505.943333333333
16610,18169.576666666668,1559.5766666666677
69231,56467.72666666667,12763.27333333333
12181,13085.7,904.7000000000007
239523,235768.75333333333,3754.2466666666733
12132,13041.08,909.0799999999999
23333,25084.356666666667,1751.3566666666666
178455,188738.57,10283.570000000007
5926,6675.466666666666,749.4666666666662
17875,27447.453333333335,9572.453333333335
22027,22485.606666666667,458.60666666666657
13309,23095.486666666668,9786.486666666668
41365,43942.09333333333,2577.0933333333305
274272,239760.35666666666,34511.64333333334
13530,14584.306666666667,1054.3066666666673
120150,118717.65666666666,1432.3433333333378
49631,54503.676666666666,4872.676666666666
17974,16860.833333333332,1113.1666666666679
5153,8635.116666666667,3482.116666666667
50000,52694.95333333333,2694.953333333331
17695,20640.453333333335,2945.4533333333347
19148,25435.9,6287.9000000000015
21241,21401.77,160.77000000000044
180795,167517.41333333333,13277.58666666667
15106,30050.29,14944.29
15000,17819.0,2819.0
166101,162949.76666666666,3151.233333333337
21680,30049.043333333335,8369.043333333335
107700,151775.45,44075.45000000001
26188,26650.663333333334,462.66333333333387
185891,182568.17666666667,3322.8233333333337
24030,24082.793333333335,52.793333333334886
23438,20614.663333333334,2823.336666666666
9568,10598.82,1030.8199999999997
8205,11157.906666666666,2952.906666666666
122132,135647.42333333334,13515.42333333334
22769,22756.433333333334,12.566666666665697
304856,306220.66333333333,1364.6633333333302
41009,41058.68666666667,49.686666666668316
10121,10115.27,5.729999999999563
136536,146753.48333333334,10217.483333333337
22467,22385.44,81.56000000000131
16585,16477.17,107.83000000000175
59520,41903.333333333336,17616.666666666664
2065,9064.01,6999.01
29475,28847.046666666665,627.9533333333347
16042,18061.35,2019.3499999999985
52274,58190.87,5916.870000000003
212548,192653.15666666668,19894.843333333323
224279,160897.05,63381.95000000001
103444,94967.22333333333,8476.776666666672
205381,204271.63,1109.3699999999953
46361,48744.043333333335,2383.043333333335
30877,31384.123333333333,507.123333333333
159467,143685.05,15781.950000000012
101288,97564.03333333334,3723.96666666666
316341,313108.75666666665,3232.2433333333465
23940,23971.333333333332,31.33333333333212
8222,8607.38,385.3799999999992
39602,44354.02,4752.019999999997
89245,78797.72333333333,10447.276666666672
108075,135703.17,27628.170000000013
179167,155704.93666666668,23462.063333333324
4314,6689.506666666667,2375.506666666667
313056,308644.58666666667,4411.41333333333
109892,95964.71666666666,13927.28333333334
92456,91901.45666666667,554.5433333333349
252775,244671.49333333335,8103.5066666666535
80361,77934.61666666667,2426.3833333333314
41272,44989.47666666667,3717.476666666669
30708,30457.803333333333,250.19666666666672
30312,32603.086666666666,2291.086666666666
71514,66724.79,4789.210000000006
43422,43476.77,54.7699999999968
77723,80115.85333333333,2392.8533333333326
7560,20778.183333333334,13218.183333333334
166667,142366.55666666667,24300.44333333333
40181,39533.996666666666,647.003333333334
33960,39225.683333333334,5265.683333333334
23733,24076.696666666667,343.6966666666667
79860,85108.41666666667,5248.4166666666715
160959,158803.8,2155.2000000000116
16662,16893.213333333333,231.21333333333314
140463,139170.02,1292.9800000000105
214018,205905.31,8112.690000000002
164446,138115.02333333335,26330.976666666655
28508,27724.743333333332,783.256666666668
35000,39575.21,4575.209999999999
92345,86515.47666666667,5829.523333333331
56861,53354.78333333333,3506.216666666667
12067,15701.286666666667,3634.286666666667
30192,29952.82,239.1800000000003
184706,174755.13666666666,9950.863333333342
39938,47912.613333333335,7974.613333333335
192973,188436.62,4536.380000000005
13593,44228.39,30635.39
307406,294520.64,12885.359999999986
21040,23235.046666666665,2195.0466666666653
109373,77587.54,31785.460000000006
82417,91971.47,9554.470000000001
11765,13523.056666666667,1758.0566666666673
25220,39968.58,14748.580000000002
15675,26090.106666666667,10415.106666666667
217455,204150.98,13304.01999999999
76239,70559.36333333333,5679.636666666673
11790,14572.13,2782.129999999999
27079,27294.096666666668,215.09666666666817
30000,23766.96,6233.040000000001
32366,32366.476666666666,0.476666666665551
63626,58755.816666666666,4870.183333333334
86553,86462.58666666667,90.41333333333023
130244,130423.20666666667,179.20666666666511
73838,75617.05333333333,1779.0533333333296
79663,77821.47666666667,1841.5233333333308
95150,94243.21666666666,906.7833333333401
104368,101309.88666666667,3058.1133333333273
20000,18975.263333333332,1024.7366666666676
4000,8131.65,4131.65
82835,82859.96666666666,24.966666666659876
34759,37883.06333333333,3124.0633333333317
29901,31095.38,1194.380000000001
8545,14822.253333333334,6277.253333333334
160294,158165.65666666668,2128.3433333333232
72614,74521.13666666667,1907.1366666666727
88477,88161.73333333334,315.2666666666628
31538,32217.366666666665,679.366666666665
30769,38920.45333333333,8151.453333333331
10236,10324.51,88.51000000000022
20301,46043.833333333336,25742.833333333336
112551,110586.44666666667,1964.5533333333296
19487,28040.43,8553.43
208520,200420.55666666667,8099.443333333329
18118,19197.666666666668,1079.6666666666679
26092,26436.826666666668,344.82666666666773
26092,25845.296666666665,246.70333333333474
26650,35863.35666666667,9213.356666666667
50463,50231.42333333333,231.57666666666773
39246,38184.74,1061.260000000002
78868,68561.49,10306.509999999995
62456,58230.87666666666,4225.123333333337
18000,18190.39,190.38999999999942
81343,78004.00333333333,3338.9966666666733
47857,46983.13,873.8700000000026
22580,26510.226666666666,3930.2266666666656
19942,28224.116666666665,8282.116666666665
80873,71708.64666666667,9164.353333333333
11950,11057.563333333334,892.4366666666665
7602,8000.79,398.78999999999996
160919,161254.13333333333,335.1333333333314
120019,117967.95,2051.050000000003
10789,11000.693333333333,211.6933333333327
227240,224415.08333333334,2824.916666666657
20802,23517.21,2715.209999999999
177576,152743.63666666666,24832.363333333342
14000,20873.866666666665,6873.866666666665
14286,19840.783333333333,5554.783333333333
84606,80791.33666666667,3814.6633333333302
266530,247717.50666666665,18812.493333333347
35939,34147.54,1791.4599999999991
58558,58746.943333333336,188.94333333333634
1123,3226.4266666666667,2103.4266666666667
67762,72572.73333333334,4810.733333333337
113473,107328.94666666667,6144.05333333333
15010,16068.653333333334,1058.6533333333336
13150,28783.523333333334,15633.523333333334
112584,112362.81333333334,221.18666666666104
82992,81035.81333333334,1956.186666666661
26919,24278.03,2640.970000000001
15198,18048.71,2850.709999999999
26795,27248.866666666665,453.86666666666497
40954,41818.136666666665,864.1366666666654
96634,96302.34,331.6600000000035
8148,9991.476666666667,1843.4766666666674
2688,11620.073333333334,8932.073333333334
18879,31663.323333333334,12784.323333333334
22277,22974.096666666668,697.0966666666682
54972,56142.89666666667,1170.8966666666674
195385,170310.43,25074.570000000007
5952,8602.413333333334,2650.413333333334
36070,35768.21,301.7900000000009
183627,183137.88333333333,489.1166666666686
56118,53807.683333333334,2310.3166666666657
14232,22739.143333333333,8507.143333333333
17931,16652.04,1278.9599999999991
23492,23854.896666666667,362.89666666666744
22303,22686.736666666668,383.7366666666676
41536,46453.53333333333,4917.533333333333
122745,122339.67,405.33000000000175
37202,36037.68,1164.3199999999997
19868,46640.306666666664,26772.306666666664
96078,87829.93,8248.070000000007
171249,139030.52333333335,32218.476666666655
290981,284089.13333333336,6891.8666666666395
19113,23870.786666666667,4757.786666666667
7715,7732.03,17.029999999999745
28962,25559.736666666668,3402.2633333333324
12562,12112.206666666667,449.79333333333307
107674,109679.71666666666,2005.7166666666599
24954,28534.156666666666,3580.156666666666
15242,19446.103333333333,4204.103333333333
15289,16984.963333333333,1695.9633333333331
29667,29189.636666666665,477.3633333333346
28965,27873.303333333333,1091.6966666666667
22580,26860.103333333333,4280.103333333333
50111,45784.683333333334,4326.316666666666
140795,137195.43666666668,3599.5633333333244
33518,32564.77666666667,953.2233333333315
105177,104949.63,227.36999999999534
88346,79974.53,8371.470000000001
113035,111769.52,1265.479999999996
93333,91071.84333333334,2261.156666666662
26125,25661.463333333333,463.53666666666686
27542,27755.403333333332,213.40333333333183
313645,314858.38333333336,1213.3833333333605
26125,25799.233333333334,325.7666666666664
29068,30105.863333333335,1037.8633333333346
45365,44486.03,878.9700000000012
72244,80741.28,8497.279999999999
119978,107423.92666666667,12554.073333333334
28303,28096.503333333334,206.496666666666
53603,58557.07666666667,4954.076666666668
88427,80687.86666666667,7739.133333333331
32888,33642.926666666666,754.9266666666663
69084,68366.76,717.2400000000052
33254,32279.56333333333,974.4366666666683
27227,43553.53,16326.529999999999
422075,421078.42,996.5800000000163
22066,24969.493333333332,2903.493333333332
22493,22482.54,10.459999999999127
5748,9940.61,4192.610000000001
24561,29253.97,4692.970000000001
49103,53932.13333333333,4829.133333333331
27510,37171.113333333335,9661.113333333335
36909,36785.39333333333,123.60666666666657
17969,20463.603333333333,2494.6033333333326
104168,102051.41666666667,2116.5833333333285
88588,88503.49,84.50999999999476
28516,32220.433333333334,3704.4333333333343
28395,31539.31,3144.3100000000013
237558,236359.65,1198.3500000000058
68702,67967.42666666667,734.5733333333337
54252,52335.15,1916.8499999999985
8333,8900.246666666666,567.246666666666
72291,64671.723333333335,7619.276666666665
79663,77941.45333333334,1721.5466666666616
164101,164245.97,144.97000000000116
245277,242284.91,2992.0899999999965
78182,74284.89333333333,3897.106666666674
11123,12410.816666666668,1287.8166666666675
96163,84002.63333333333,12160.366666666669
5797,8862.21,3065.209999999999
15000,20815.263333333332,5815.263333333332
247421,245485.79666666666,1935.2033333333384
21241,21174.17,66.83000000000175
112339,106502.60666666667,5836.393333333326
75800,71108.01666666666,4691.983333333337
113463,107704.26666666666,5758.733333333337
245277,243022.01,2254.9899999999907
33350,36235.07666666667,2885.0766666666677
101190,100866.19666666667,323.80333333332965
45027,42140.29,2886.709999999999
343433,342142.0,1291.0
238528,237551.77,976.2300000000105
3168,7466.163333333333,4298.163333333333
113272,110724.32666666666,2547.6733333333395
100000,101867.88,1867.8800000000047
213178,210904.24,2273.7600000000093
37520,29813.04,7706.959999999999
109463,105263.22666666667,4199.773333333331
34023,39059.49333333333,5036.493333333332
306736,297264.6666666667,9471.333333333314
183405,182737.04,667.9599999999919
11811,15180.003333333334,3369.003333333334
7639,8014.873333333333,375.873333333333
16776,20938.683333333334,4162.683333333334
17672,18068.213333333333,396.21333333333314
201457,198052.77,3404.2300000000105
37712,36421.323333333334,1290.6766666666663
16223,19672.716666666667,3449.716666666667
32629,27971.82,4657.18
129963,133969.85,4006.850000000006
10000,12052.89,2052.8899999999994
17119,19345.63,2226.630000000001
117128,128510.94333333333,11382.943333333329
23100,33188.35666666667,10088.356666666667
123323,118665.41666666667,4657.5833333333285
15946,17989.903333333332,2043.9033333333318
27857,20838.626666666667,7018.373333333333
10000,11332.636666666667,1332.6366666666672
44259,43879.9,379.09999999999854
18132,30619.266666666666,12487.266666666666
84033,59123.746666666666,24909.253333333334
80510,85719.08666666667,5209.08666666667
30984,34913.14333333333,3929.1433333333334
262966,259147.18,3818.820000000007
19452,20313.933333333334,861.9333333333343
105824,91236.41,14587.589999999997
59403,58478.403333333335,924.5966666666645
50469,55992.846666666665,5523.8466666666645
26304,28915.44,2611.4399999999987
28022,29128.296666666665,1106.2966666666653
34989,29387.283333333333,5601.716666666667
236046,219920.31666666668,16125.68333333332
10121,10365.376666666667,244.376666666667
45652,46864.556666666664,1212.5566666666637
28685,28411.833333333332,273.1666666666679
56332,77746.71666666666,21414.71666666666
22580,24910.47333333333,2330.4733333333315
6953,7553.06,600.0600000000004
146506,147150.54666666666,644.5466666666616
13001,18507.176666666666,5506.176666666666
15855,14728.11,1126.8899999999994
20008,32863.76666666667,12855.76666666667
237707,230426.93333333332,7280.06666666668
199650,263644.62333333335,63994.62333333335
11001,10941.74,59.26000000000022
126980,116796.90666666666,10183.093333333338
120376,123346.80666666667,2970.806666666671
37320,46056.14,8736.14
270436,271002.5133333333,566.513333333307
46386,34930.64333333333,11455.356666666667
260629,198161.03666666665,62467.96333333335
42313,42903.43666666667,590.4366666666683
48956,48368.2,587.8000000000029
52934,53986.78333333333,1052.7833333333328
96365,107575.11,11210.11
185676,184184.07666666666,1491.9233333333395
21603,22365.296666666665,762.2966666666653
58999,60014.91,1015.9100000000035
16729,14555.156666666666,2173.843333333334
240356,236780.43,3575.570000000007
53484,56579.1,3095.0999999999985
136343,134621.82333333333,1721.1766666666663
23172,24079.446666666667,907.4466666666667
187278,170305.95333333334,16972.04666666666
139290,137305.96,1984.0400000000081
22399,23684.39,1285.3899999999994
9299,13696.423333333334,4397.423333333334
10437,51741.19666666666,41304.19666666666
9820,10139.803333333333,319.8033333333333
31537,30351.853333333333,1185.1466666666674
57917,56404.42,1512.5800000000017
24125,24347.753333333334,222.753333333334
27922,27267.673333333332,654.3266666666677
37195,33733.62,3461.3799999999974
7001,10499.293333333333,3498.293333333333
26163,26678.37,515.369999999999
51212,63056.64666666667,11844.646666666667
30877,31384.123333333333,507.123333333333
36265,38280.72,2015.7200000000012
39000,45986.77333333333,6986.773333333331
324147,320291.1533333333,3855.846666666679
72011,73708.45,1697.449999999997
107920,105653.45333333334,2266.5466666666616
314059,342129.05333333334,28070.053333333344
30762,31865.306666666667,1103.3066666666673
23267,24164.58,897.5800000000017
42311,42441.69,130.69000000000233
195440,189010.89666666667,6429.103333333333
312460,217854.6,94605.4
4646,6388.696666666667,1742.6966666666667
43300,44417.19,1117.1900000000023
91297,87037.84666666666,4259.1533333333355
19385,19930.39,545.3899999999994
209597,197716.82,11880.179999999993
6011,6413.673333333333,402.6733333333332
73520,75120.25666666667,1600.256666666668
11001,11219.476666666667,218.47666666666737
21975,24932.033333333333,2957.033333333333
38260,38269.706666666665,9.706666666665114
184997,186886.75,1889.75
68000,61931.056666666664,6068.943333333336
67992,67399.72,592.2799999999988
26893,27111.676666666666,218.67666666666628
44376,50398.87,6022.870000000003
12351,12246.083333333334,104.91666666666606
65222,66801.15,1579.1499999999942
40301,39607.06,693.9400000000023
49066,52390.3,3324.300000000003
232463,227877.09666666668,4585.903333333321
148818,141670.92333333334,7147.0766666666605
14085,12481.46,1603.5400000000009
316536,310158.38333333336,6377.6166666666395
27713,30583.353333333333,2870.3533333333326
168178,193113.97,24935.97
14623,14808.543333333333,185.54333333333307
10090,10193.92,103.92000000000007
21627,24165.06333333333,2538.0633333333317
71727,82498.71333333333,10771.713333333333
23629,24927.993333333332,1298.993333333332
35939,35954.19,15.190000000002328
48039,51090.636666666665,3051.6366666666654
7658,10054.863333333333,2396.863333333333
35199,35353.543333333335,154.54333333333489
19963,18128.226666666666,1834.7733333333344
8803,9054.656666666666,251.65666666666584
8948,21167.73,12219.73
43465,41526.933333333334,1938.0666666666657
100691,102542.21333333333,1851.2133333333331
100000,101307.86666666667,1307.8666666666686
115946,117024.59,1078.5899999999965
15318,22448.883333333335,7130.883333333335
70010,65750.10333333333,4259.896666666667
5611,9926.8,4315.799999999999
27199,46478.15,19279.15
27324,25537.4,1786.5999999999985
62000,56370.76666666667,5629.23333333333
37145,42674.43,5529.43
401515,399931.44666666666,1583.5533333333442
16500,25845.613333333335,9345.613333333335
126965,101614.63,25350.369999999995
50134,51864.16333333333,1730.1633333333302
30498,43189.513333333336,12691.513333333336
113463,109428.46,4034.5399999999936
66354,67301.61666666667,947.6166666666686
162829,164037.94333333333,1208.943333333329
164101,163571.93333333332,529.0666666666802
27431,27642.893333333333,211.89333333333343
13895,16431.31333333333,2536.3133333333317
468991,360113.30666666664,108877.69333333336
19231,21890.506666666668,2659.506666666668
17872,20028.72333333333,2156.7233333333315
25112,33816.9,8704.900000000001
25180,26102.803333333333,922.8033333333333
146090,143384.70333333334,2705.2966666666616
75936,72956.14333333333,2979.856666666674
32339,27416.516666666666,4922.483333333334
44886,44275.39666666667,610.6033333333326
120904,144589.23666666666,23685.236666666664
154474,158094.27666666667,3620.276666666672
27785,27955.94,170.9399999999987
28000,31838.983333333334,3838.9833333333336
27076,29064.283333333333,1988.2833333333328
125440,116813.73666666666,8626.263333333336
50962,51343.54,381.5400000000009
118514,116118.99666666667,2395.0033333333267
75260,78873.74666666667,3613.7466666666733
169078,167440.62666666668,1637.373333333322
172474,150795.07333333333,21678.926666666666
91823,79509.47333333333,12313.526666666672
101190,100237.86333333333,952.1366666666727
217379,178806.09333333332,38572.90666666668
62061,52529.66333333333,9531.33666666667
33800,32529.013333333332,1270.9866666666676
105070,107901.12,2831.1199999999953
55076,56873.19,1797.1900000000023
90080,89297.96,782.0399999999936
22602,24626.296666666665,2024.2966666666653
48009,44691.16333333333,3317.8366666666698
5926,8570.29,2644.290000000001
58531,75454.53666666667,16923.536666666667
191769,192076.33333333334,307.33333333334303
27290,25981.61,1308.3899999999994
26723,27132.92,409.91999999999825
13710,33900.723333333335,20190.723333333335
88368,88494.59,126.58999999999651
62742,58292.07666666667,4449.923333333332
13530,14706.16,1176.1599999999999
28805,29069.913333333334,264.91333333333387
54252,55191.8,939.8000000000029
94450,91936.50333333333,2513.4966666666733
85307,74929.74666666667,10377.253333333327
236046,219604.41333333333,16441.58666666667
16230,16688.83,458.83000000000175
30877,33968.58,3091.5800000000017
48788,69641.99666666667,20853.996666666673
10308,11701.61,1393.6100000000006
15178,19282.846666666668,4104.846666666668
22916,19459.77,3456.2299999999996
67280,63379.53333333333,3900.466666666667
50005,55520.14,5515.139999999999
14713,24815.25,10102.25
83453,82509.99666666667,943.0033333333267
29276,36644.51,7368.510000000002
92308,83040.74666666667,9267.253333333327
171840,137937.20666666667,33902.793333333335
118235,120067.48666666666,1832.486666666664
19385,20325.403333333332,940.4033333333318
16337,15045.966666666667,1291.0333333333328
21419,23405.243333333332,1986.243333333332
22744,25062.346666666668,2318.346666666668
227606,225673.54666666666,1932.4533333333384
118262,109754.99,8507.009999999995
47606,36759.13,10846.870000000003
25739,28352.896666666667,2613.8966666666674
88588,87629.83333333333,958.1666666666715
7981,22454.816666666666,14473.816666666666
162437,149773.66333333333,12663.33666666667
2333,4042.963333333333,1709.9633333333331
11001,11476.433333333332,475.4333333333325
50057,56391.32666666667,6334.326666666668
19310,25156.616666666665,5846.616666666665
110870,114563.66,3693.6600000000035
70827,74259.99,3432.9900000000052
147500,134642.97666666665,12857.023333333345
64150,71430.30333333333,7280.30333333333
52474,56529.76,4055.760000000002
206653,198352.29666666666,8300.703333333338
23454,24583.123333333333,1129.123333333333
46317,47018.653333333335,701.6533333333355
17853,19159.866666666665,1306.866666666665
349594,349450.11333333334,143.88666666665813
100000,109020.28666666667,9020.286666666667
29914,31203.993333333332,1289.993333333332
3369,7317.826666666667,3948.826666666667
89441,99667.53666666667,10226.536666666667
40466,56806.71,16340.71
42555,42654.723333333335,99.72333333333518
13899,20017.786666666667,6118.786666666667
26578,26416.81,161.1899999999987
205692,201849.39333333334,3842.6066666666593
50005,53303.426666666666,3298.4266666666663
19261,16596.606666666667,2664.3933333333334
28877,30271.316666666666,1394.3166666666657
58940,68056.88666666667,9116.886666666673
11365,16151.753333333334,4786.753333333334
86799,80980.01666666666,5818.983333333337
36909,36702.43,206.5699999999997
13330,14956.693333333333,1626.6933333333327
3473,12260.276666666667,8787.276666666667
24194,24134.566666666666,59.4333333333343
78812,84005.55,5193.550000000003
24255,27785.343333333334,3530.343333333334
209840,200234.98666666666,9605.013333333336
13948,15529.83,1581.83
277578,268256.1,9321.900000000023
10734,10643.99,90.01000000000022
188103,187023.86333333334,1079.1366666666581
12839,30380.983333333334,17541.983333333334
17169,17277.283333333333,108.28333333333285
7639,7867.75,228.75
7774,8023.803333333333,249.80333333333328
17135,17780.88,645.880000000001
9038,14751.563333333334,5713.5633333333335
10628,10645.183333333332,17.183333333332484
33286,28475.02666666667,4810.9733333333315
22580,25477.31333333333,2897.3133333333317
15000,15375.256666666666,375.2566666666662
64150,63618.32666666667,531.6733333333323
170964,164084.90666666668,6879.093333333323
80883,77516.42666666667,3366.5733333333337
15013,18386.64,3373.6399999999994
187500,187932.63333333333,432.6333333333314
15946,19045.91,3099.91
19481,40130.98,20649.980000000003
11473,13064.34,1591.3400000000001
127037,124831.21333333333,2205.786666666667
35836,41254.9,5418.9000000000015
20000,18898.493333333332,1101.506666666668
14480,15799.856666666667,1319.8566666666666
56332,70580.99,14248.990000000005
133447,136238.43333333332,2791.4333333333198
19073,21575.493333333332,2502.493333333332
23256,26413.456666666665,3157.456666666665
7879,9021.946666666667,1142.9466666666667
171804,199001.10333333333,27197.103333333333
21594,23048.3,1454.2999999999993
147392,147768.68666666668,376.6866666666756
6645,7282.403333333334,637.4033333333336
18879,31749.04,12870.04
23371,29357.576666666668,5986.576666666668
24827,32679.64,7852.639999999999
191690,157742.76333333334,33947.236666666664
195000,176414.74,18585.26000000001
23005,23124.18666666667,119.18666666666832
23629,26507.866666666665,2878.866666666665
101288,98758.92,2529.0800000000017
288421,278804.95666666667,9616.043333333335
33176,32896.206666666665,279.7933333333349
103928,101212.23333333334,2715.766666666663
157136,154326.33666666667,2809.6633333333302
23342,23390.976666666666,48.97666666666555
34660,34068.62666666666,591.3733333333366
76000,55793.28,20206.72
8803,8964.13,161.1299999999992
18390,26628.52666666667,8238.526666666668
16352,16342.93,9.069999999999709
11621,13043.82,1422.8199999999997
14433,12848.65,1584.3500000000004
15153,22059.616666666665,6906.616666666665
20195,24201.33,4006.3300000000017
11513,12092.416666666666,579.4166666666661
3200,7413.533333333334,4213.533333333334
6000,11061.44,5061.4400000000005
5745,8511.443333333333,2766.4433333333327
8136,8772.763333333334,636.7633333333342
55238,70290.61333333333,15052.613333333327
15795,28009.99,12214.990000000002
85420,114528.83666666667,29108.83666666667
13279,24942.816666666666,11663.816666666666
112271,111742.44,528.5599999999977
28395,29865.346666666668,1470.3466666666682
30385,30340.04,44.95999999999913
43465,42175.74,1289.260000000002
34879,34892.80333333334,13.803333333336923
28162,27996.353333333333,165.64666666666744
83753,81768.89666666667,1984.1033333333326
116617,99009.98666666666,17607.013333333336
31158,30649.583333333332,508.4166666666679
429656,423461.86666666664,6194.1333333333605
15249,16221.67,972.6700000000001
408993,412549.35,3556.3499999999767
9400,9615.09,215.09000000000015
32366,31980.983333333334,385.0166666666664
19996,22544.22333333333,2548.2233333333315
8889,18342.663333333334,9453.663333333334
30423,30815.073333333334,392.0733333333337
79812,85638.76333333334,5826.763333333336
6171,6248.526666666667,77.52666666666664
120727,123659.45,2932.449999999997
113421,105768.12333333334,7652.876666666663
17301,20788.283333333333,3487.283333333333
28162,27698.07,463.9300000000003
55557,56299.52333333333,742.5233333333308
31874,35705.996666666666,3831.996666666666
72614,76796.58333333333,4182.5833333333285
80920,75030.82333333333,5889.176666666666
51495,57338.71,5843.709999999999
12181,12559.64,378.6399999999994
56231,52516.333333333336,3714.6666666666642
20630,20992.28,362.27999999999884
16048,32277.383333333335,16229.383333333335
116605,118547.96333333333,1942.9633333333331
142771,113925.27,28845.729999999996
203846,202301.61333333334,1544.3866666666581
242399,235855.07,6543.929999999993
52273,50135.27333333333,2137.726666666669
13833,30543.17,16710.17
81380,76681.49333333333,4698.506666666668
71902,87629.46333333333,15727.463333333333
58203,53392.71,4810.290000000001
37418,41156.056666666664,3738.0566666666637
42372,44000.67333333333,1628.6733333333323
10000,21881.346666666668,11881.346666666668
151462,141936.85,9525.149999999994
398258,411999.09,13741.090000000026
15838,16248.996666666666,410.996666666666
20434,22539.943333333333,2105.9433333333327
19583,23757.156666666666,4174.156666666666
51877,49960.68,1916.3199999999997
24510,25323.02,813.0200000000004
194173,193569.63666666666,603.3633333333419
11648,20375.843333333334,8727.843333333334
75988,76429.31333333334,441.31333333333896
26092,26065.736666666668,26.26333333333241
26372,26481.09,109.09000000000015
27138,27865.823333333334,727.8233333333337
17631,19415.716666666667,1784.7166666666672
11488,29761.956666666665,18273.956666666665
250489,227056.38333333333,23432.61666666667
21675,24440.673333333332,2765.6733333333323
25000,23344.26,1655.7400000000016
10319,10364.966666666667,45.96666666666715
251347,260291.22333333333,8944.223333333328
119469,137262.53666666665,17793.536666666652
71650,72746.31333333334,1096.313333333339
24344,40443.82,16099.82
141758,137613.35,4144.649999999994
137140,130637.85666666667,6502.143333333326
218925,216515.63,2409.3699999999953
15667,16191.736666666666,524.7366666666658
347555,347277.37,277.63000000000466
17575,20003.423333333332,2428.4233333333323
70000,71012.00333333333,1012.0033333333267
36070,35978.10666666667,91.89333333333343
22336,33665.52333333333,11329.52333333333
12381,11689.393333333333,691.6066666666666
121228,107534.31666666667,13693.683333333334
232463,230909.66,1553.3399999999965
11267,26654.453333333335,15387.453333333335
16591,36767.776666666665,20176.776666666665
5999,8344.066666666668,2345.0666666666675
59388,67310.79,7922.789999999994
13330,13106.266666666666,223.73333333333358
51705,56113.41333333333,4408.41333333333
305986,305599.9033333333,386.0966666666791
16667,15467.463333333333,1199.5366666666669
5738,8750.433333333332,3012.4333333333325
6096,7407.3533333333335,1311.3533333333335
47860,47602.76666666667,257.23333333332994
6993,10287.34,3294.34
118909,114927.57,3981.429999999993
31874,34636.84,2762.8399999999965
5926,7030.81,1104.8100000000004
37951,51176.66333333333,13225.66333333333
36396,44926.13,8530.129999999997
12893,14282.673333333334,1389.673333333334
23840,29581.51,5741.509999999998
20918,27663.17,6745.169999999998
24139,25638.623333333333,1499.623333333333
56910,58852.74,1942.739999999998
123529,117652.17,5876.830000000002
144125,147800.67333333334,3675.6733333333395
252815,249097.19,3717.8099999999977
94599,88458.02,6140.979999999996
20066,36434.41,16368.410000000003
55700,56327.113333333335,627.1133333333346
215028,212257.70666666667,2770.293333333335
10807,21998.613333333335,11191.613333333335
95277,97650.37,2373.3699999999953
25642,27321.623333333333,1679.623333333333
433870,423638.55,10231.450000000012
95332,89293.82,6038.179999999993
67786,64482.496666666666,3303.503333333334
10628,10713.776666666667,85.77666666666664
31941,37094.24333333333,5153.243333333332
302133,297495.87333333335,4637.126666666649
10857,10755.963333333333,101.03666666666686
324147,312464.12333333335,11682.876666666649
59065,73343.96,14278.960000000006
305986,298756.99666666664,7229.003333333356
196227,181147.35666666666,15079.64333333334
277517,257684.30333333334,19832.696666666656
16237,16268.846666666666,31.84666666666635
59629,55476.823333333334,4152.176666666666
258859,254400.22333333333,4458.776666666672
25667,26145.986666666668,478.9866666666676
175168,179803.53,4635.529999999999
184997,183760.84,1236.1600000000035
56231,51800.03666666667,4430.963333333333
25599,30373.713333333333,4774.713333333333
23010,23736.446666666667,726.4466666666667
37145,54621.38,17476.379999999997
3434,8569.576666666666,5135.576666666666
415188,332272.15,82915.84999999998
12181,12943.866666666667,762.8666666666668
58002,101632.35333333333,43630.35333333333
30706,30556.38,149.61999999999898
61950,60163.83666666667,1786.1633333333302
6711,7544.746666666667,833.7466666666669
249910,177892.86666666667,72017.13333333333
93753,90347.46,3405.5399999999936
22265,39374.833333333336,17109.833333333336
21241,21489.22333333333,248.22333333333154
69037,65192.49333333333,3844.506666666668
58358,58128.76666666667,229.23333333332994
5730,5911.65,181.64999999999964
136059,133998.32,2060.679999999993
21350,39303.74,17953.739999999998
80873,68513.55666666667,12359.443333333329
116314,113984.81333333334,2329.186666666661
16348,26996.753333333334,10648.753333333334
10000,8991.12,1008.8799999999992
64220,62896.693333333336,1323.3066666666637
19315,20472.333333333332,1157.3333333333321
93183,93714.85,531.8500000000058
322204,320736.41,1467.5900000000256
26595,22986.66,3608.34
14825,19006.17,4181.169999999998
151699,148813.44,2885.5599999999977
282462,267712.74333333335,14749.256666666653
11765,14777.363333333333,3012.363333333333
17976,17181.533333333333,794.4666666666672
9679,11424.333333333334,1745.333333333334
109759,104233.20333333334,5525.796666666662
145807,153492.58333333334,7685.583333333343
252815,252142.23666666666,672.763333333336
227338,203270.61,24067.390000000014
247975,244438.17666666667,3536.8233333333337
2463,4536.456666666667,2073.456666666667
214928,203010.21333333335,11917.786666666652
10415,10748.13,333.1299999999992
10556,9642.413333333334,913.5866666666661
53989,54416.75666666667,427.756666666668
99940,98443.93666666666,1496.063333333339
8912,11146.933333333332,2234.9333333333325
7968,8560.273333333333,592.2733333333326
13530,13388.183333333332,141.81666666666752
30168,33157.55,2989.550000000003
14479,25895.796666666665,11416.796666666665
175712,175229.30333333334,482.6966666666558
30286,42549.46,12263.46
304273,306443.4033333333,2170.403333333321
194673,202041.47,7368.470000000001
59141,84427.36666666667,25286.36666666667
63001,58672.58,4328.419999999998
56757,62883.62,6126.620000000003
8738,11568.616666666667,2830.616666666667
23219,35926.54,12707.54
10857,10740.08,116.92000000000007
185920,183165.35333333333,2754.6466666666674
6717,10434.596666666666,3717.5966666666664
11940,9704.66,2235.34
12600,14281.076666666666,1681.076666666666
22564,21706.93666666667,857.0633333333317
139528,115562.20666666667,23965.793333333335
9082,9056.136666666667,25.863333333332776
407441,389633.5333333333,17807.466666666674
253210,230632.16,22577.839999999997
18448,19975.206666666665,1527.2066666666651
47204,48164.56333333333,960.5633333333317
25321,26111.476666666666,790.4766666666656
42653,58816.01666666667,16163.01666666667
42840,40411.183333333334,2428.8166666666657
24371,37113.52333333333,12742.52333333333
55926,56510.736666666664,584.736666666664
23172,26413.39,3241.3899999999994
24852,25502.946666666667,650.9466666666667
11245,15615.056666666667,4370.056666666667
22814,22631.05,182.95000000000073
89342,70212.71666666666,19129.28333333334
226517,224661.31333333332,1855.6866666666756
295909,294123.84,1785.1599999999744
25431,25698.29,267.2900000000009
24109,22523.926666666666,1585.0733333333337
16667,16340.283333333333,326.71666666666715
133759,139920.79666666666,6161.796666666662
147088,166306.62,19218.619999999995
20184,20562.443333333333,378.4433333333327
21374,21341.203333333335,32.79666666666526
6589,8227.933333333332,1638.9333333333325
25456,31424.146666666667,5968.146666666667
7550,11408.2,3858.2000000000007
50060,55031.22,4971.220000000001
23796,24607.713333333333,811.7133333333331
251300,234251.10333333333,17048.896666666667
18114,18680.806666666667,566.8066666666673
191735,178198.31,13536.690000000002
95142,98298.86,3156.8600000000006
7742,10252.11,2510.1100000000006
25901,26709.976666666666,808.9766666666656
6000,10463.383333333333,4463.383333333333
20405,22677.81,2272.8100000000013
26005,25812.493333333332,192.50666666666802
164154,149062.26,15091.73999999999
27882,26800.323333333334,1081.6766666666663
28889,23489.193333333333,5399.806666666667
28508,28034.143333333333,473.85666666666657
53333,36937.55333333334,16395.446666666663
35966,34247.056666666664,1718.9433333333363
113547,101595.83333333333,11951.166666666672
192339,193229.47333333333,890.4733333333279
18926,24491.553333333333,5565.553333333333
22999,28703.36,5704.360000000001
102158,93982.74666666667,8175.253333333327
19770,35341.653333333335,15571.653333333335
25401,27606.376666666667,2205.376666666667
44130,47934.723333333335,3804.723333333335
15013,17770.14,2757.1399999999994
13763,14759.563333333334,996.5633333333335
133447,136539.42666666667,3092.4266666666663
63359,62282.93,1076.0699999999997
76000,58875.9,17124.1
402970,401415.9633333333,1554.0366666666814
56993,61091.333333333336,4098.333333333336
7955,10466.99,2511.99
26758,23173.15,3584.8499999999985
18709,22049.98,3340.9799999999996
190427,184953.45333333334,5473.546666666662
333333,284384.21,48948.78999999998
23000,49205.52,26205.519999999997
18573,19326.453333333335,753.4533333333347
15999,21184.65,5185.6500000000015
9274,12885.443333333333,3611.4433333333327
21241,21406.946666666667,165.94666666666672
41790,52012.77,10222.769999999997
33260,35500.27333333333,2240.273333333331
5897,9203.936666666666,3306.9366666666665
9999,15458.396666666667,5459.396666666667
68000,62181.02,5818.980000000003
267752,263343.7266666667,4408.273333333316
13426,22800.68666666667,9374.686666666668
295909,295508.17333333334,400.82666666666046
91025,94526.18,3501.179999999993
21703,17880.63,3822.369999999999
36387,46370.51666666667,9983.51666666667
23267,24142.256666666668,875.256666666668
10000,14944.61,4944.610000000001
52247,52460.83666666667,213.83666666666977
55044,57761.53,2717.529999999999
22828,24484.73,1656.7299999999996
364770,356513.3433333333,8256.656666666677
132795,130134.27333333333,2660.726666666669
90559,84348.81333333334,6210.186666666661
130631,128448.25666666667,2182.743333333332
354317,347540.35333333333,6776.646666666667
94599,91633.05666666667,2965.943333333329
186443,186019.89,423.10999999998603
10000,9467.993333333334,532.0066666666662
50057,53903.00666666667,3846.006666666668
16015,20226.58,4211.580000000002
26154,28176.753333333334,2022.753333333334
9345,11441.606666666667,2096.6066666666666
33320,33336.21333333333,16.21333333333314
83453,81957.04,1495.9600000000064
66354,64574.14333333333,1779.8566666666666
17424,23368.083333333332,5944.083333333332
27182,29486.043333333335,2304.043333333335
6220,9062.076666666666,2842.076666666666
24771,25679.176666666666,908.1766666666663
121739,117931.09,3807.9100000000035
8981,9066.723333333333,85.72333333333336
24752,31308.373333333333,6556.373333333333
29904,39690.78,9786.779999999999
64479,68562.1,4083.100000000006
17853,18569.036666666667,716.0366666666669
45199,47270.003333333334,2071.003333333334
23665,24930.28,1265.2799999999988
118750,107449.9,11300.100000000006
142167,151706.98,9539.98000000001
33246,26874.856666666667,6371.143333333333
11930,20003.733333333334,8073.733333333334
10789,10779.63,9.3700000000008
31775,34044.43666666667,2269.4366666666683
60452,63931.57666666667,3479.5766666666677
15057,15279.186666666666,222.1866666666665
38798,37696.57666666667,1101.4233333333323
399759,396964.36666666664,2794.6333333333605
144313,144915.37666666668,602.3766666666779
80716,79143.27333333333,1572.7266666666692
32572,32118.47,453.52999999999884
9106,9230.763333333334,124.76333333333423
256603,241201.41333333333,15401.58666666667
23058,22729.34,328.65999999999985
11915,13177.95,1262.9500000000007
135418,133417.51333333334,2000.486666666664
73776,82415.53333333334,8639.53333333334
62138,61054.18666666667,1083.8133333333317
14924,20359.826666666668,5435.826666666668
85744,85415.14666666667,328.85333333333256
18740,20288.956666666665,1548.9566666666651
25726,33084.46666666667,7358.466666666667
218042,193934.7,24107.29999999999
24615,33220.29,8605.29
58855,61066.77,2211.769999999997
157143,155451.88333333333,1691.1166666666686
128120,116839.12333333334,11280.876666666663
21218,21241.51,23.5099999999984
199299,198995.63666666666,303.36333333334187
32528,34893.79666666667,2365.796666666669
31316,38050.78666666667,6734.786666666667
53777,60790.97,7013.970000000001
5517,7685.21,2168.21
27500,28359.506666666668,859.506666666668
125000,115959.89333333333,9040.106666666674
277258,273225.62333333335,4032.376666666649
17111,19625.113333333335,2514.1133333333346
25950,31637.103333333333,5687.103333333333
20833,21744.12,911.119999999999
26471,24654.403333333332,1816.5966666666682
38052,41993.71333333333,3941.713333333333
80054,76427.23666666666,3626.763333333336
121998,102758.78,19239.22
15898,16046.803333333333,148.80333333333328
9400,9388.766666666666,11.233333333333576
62500,62401.20333333333,98.7966666666689
205592,188653.01333333334,16938.986666666664
263269,262914.75666666665,354.2433333333465
225128,177706.12333333332,47421.87666666668
18114,19388.383333333335,1274.383333333335
20987,38438.833333333336,17451.833333333336
26972,26738.346666666668,233.65333333333183
230788,205638.69666666666,25149.303333333344
44290,38738.85666666667,5551.143333333333
304387,290191.7,14195.299999999988
6179,8075.85,1896.8500000000004
30764,24136.216666666667,6627.783333333333
19056,19361.856666666667,305.85666666666657
19757,19752.97333333333,4.026666666668461
17009,21736.916666666668,4727.916666666668
27310,27582.443333333333,272.4433333333327
14754,20883.876666666667,6129.876666666667
160294,158828.46666666667,1465.5333333333256
77983,82947.41666666667,4964.4166666666715
32924,32741.933333333334,182.0666666666657
10857,10969.543333333333,112.54333333333307
16804,17242.323333333334,438.3233333333337
13988,17136.453333333335,3148.4533333333347
37380,41741.64333333333,4361.643333333333
95750,95335.24,414.75999999999476
21850,29770.593333333334,7920.593333333334
23025,25441.02,2416.0200000000004
9820,10052.483333333334,232.48333333333358
104559,99481.13333333333,5077.866666666669
36869,43449.72666666667,6580.726666666669
27156,28995.466666666667,1839.4666666666672
62847,61432.433333333334,1414.5666666666657
42489,43605.793333333335,1116.7933333333349
10734,10487.113333333333,246.88666666666722
23317,23734.116666666665,417.11666666666497
6179,9893.36,3714.3600000000006
21204,22621.036666666667,1417.0366666666669
160000,153693.55333333334,6306.446666666656
48001,45339.443333333336,2661.5566666666637
32509,33041.35,532.3499999999985
75542,75382.05333333333,159.94666666667035
15978,16722.64,744.6399999999994
306078,260055.62,46022.380000000005
4532,6980.8966666666665,2448.8966666666665
26972,26858.49,113.5099999999984
17116,21371.73,4255.73
16352,16405.756666666668,53.756666666668025
45783,48901.82666666667,3118.8266666666677
32924,32293.913333333334,630.0866666666661
37823,39344.653333333335,1521.6533333333355
16930,22833.25,5903.25
81739,86480.33666666667,4741.33666666667
10121,10141.566666666668,20.566666666667516
29974,30462.633333333335,488.63333333333503
95169,95198.06333333334,29.06333333333896
266998,266768.73333333334,229.2666666666628
23352,26802.286666666667,3450.286666666667
16831,48509.28333333333,31678.283333333333
24592,37797.736666666664,13205.736666666664
75358,78749.67333333334,3391.6733333333395
26016,26451.883333333335,435.88333333333503
11998,11939.41,58.590000000000146
43025,36951.9,6073.0999999999985
75800,72452.67666666667,3347.3233333333337
48971,41848.833333333336,7122.166666666664
37145,54334.66,17189.660000000003
15178,16646.253333333334,1468.253333333334
28575,27565.746666666666,1009.253333333334
17482,20037.593333333334,2555.593333333334
210808,193204.46333333335,17603.536666666652
40954,41781.753333333334,827.753333333334
58171,69782.69333333333,11611.693333333329
101200,123601.62666666666,22401.626666666663
17380,19655.013333333332,2275.0133333333324
7715,7901.133333333333,186.1333333333332
17214,22453.27666666667,5239.2766666666685
26366,27957.603333333333,1591.6033333333326
27621,29143.413333333334,1522.4133333333339
33136,30346.32,2789.6800000000003
204323,191656.0,12667.0
126773,111279.55666666667,15493.443333333329
344117,336848.62666666665,7268.373333333351
8011,8030.586666666667,19.586666666667043
46201,45496.67,704.3300000000017
6100,9215.64,3115.6399999999994
14121,18275.453333333335,4154.453333333335
28446,29714.556666666667,1268.5566666666673
140000,142269.39666666667,2269.3966666666674
152736,145452.14333333334,7283.856666666659
35722,38200.35666666667,2478.3566666666666
66168,78841.94,12673.940000000002
77765,77942.36666666667,177.3666666666686
45700,53478.41333333333,7778.41333333333
58963,67897.50333333333,8934.503333333327
94939,94544.08,394.91999999999825
38247,47072.54666666667,8825.546666666669
159445,160442.03333333333,997.0333333333256
178148,162140.88666666666,16007.113333333342
17465,18315.306666666667,850.3066666666673
13330,13344.8,14.799999999999272
30774,28517.433333333334,2256.5666666666657
178455,183189.71666666667,4734.716666666674
24325,25114.26,789.2599999999984
238528,237480.33,1047.6700000000128
18390,26628.52666666667,8238.526666666668
26602,32721.726666666666,6119.726666666666
8884,11240.686666666666,2356.6866666666665
65222,63348.26,1873.739999999998
97174,94134.56333333334,3039.436666666661
28889,30166.226666666666,1277.2266666666656
23686,23575.996666666666,110.00333333333401
133333,123837.17666666667,9495.823333333334
212942,210644.80666666667,2297.193333333329
77192,88684.44666666667,11492.44666666667
23267,24734.726666666666,1467.7266666666656
33715,38568.736666666664,4853.736666666664
10236,11543.566666666668,1307.5666666666675
21998,21973.73,24.270000000000437
6951,12166.463333333333,5215.463333333333
8186,8565.16,379.15999999999985
110676,108224.8,2451.199999999997
116053,83020.37666666666,33032.62333333334
213525,210728.56333333332,2796.4366666666756
204013,167992.37333333332,36020.62666666668
159492,148619.38333333333,10872.616666666669
71727,84934.06,13207.059999999998
23048,28489.943333333333,5441.943333333333
58050,58500.06,450.0599999999977
75388,70010.26,5377.740000000005
159705,156697.27,3007.7300000000105
97421,97360.64666666667,60.35333333333256
65367,66487.51333333334,1120.513333333336
91740,89201.56,2538.4400000000023
15884,15920.736666666666,36.73666666666577
25739,25169.93,569.0699999999997
11001,11004.093333333334,3.093333333334158
17054,22102.59,5048.59
140432,139933.98,498.0199999999895
21741,26220.703333333335,4479.703333333335
44118,47084.49333333333,2966.493333333332
272746,271016.64,1729.359999999986
76544,115726.14,39182.14
11123,12610.786666666667,1487.7866666666669
55728,68593.94666666667,12865.94666666667
78520,71727.82666666666,6792.1733333333395
23533,22903.69,629.3100000000013
13037,22962.14,9925.14
137648,127720.48333333334,9927.516666666663
7750,11040.633333333333,3290.633333333333
79284,85904.86,6620.860000000001
226577,211977.56333333332,14599.436666666676
3592,3478.4333333333334,113.5666666666666
15000,15450.64,450.6399999999994
304387,296829.65,7557.349999999977
109771,107734.85666666667,2036.1433333333262
29412,29855.523333333334,443.52333333333445
7222,8678.193333333333,1456.1933333333327
59798,60881.583333333336,1083.5833333333358
112448,116510.16666666667,4062.1666666666715
20352,20490.673333333332,138.67333333333227
5987,6964.7733333333335,977.7733333333335
10693,6640.776666666667,4052.2233333333334
37951,43099.71333333333,5148.713333333333
53424,61213.80333333334,7789.803333333337
418505,369039.24333333335,49465.75666666665
154679,153336.09333333332,1342.9066666666768
11348,12851.88,1503.8799999999992
65720,65217.496666666666,502.503333333334
13708,13751.123333333333,43.123333333332994
18448,19975.206666666665,1527.2066666666651
208520,203050.82666666666,5469.1733333333395
34707,37533.99,2826.989999999998
42489,46258.2,3769.199999999997
15214,14242.286666666667,971.7133333333331
47703,48748.06,1045.0599999999977
10857,10746.373333333333,110.626666666667
5910,6084.026666666667,174.02666666666664
20319,20296.966666666667,22.03333333333285
22903,24486.666666666668,1583.6666666666679
14834,15219.833333333334,385.83333333333394
69887,68102.20333333334,1784.7966666666616
28457,28099.58,357.41999999999825
28509,32775.846666666665,4266.8466666666645
112295,115201.64,2906.6399999999994
100000,99945.63666666667,54.36333333332732
210685,232171.63666666666,21486.636666666658
25653,26459.676666666666,806.6766666666663
30811,37912.66333333333,7101.66333333333
95441,90640.71666666666,4800.28333333334
23724,23077.356666666667,646.6433333333334
60492,61103.41333333333,611.4133333333302
114957,110696.66666666667,4260.3333333333285
88943,86210.58666666667,2732.4133333333302
16818,22589.93,5771.93
194173,194353.73,180.73000000001048
184236,181348.255,2887.7449999999953
30312,29453.45,858.5499999999993
165625,145276.10666666666,20348.89333333334
252815,249410.46,3404.540000000008
130913,125329.73333333334,5583.266666666663
54938,63048.40666666667,8110.4066666666695
36432,45901.206666666665,9469.206666666665
27999,32285.946666666667,4286.946666666667
22833,57907.91,35074.91
98099,102878.83,4779.830000000002
66145,102481.96,36336.96000000001
21932,42230.56,20298.559999999998
457565,428302.0966666667,29262.90333333332
130913,118004.21333333333,12908.786666666667
48075,44307.14,3767.8600000000006
36000,36603.996666666666,603.996666666666
26016,26837.013333333332,821.0133333333324
25180,27563.39,2383.3899999999994
6347,11751.92,5404.92
127136,113347.04333333333,13788.956666666665
29465,35670.94666666666,6205.946666666663
83305,80504.04,2800.9600000000064
153372,158276.29666666666,4904.296666666662
176673,174536.14666666667,2136.8533333333326
24510,24715.403333333332,205.40333333333183
81319,85705.44,4386.440000000002
8500,12013.193333333333,3513.1933333333327
39234,41011.43666666667,1777.4366666666683
25047,32246.16,7199.16
21564,20205.106666666667,1358.8933333333334
43018,41180.78333333333,1837.2166666666672
12021,11817.813333333334,203.1866666666665
25321,29821.68,4500.68
60464,44223.403333333335,16240.596666666665
252775,250973.69666666666,1801.3033333333442
24033,23289.52,743.4799999999996
60006,59026.37333333334,979.6266666666634
120398,115568.05,4829.949999999997
26526,27522.246666666666,996.246666666666
10628,11533.6,905.6000000000004
23352,24328.566666666666,976.5666666666657
5931,7745.2,1814.1999999999998
49242,46136.37666666666,3105.6233333333366
18935,19879.46,944.4599999999991
143742,140897.76666666666,2844.233333333337
21982,25743.903333333332,3761.903333333332
28246,49782.15666666667,21536.15666666667
7602,7831.833333333333,229.83333333333303
457778,383086.62,74691.38
81241,81275.88666666667,34.88666666667268
118514,117398.05,1115.949999999997
14232,18196.736666666668,3964.7366666666676
8053,11627.51,3574.51
33787,33494.25666666667,292.743333333332
70000,63897.14333333333,6102.856666666667
8924,12127.203333333333,3203.203333333333
164086,147788.85666666666,16297.14333333334
363561,306160.56666666665,57400.43333333335
5379,13860.693333333333,8481.693333333333
19865,24871.33,5006.330000000002
146020,146583.09,563.0899999999965
162228,144633.47,17594.53
150988,145508.23,5479.7699999999895
54946,61145.35,6199.3499999999985
126164,121300.75,4863.25
16000,16314.3,314.2999999999993
32976,42638.706666666665,9662.706666666665
16667,21536.856666666667,4869.856666666667
51088,56728.3,5640.300000000003
34544,40448.973333333335,5904.973333333335
10000,8319.826666666666,1680.173333333334
187500,190124.73,2624.7300000000105
17140,18807.966666666667,1667.9666666666672
110104,117777.40333333334,7673.4033333333355
18216,21844.253333333334,3628.253333333334
22366,22282.383333333335,83.61666666666497
97444,94063.96666666666,3380.03333333334
32924,24005.356666666667,8918.643333333333
6208,8489.88,2281.879999999999
10151,31337.97333333333,21186.97333333333
19153,50477.003333333334,31324.003333333334
196667,188972.78666666665,7694.213333333348
252815,247878.44,4936.559999999998
28645,27990.843333333334,654.1566666666658
98176,86532.45666666667,11643.543333333335
193913,192679.37,1233.6300000000047
6011,6215.733333333334,204.73333333333358
11447,11790.83,343.8299999999999
88453,91233.92666666667,2780.9266666666663
22000,23515.933333333334,1515.9333333333343
244119,221164.24,22954.76000000001
54201,62171.496666666666,7970.496666666666
142995,134478.55,8516.450000000012
219196,216705.99333333335,2490.0066666666535
12346,15569.606666666667,3223.6066666666666
19296,20844.796666666665,1548.7966666666653
6208,10575.69,4367.6900000000005
27621,28414.66,793.6599999999999
88711,77409.38666666667,11301.613333333327
6820,8257.55,1437.5499999999993
17791,22462.023333333334,4671.023333333334
175385,161874.97666666665,13510.023333333345
202955,201055.04,1899.9599999999919
54185,53885.7,299.3000000000029
32572,29070.003333333334,3501.996666666666
5644,19500.193333333333,13856.193333333333
28645,28914.45,269.4500000000007
185891,182669.74666666667,3221.2533333333267
46620,55301.09,8681.089999999997
447083,441531.12333333335,5551.876666666649
99874,91692.39666666667,8181.603333333333
23028,29767.123333333333,6739.123333333333
89626,90606.19666666667,980.1966666666704
54000,35625.613333333335,18374.386666666665
6062,6124.973333333333,62.97333333333336
162829,157879.63333333333,4949.366666666669
3333,7629.156666666667,4296.156666666667
5918,6476.506666666667,558.5066666666671
91353,86779.00333333333,4573.996666666673
20270,20779.126666666667,509.126666666667
6667,9039.373333333333,2372.373333333333
40010,49177.403333333335,9167.403333333335
17212,24192.446666666667,6980.446666666667
140264,139868.46666666667,395.5333333333256
25000,26560.48,1560.4799999999996
8309,33039.12666666666,24730.126666666663
112339,110184.37666666666,2154.6233333333366
84737,84830.00333333333,93.00333333332674
8592,42649.39666666667,34057.39666666667
26087,27513.496666666666,1426.496666666666
112323,111773.71,549.2899999999936
179600,183023.40666666668,3423.4066666666768
19426,34794.92,15368.919999999998
119702,189427.97,69725.97
23595,24692.853333333333,1097.8533333333326
30713,31164.27,451.27000000000044
55593,62959.84,7366.8399999999965
7161,7293.37,132.3699999999999
9214,10031.79,817.7900000000009
13425,18365.556666666667,4940.556666666667
98171,99105.73666666666,934.736666666664
19244,21680.48,2436.4799999999996
19811,40755.0,20944.0
6100,8939.366666666667,2839.366666666667
18216,18863.69,647.6899999999987
309336,215517.71,93818.29000000001
46310,55329.04,9019.04
25726,31161.66,5435.66
88368,88196.83666666667,171.16333333333023
158147,150680.15333333332,7466.846666666679
433870,421667.66,12202.340000000026
250797,250033.80333333334,763.1966666666558
31865,30210.556666666667,1654.4433333333327
28755,30946.67,2191.6699999999983
212942,209971.24333333335,2970.7566666666535
194038,187893.71666666667,6144.283333333326
45557,56563.456666666665,11006.456666666665
13330,13723.613333333333,393.6133333333328
110517,110838.42333333334,321.42333333333954
203389,149331.65,54057.350000000006
424781,425864.37,1083.3699999999953
169913,169116.86333333334,796.1366666666581
7639,7805.96,166.96000000000004
20365,22837.44,2472.4399999999987
26921,31264.346666666668,4343.346666666668
13846,13762.923333333334,83.07666666666591
5952,6424.26,472.2600000000002
43034,44380.306666666664,1346.3066666666637
140463,136644.12,3818.8800000000047
18216,18257.77666666667,41.77666666666846
175712,174743.98333333334,968.0166666666628
170599,160429.07333333333,10169.926666666666
25497,27696.293333333335,2199.293333333335
17094,19102.16,2008.1599999999999
30012,32967.22666666667,2955.226666666669
7500,13363.04,5863.040000000001
19658,27915.82,8257.82
152736,144131.42,8604.579999999987
151142,138038.72333333333,13103.276666666672
26333,37326.14333333333,10993.143333333333
61264,49905.02,11358.980000000003
21537,25203.046666666665,3666.0466666666653
13330,13510.863333333333,180.86333333333278
12618,10592.46,2025.5400000000009
336000,285960.1766666667,50039.823333333305
27079,27514.983333333334,435.9833333333336
22727,21106.156666666666,1620.8433333333342
18803,19903.23,1100.2299999999996
33671,44479.41333333333,10808.41333333333
15143,20335.746666666666,5192.746666666666
454642,421279.49,33362.51000000001
186683,181493.86,5189.140000000014
17111,18493.77666666667,1382.7766666666685
123077,100948.94333333333,22128.05666666667
249684,246602.96333333335,3081.0366666666523
21809,26291.823333333334,4482.823333333334
4856,9922.456666666667,5066.456666666667
20728,24496.956666666665,3768.956666666665
16414,16620.61,206.61000000000058
38910,35469.55333333334,3440.446666666663
98641,83122.01333333334,15518.986666666664
13536,19332.106666666667,5796.106666666667
59554,59606.14333333333,52.14333333333343
169913,167316.69666666666,2596.303333333344
19979,24455.866666666665,4476.866666666665
190845,187693.45666666667,3151.543333333335
13803,17362.433333333334,3559.4333333333343
132960,144194.15333333332,11234.153333333321
26016,27206.67,1190.6699999999983
7494,12204.523333333333,4710.523333333333
30000,16786.553333333333,13213.446666666667
23500,40677.56333333333,17177.56333333333
47347,46338.17,1008.8300000000017
35295,45547.72,10252.720000000001
24409,73283.63,48874.630000000005
31012,30253.273333333334,758.7266666666656
47474,46083.683333333334,1390.3166666666657
13561,17640.14,4079.1399999999994
13837,19584.98,5747.98
17111,19625.113333333335,2514.1133333333346
23922,20618.716666666667,3303.283333333333
27132,27473.086666666666,341.08666666666613
75716,74104.79,1611.2100000000064
26367,44509.37333333334,18142.373333333337
8200,23116.273333333334,14916.273333333334
50005,53996.76,3991.760000000002
59048,60050.74333333333,1002.743333333332
96698,94718.72,1979.2799999999988
195236,187448.30666666667,7787.693333333329
185920,182789.96333333335,3130.0366666666523
145719,161090.16666666666,15371.166666666657
8602,9022.99,420.9899999999998
207982,195700.57666666666,12281.42333333334
69892,70458.73666666666,566.736666666664
102936,91576.39666666667,11359.603333333333
23551,23862.946666666667,311.9466666666667
77259,62805.206666666665,14453.793333333335
44678,47225.136666666665,2547.1366666666654
124735,124275.37,459.63000000000466
31604,31656.56,52.56000000000131
70139,68752.87666666666,1386.1233333333366
8923,14102.39,5179.389999999999
32063,35642.416666666664,3579.4166666666642
26092,26039.173333333332,52.826666666667734
25971,25381.243333333332,589.756666666668
17113,18427.366666666665,1314.366666666665
65000,48573.77,16426.230000000003
35371,43809.0,8438.0
31775,32803.37666666666,1028.3766666666634
8222,8543.67,321.6700000000001
163462,145405.78,18056.22
113496,108123.14666666667,5372.853333333333
55463,61051.69666666666,5588.696666666663
31316,40469.54666666667,9153.546666666669
186443,185609.70666666667,833.2933333333349
30000,26911.81333333333,3088.1866666666683
61022,56490.846666666665,4531.1533333333355
63422,93405.37666666666,29983.376666666663
15000,13419.116666666667,1580.8833333333332
72015,68331.12333333334,3683.8766666666634
6920,7676.383333333333,756.3833333333332
161556,157001.42666666667,4554.573333333334
7775,10742.963333333333,2967.963333333333
129868,136150.83,6282.829999999987
111765,107769.45666666667,3995.543333333335
23000,23355.98,355.97999999999956
34879,36961.55,2082.550000000003
164103,138788.99333333335,25314.006666666653
26012,28125.946666666667,2113.9466666666667
6920,7676.383333333333,756.3833333333332
38661,46010.05,7349.050000000003
421566,401468.05,20097.95000000001
70074,71717.50666666667,1643.506666666668
223519,221451.0,2068.0
91837,87187.89333333333,4649.106666666674
19942,25104.623333333333,5162.623333333333
283502,278134.69,5367.309999999998
19295,23745.466666666667,4450.466666666667
82168,87590.24333333333,5422.243333333332
162351,162485.73333333334,134.7333333333372
57960,58125.42,165.41999999999825
42555,44371.82,1816.8199999999997
16454,14636.013333333334,1817.9866666666658
5946,7494.59,1548.5900000000001
65402,63591.63,1810.3700000000026
170000,158298.02,11701.98000000001
72172,68051.08333333333,4120.9166666666715
12420,21302.19,8882.189999999999
168931,168377.38,553.6199999999953
218355,201071.08666666667,17283.91333333333
328633,313217.86666666664,15415.13333333336
35225,35373.926666666666,148.92666666666628
86415,84768.35666666667,1646.6433333333262
11000,22359.68666666667,11359.686666666668
29344,39625.223333333335,10281.223333333335
82835,80887.89333333333,1947.1066666666738
33671,36413.35333333333,2742.3533333333326
9106,9107.35,1.3500000000003638
49440,52676.84333333333,3236.8433333333305
146398,141673.02,4724.9800000000105
51520,49482.29666666667,2037.703333333331
14976,32622.31333333333,17646.31333333333
21429,18604.83,2824.1699999999983
22573,21594.21,978.7900000000009
94211,95944.68,1733.679999999993
92308,90054.59333333334,2253.406666666662
23003,37807.42333333333,14804.423333333332
7161,7547.123333333333,386.123333333333
50071,48334.87,1736.1299999999974
29859,31365.11,1506.1100000000006
68022,71331.54,3309.5399999999936
35754,43444.26,7690.260000000002
26629,26985.496666666666,356.496666666666
104716,104537.92333333334,178.07666666666046
18216,18264.02,48.02000000000044
22376,26539.386666666665,4163.386666666665
15091,22672.056666666667,7581.056666666667
18824,28023.13,9199.130000000001
8587,14330.75,5743.75
202848,200602.50666666665,2245.4933333333465
20238,20251.006666666668,13.006666666668025
122727,110152.26333333334,12574.736666666664
46677,52074.03333333333,5397.033333333333
16503,19287.193333333333,2784.1933333333327
6208,8446.26,2238.26
11765,16801.8,5036.799999999999
10934,15609.9,4675.9
230653,218454.20666666667,12198.793333333335
129032,117402.45666666667,11629.543333333335
27273,27819.953333333335,546.9533333333347
91471,90445.5,1025.5
236186,230532.52,5653.4800000000105
35094,59616.79666666667,24522.79666666667
108413,107079.96,1333.0399999999936
252547,240795.87,11751.130000000005
109771,107734.85666666667,2036.1433333333262
9106,9219.653333333334,113.65333333333365
20062,18869.996666666666,1192.003333333334
252815,242130.10333333333,10684.896666666667
13119,15345.74,2226.74
230653,223135.67,7517.329999999987
11230,14566.183333333332,3336.1833333333325
201465,189310.98333333334,12154.016666666663
42754,43463.56333333333,709.5633333333317
250994,237712.80666666667,13281.193333333329
18209,44931.16,26722.160000000003
239523,237533.93333333332,1989.0666666666802
107674,111467.98333333334,3793.983333333337
128843,117832.84333333334,11010.156666666662
38120,42630.503333333334,4510.503333333334
402970,403241.6766666667,271.6766666666954
25497,27373.763333333332,1876.7633333333324
21211,22210.326666666668,999.3266666666677
25029,70479.26333333334,45450.263333333336
168931,170525.06333333332,1594.0633333333244
221117,220617.78,499.22000000000116
9351,11622.29,2271.290000000001
51000,66528.36666666667,15528.366666666669
23933,23678.89,254.11000000000058
90909,98030.59,7121.5899999999965
13311,25541.256666666668,12230.256666666668
60014,57458.14333333333,2555.8566666666666
145941,129402.38,16538.619999999995
9892,10328.816666666668,436.8166666666675
25726,31901.02666666667,6175.0266666666685
25132,22165.656666666666,2966.343333333334
205631,200816.33666666667,4814.66333333333
215496,253740.23666666666,38244.236666666664
57808,55278.49,2529.510000000002
272746,270508.93,2237.070000000007
51342,51559.8,217.8000000000029
86564,84205.61,2358.3899999999994
133171,131093.25666666665,2077.7433333333465
42565,42416.68666666667,148.31333333333168
17687,23305.753333333334,5618.753333333334
33057,37749.39333333333,4692.393333333333
224888,212469.19333333333,12418.806666666671
192973,189544.45333333334,3428.5466666666616
124584,136056.68,11472.679999999993
9661,10783.483333333334,1122.4833333333336
11998,12414.41,416.40999999999985
17898,17230.376666666667,667.623333333333
9519,13345.28,3826.2800000000007
17768,18321.006666666668,553.006666666668
141637,140980.84333333332,656.1566666666768
18706,48651.07666666667,29945.076666666668
7624,8091.533333333334,467.53333333333376
335861,279904.38333333336,55956.61666666664
11357,13767.106666666667,2410.1066666666666
169416,160599.45,8816.549999999988
183627,183719.94,92.94000000000233
26972,27203.87,231.86999999999898
9101,12437.72,3336.7199999999993
110678,107661.43,3016.570000000007
29285,29670.253333333334,385.253333333334
31158,30703.84,454.15999999999985
91773,90974.49666666667,798.5033333333267
37288,64387.75666666667,27099.756666666668
22493,25133.21,2640.209999999999
145662,147854.87666666668,2192.876666666678
66264,69872.45666666667,3608.456666666665
349594,345814.24,3779.7600000000093
26163,26172.99,9.9900000000016
12870,17577.616666666665,4707.616666666665
7161,7558.973333333333,397.97333333333336
157368,154019.48,3348.5199999999895
132817,127258.23666666666,5558.763333333336
161648,159516.76,2131.2399999999907
137820,156784.06333333332,18964.063333333324
355757,319031.73,36725.27000000002
38752,43394.05333333334,4642.053333333337
205381,206096.47,715.4700000000012
110351,105285.61333333333,5065.386666666673
28276,28869.183333333334,593.1833333333343
90080,89604.62,475.38000000000466
43571,42395.56333333333,1175.4366666666683
11770,18234.576666666668,6464.576666666668
355463,338184.5,17278.5
38746,36247.21666666667,2498.783333333333
67100,48507.96333333333,18592.036666666667
98176,85985.63,12190.369999999995
36324,38458.43,2134.4300000000003
127352,120966.10333333333,6385.896666666667
166362,163324.36,3037.640000000014
181890,130938.13,50951.869999999995
36387,48781.16333333333,12394.16333333333
31329,31683.206666666665,354.2066666666651
25395,28545.486666666668,3150.4866666666676
18158,17361.8,796.2000000000007
65604,62588.18,3015.8199999999997
17275,19916.503333333334,2641.503333333334
43018,41704.33,1313.6699999999983
86907,85702.22,1204.7799999999988
23840,27663.366666666665,3823.366666666665
27542,27575.006666666668,33.006666666668025
24784,26558.99,1774.9900000000016
18388,21194.09,2806.09
12834,24962.11,12128.11
2480,3285.49,805.4899999999998
28226,28109.86,116.13999999999942
92069,89369.38333333333,2699.6166666666686
18216,21074.673333333332,2858.6733333333323
56763,60373.68666666667,3610.6866666666683
18457,21316.023333333334,2859.0233333333344
18167,18530.28,363.27999999999884
252815,252142.23666666666,672.763333333336
14240,12755.45,1484.5499999999993
82605,88546.98,5941.979999999996
92345,88329.78333333334,4015.21666666666
58412,62693.38333333333,4281.383333333331
72992,77955.85666666667,4963.856666666674
61219,64298.68,3079.6800000000003
17094,19037.116666666665,1943.116666666665
111273,105254.07333333333,6018.926666666666
277517,248501.38666666666,29015.613333333342
40285,65894.22,25609.22
101288,100296.09,991.9100000000035
14495,30496.413333333334,16001.413333333334
223302,206608.24666666667,16693.753333333327
19677,53070.83,33393.83
42372,44836.98333333333,2464.98333333333
17050,16396.1,653.9000000000015
91615,86505.99,5109.009999999995
37145,54334.66,17189.660000000003
14903,14976.513333333334,73.51333333333423
34019,36172.316666666666,2153.3166666666657
252775,249972.57,2802.429999999993
48375,54207.82666666667,5832.826666666668
145634,152909.92333333334,7275.9233333333395
18388,24912.17,6524.169999999998
22606,20197.316666666666,2408.6833333333343
17778,45904.10666666667,28126.106666666667
6789,13182.663333333334,6393.663333333334
29317,29394.726666666666,77.72666666666555
351358,327697.12,23660.880000000005
63074,61615.82,1458.1800000000003
16727,15329.203333333333,1397.796666666667
34003,33235.61,767.3899999999994
89092,84963.88,4128.119999999995
22003,23995.876666666667,1992.876666666667
158831,134000.87666666668,24830.123333333322
2911,6276.3133333333335,3365.3133333333335
169913,169889.02333333335,23.976666666654637
14295,17456.376666666667,3161.376666666667
25668,25997.95,329.9500000000007
146230,140752.34333333332,5477.656666666677
4316,6665.583333333333,2349.583333333333
193913,190951.57666666666,2961.4233333333395
38223,35673.84333333333,2549.1566666666695
21064,30375.136666666665,9311.136666666665
8947,9352.766666666666,405.7666666666664
95332,92625.82,2706.179999999993
70273,63900.43,6372.57
92069,90135.85666666667,1933.1433333333262
270436,270181.35333333333,254.64666666666744
9826,12410.036666666667,2584.036666666667
32599,42472.63,9873.629999999997
127548,123728.45333333334,3819.5466666666616
12280,16746.44,4466.439999999999
20213,35602.42333333333,15389.423333333332
272746,269563.8933333333,3182.1066666666884
26188,27407.85,1219.8499999999985
30000,26432.433333333334,3567.5666666666657
78868,68417.63333333333,10450.366666666669
292627,279181.92,13445.080000000016
125299,122149.25333333333,3149.7466666666733
63103,52004.026666666665,11098.973333333335
22303,22921.71,618.7099999999991
195766,167254.01333333334,28511.986666666664
107859,110272.48,2413.479999999996
22840,25466.02666666667,2626.0266666666685
23686,23604.933333333334,81.0666666666657
245277,243843.94,1433.0599999999977
139286,174715.80333333334,35429.803333333344
183627,183848.60666666666,221.6066666666593
54179,51991.82,2187.1800000000003
132173,130406.68,1766.320000000007
21323,24803.56,3480.5600000000013
23876,23723.446666666667,152.55333333333328
140099,139487.25333333333,611.7466666666733
14974,22225.28,7251.279999999999
34029,32638.503333333334,1390.496666666666
90080,89406.32333333333,673.6766666666663
51877,53675.636666666665,1798.6366666666654
19381,23614.23,4233.23
18803,20127.27,1324.2700000000004
18130,17669.826666666668,460.17333333333227
22826,21598.45,1227.5499999999993
25324,26244.346666666668,920.3466666666682
157591,143783.65,13807.350000000006
5681,5726.09,45.090000000000146
9958,25926.303333333333,15968.303333333333
31538,31692.196666666667,154.19666666666672
134485,143887.76666666666,9402.766666666663
47762,53347.926666666666,5585.926666666666
263269,227417.41,35851.59
16476,18366.486666666668,1890.4866666666676
5500,16859.36,11359.36
20046,24000.51,3954.5099999999984
40800,45485.176666666666,4685.176666666666
160294,158204.28666666665,2089.7133333333477
28902,24359.47333333333,4542.5266666666685
14305,41219.07,26914.07
14121,17883.576666666668,3762.5766666666677
123323,119854.08,3468.9199999999983
185920,183621.47666666665,2298.5233333333454
27105,26402.24,702.7599999999984
25205,30892.236666666668,5687.236666666668
206300,165273.20666666667,41026.793333333335
13726,16049.043333333333,2323.043333333333
22242,19686.81,2555.1899999999987
68749,90674.58333333333,21925.58333333333
16655,21044.293333333335,4389.293333333335
82835,82461.3,373.6999999999971
51321,55253.35666666667,3932.3566666666666
92345,89489.93666666666,2855.063333333339
8000,9556.69,1556.6900000000005
93738,98897.30333333333,5159.30333333333
17812,26680.02,8868.02
95135,97297.63333333333,2162.6333333333314
26629,28306.613333333335,1677.6133333333346
223802,219912.03666666665,3889.9633333333477
235027,221183.24,13843.76000000001
54649,52162.60333333333,2486.3966666666674
84850,84362.03333333334,487.9666666666599
343433,342733.0266666667,699.9733333333279
16807,27135.153333333332,10328.153333333332
108108,128649.18333333333,20541.183333333334
437606,426423.14,11182.859999999986
14698,20615.196666666667,5917.196666666667
100747,98884.32333333333,1862.6766666666663
8222,8205.63,16.3700000000008
172504,168094.76333333334,4409.236666666664
28508,28453.94,54.06000000000131
306342,304759.2966666667,1582.7033333333093
19996,21755.48,1759.4799999999996
76679,91643.79666666666,14964.796666666662
64119,64342.68666666667,223.68666666666832
112741,112348.52333333333,392.4766666666692
31995,24411.566666666666,7583.433333333334
57406,53587.41333333333,3818.5866666666698
13760,17155.103333333333,3395.1033333333326
232463,230657.42333333334,1805.5766666666605
7642,13586.096666666666,5944.096666666666
113496,109504.8,3991.199999999997
19575,22212.06333333333,2637.0633333333317
849,6148.373333333333,5299.373333333333
12181,13378.603333333333,1197.6033333333326
8000,23063.286666666667,15063.286666666667
37669,43451.19,5782.190000000002
18334,22702.81333333333,4368.813333333332
29723,33891.28,4168.279999999999
15927,18437.66,2510.66
155252,139813.52333333335,15438.476666666655
7930,28857.706666666665,20927.706666666665
139159,133898.72,5260.279999999999
143579,141983.79333333333,1595.2066666666651
21053,24651.573333333334,3598.5733333333337
30909,28593.08,2315.9199999999983
19483,26627.58,7144.580000000002
9621,10506.653333333334,885.6533333333336
19744,20292.793333333335,548.7933333333349
10000,10168.073333333334,168.07333333333372
10138,9758.383333333333,379.6166666666668
28022,28445.556666666667,423.5566666666673
112135,106838.37,5296.630000000005
38120,43593.03666666667,5473.036666666667
266530,262702.18,3827.820000000007
185920,182265.51666666666,3654.483333333337
65306,59983.32666666667,5322.673333333332
70128,70044.63666666667,83.36333333332732
13197,17741.586666666666,4544.586666666666
130631,126914.89666666667,3716.1033333333326
40000,40894.403333333335,894.4033333333355
78479,67146.23,11332.770000000004
27621,28099.266666666666,478.2666666666664
146976,133861.37333333332,13114.626666666678
28508,28165.476666666666,342.52333333333445
35174,36161.63,987.6299999999974
15812,20877.77666666667,5065.7766666666685
254710,171833.45333333334,82876.54666666666
160294,157052.39666666667,3241.6033333333326
80000,69499.61666666667,10500.383333333331
11380,11350.983333333334,29.016666666666424
17322,17246.446666666667,75.55333333333328
13730,22336.5,8606.5
75588,73348.69,2239.3099999999977
292806,250212.34333333332,42593.65666666668
123810,111945.88333333333,11864.116666666669
239420,226199.71333333335,13220.286666666652
144321,147233.78666666665,2912.7866666666523
82711,96083.3,13372.300000000003
137027,137499.06666666668,472.06666666668025
26568,28950.82,2382.8199999999997
146125,148342.46666666667,2217.4666666666744
13393,30190.073333333334,16797.073333333334
10121,10377.806666666667,256.8066666666673
19487,34089.753333333334,14602.753333333334
321132,318299.55333333334,2832.446666666656
17969,22066.98,4097.98
43446,40969.96333333333,2476.036666666667
6262,6342.263333333333,80.26333333333332
92109,91789.28333333334,319.7166666666599
97174,95521.74,1652.2599999999948
278748,281452.31666666665,2704.316666666651
49355,49313.43666666667,41.563333333331684
200000,137043.18333333332,62956.81666666668
6026,13257.03,7231.030000000001
38431,36659.53333333333,1771.4666666666672
26005,28271.18666666667,2266.1866666666683
16807,17692.3,885.2999999999993
51360,51087.55,272.4499999999971
16904,43167.11,26263.11
15729,41922.87333333334,26193.873333333337
44843,36442.47666666667,8400.52333333333
75083,74022.86333333333,1060.1366666666727
112339,110424.11333333333,1914.8866666666727
6215,8104.3,1889.3000000000002
96634,96913.72333333333,279.7233333333279
120376,122214.42333333334,1838.4233333333395
172500,162507.18,9992.820000000007
59057,59758.863333333335,701.8633333333346
14295,18898.116666666665,4603.116666666665
180240,104347.21,75892.79
17086,21850.253333333334,4764.253333333334
29052,37027.62666666666,7975.626666666663
153432,154068.10333333333,636.1033333333326
25186,26225.253333333334,1039.253333333334
14775,16165.993333333334,1390.9933333333338
6154,17217.343333333334,11063.343333333334
38295,34862.11,3432.8899999999994
7715,7778.546666666667,63.54666666666708
6982,8549.833333333334,1567.833333333334
35966,35946.75666666667,19.243333333331975
22667,25804.226666666666,3137.2266666666656
226517,230176.09333333332,3659.0933333333232
14542,16563.833333333332,2021.8333333333321
8182,9777.676666666666,1595.6766666666663
11477,12210.203333333333,733.2033333333329
41819,76747.02333333333,34928.02333333333
109286,108318.46,967.5399999999936
391347,389571.37333333335,1775.6266666666488
26163,26540.983333333334,377.9833333333336
9082,9324.16,242.15999999999985
90080,87791.47,2288.529999999999
46461,42882.596666666665,3578.4033333333355
73941,60707.206666666665,13233.793333333335
52934,58264.293333333335,5330.293333333335
68882,69383.91333333333,501.91333333333023
4266,6362.86,2096.8599999999997
83453,80341.31666666667,3111.6833333333343
13006,14715.61,1709.6100000000006
97450,93578.85333333333,3871.1466666666674
70136,61491.39,8644.61
26289,36983.90666666667,10694.90666666667
117673,124830.11333333333,7157.113333333327
79711,101264.18,21553.179999999993
20192,19870.373333333333,321.626666666667
40776,42253.30333333334,1477.303333333337
185676,182982.46,2693.540000000008
23733,25174.756666666668,1441.756666666668
19699,21447.726666666666,1748.7266666666656
29886,31513.286666666667,1627.2866666666669
4000,5630.42,1630.42
44261,53468.14666666667,9207.146666666667
27330,42653.763333333336,15323.763333333336
131195,121037.62333333334,10157.376666666663
41609,36455.056666666664,5153.943333333336
29756,29351.43666666667,404.5633333333317
9487,10002.526666666667,515.5266666666666
28371,51247.37666666666,22876.376666666663
104002,104637.32666666666,635.3266666666605
116605,120283.97333333333,3678.973333333328
21139,21785.22333333333,646.2233333333315
25000,23451.963333333333,1548.0366666666669
165927,165852.36,74.64000000001397
85711,91545.79,5834.789999999994
262528,249873.43333333332,12654.56666666668
14319,18662.146666666667,4343.146666666667
225747,214057.89666666667,11689.103333333333
62941,62535.46,405.5400000000009
19757,19585.463333333333,171.53666666666686
312986,197520.05666666667,115465.94333333333
99623,95205.09,4417.9100000000035
235049,232578.96,2470.040000000008
232463,229083.28,3379.720000000001
47826,40604.25,7221.75
96634,96140.15,493.8500000000058
40466,85032.73666666666,44566.736666666664
18249,18564.766666666666,315.7666666666664
17301,21285.996666666666,3984.996666666666
21551,27119.693333333333,5568.693333333333
110351,107178.58,3172.4199999999983
126568,122014.13666666667,4553.863333333327
22348,24985.916666666668,2637.916666666668
14201,14808.37,607.3700000000008
15318,20979.653333333332,5661.653333333332
12450,12822.5,372.5
78184,93255.49333333333,15071.493333333332
8355,15522.83,7167.83
12346,14024.04,1678.0400000000009
227240,221344.37666666668,5895.623333333322
58590,58525.25,64.75
16910,26027.956666666665,9117.956666666665
305570,358003.25,52433.25
20184,20318.916666666668,134.91666666666788
100000,95307.01333333334,4692.986666666664
37891,37173.443333333336,717.5566666666637
94450,92558.17666666667,1891.8233333333337
12991,13814.89,823.8899999999994
18001,16529.906666666666,1471.0933333333342
39894,37236.666666666664,2657.3333333333358
45739,45545.82,193.1800000000003
46372,46698.04,326.0400000000009
161828,151687.91,10140.089999999997
5976,7737.933333333333,1761.9333333333334
23696,27831.22,4135.220000000001
36396,43826.43666666667,7430.436666666668
50000,27540.82,22459.18
16223,21769.513333333332,5546.513333333332
246070,248272.57333333333,2202.5733333333337
100556,105456.82333333333,4900.823333333334
10209,10638.766666666666,429.7666666666664
66692,70468.87,3776.8699999999953
15078,12901.173333333334,2176.826666666666
10526,25678.783333333333,15152.783333333333
349594,348756.26,837.7399999999907
8502,8816.503333333334,314.503333333334
28645,28635.946666666667,9.053333333333285
29782,29794.56333333333,12.563333333331684
38910,35878.11666666667,3031.8833333333314
401380,358924.25666666665,42455.74333333335
229189,226188.78333333333,3000.2166666666744
29387,32763.716666666667,3376.716666666667
26050,23117.033333333333,2932.966666666667
15764,25907.953333333335,10143.953333333335
113661,155411.92,41750.92000000001
7700,7155.223333333333,544.7766666666666
17398,17674.506666666668,276.506666666668
97421,95576.39666666667,1844.6033333333326
38704,43325.03333333333,4621.033333333333
24333,24397.38,64.38000000000102
24828,25813.553333333333,985.5533333333333
60532,63058.683333333334,2526.6833333333343
9400,9320.81,79.19000000000051
47990,52252.2,4262.199999999997
30588,30515.653333333332,72.34666666666817
21843,29564.533333333333,7721.533333333333
2866,7913.406666666667,5047.406666666667
14900,29160.63,14260.630000000001
8947,9274.853333333333,327.85333333333256
34804,34367.55333333334,436.4466666666631
16791,22460.496666666666,5669.496666666666
29211,31781.993333333332,2570.993333333332
35809,34393.736666666664,1415.263333333336
6011,6098.3533333333335,87.35333333333347
139290,135216.84,4073.1600000000035
54756,52505.57666666667,2250.4233333333323
313056,302084.2766666667,10971.723333333328
31862,35272.61,3410.6100000000006
21511,54044.4,32533.4
93194,87024.85666666667,6169.143333333326
278748,269458.19333333336,9289.806666666642
49640,44427.426666666666,5212.573333333334
71719,75387.03666666667,3668.036666666667
385818,384617.13,1200.8699999999953
16810,25327.963333333333,8517.963333333333
6711,7679.163333333333,968.163333333333
23317,24155.123333333333,838.123333333333
206667,168988.42,37678.57999999999
8502,8955.693333333333,453.6933333333327
192204,181573.02666666667,10630.973333333328
401515,399990.31,1524.6900000000023
20574,23239.663333333334,2665.663333333334
20352,20068.156666666666,283.84333333333416
163870,163041.74,828.2600000000093
26568,26667.486666666668,99.48666666666759
19042,22939.21,3897.209999999999
7895,8781.556666666667,886.5566666666673
40954,41818.136666666665,864.1366666666654
217455,194941.51666666666,22513.483333333337
47762,46523.416666666664,1238.5833333333358
27318,35948.433333333334,8630.433333333334
42143,45384.1,3241.0999999999985
25841,27626.096666666668,1785.0966666666682
8846,10994.473333333333,2148.4733333333334
202747,200517.34333333332,2229.6566666666768
37295,40979.10666666667,3684.1066666666666
109103,97317.83333333333,11785.166666666672
19556,22200.553333333333,2644.5533333333333
38161,49092.043333333335,10931.043333333335
94918,93857.39,1060.6100000000006
10769,19048.49,8279.490000000002
2074,3132.11,1058.1100000000001
28420,33248.56333333333,4828.563333333332
19332,34087.15,14755.150000000001
11202,17307.483333333334,6105.483333333334
27105,32398.173333333332,5293.173333333332
12351,12210.3,140.70000000000073
219196,193207.89,25988.109999999986
95930,95613.48666666666,316.51333333333605
14717,15168.823333333334,451.8233333333337
17975,20324.643333333333,2349.6433333333334
267752,263168.86,4583.140000000014
18506,29450.413333333334,10944.413333333334
34481,34365.57666666667,115.42333333333227
45739,46020.973333333335,281.9733333333352
104108,98262.17,5845.830000000002
22353,27320.096666666668,4967.096666666668
9654,12767.086666666666,3113.086666666666
120680,117598.09333333334,3081.906666666662
26188,26859.43,671.4300000000003
80154,77439.27666666667,2714.723333333328
140491,130265.67,10225.330000000002
86553,86462.58666666667,90.41333333333023
220905,207402.47,13502.529999999999
183745,188473.89666666667,4728.896666666667
149768,148318.12333333332,1449.876666666678
28488,29889.623333333333,1401.623333333333
27156,28781.66,1625.6599999999999
47633,44487.87,3145.1299999999974
160109,163616.80666666667,3507.806666666671
10700,11796.553333333333,1096.5533333333333
28800,35008.753333333334,6208.753333333334
154679,152437.28666666665,2241.7133333333477
32367,42850.22,10483.220000000001
4906,8951.636666666667,4045.636666666667
15078,14842.573333333334,235.42666666666628
36440,47786.73333333333,11346.73333333333
100691,101721.60666666667,1030.6066666666738
181389,146459.77,34929.23000000001
28930,28851.376666666667,78.623333333333
343433,337790.0933333333,5642.906666666677
79979,77789.57,2189.429999999993
9514,9896.013333333334,382.01333333333423
25623,28267.733333333334,2644.7333333333336
182704,137784.29333333333,44919.706666666665
134795,135303.6,508.6000000000058
241020,221936.63,19083.369999999995
42722,42711.903333333335,10.096666666664532
75411,71332.2,4078.800000000003
92141,92399.32,258.320000000007
164180,164737.94333333333,557.9433333333291
24784,31999.763333333332,7215.763333333332
14578,27553.636666666665,12975.636666666665
6920,8232.486666666666,1312.4866666666658
23533,23843.296666666665,310.29666666666526
15111,17678.336666666666,2567.336666666666
399759,398451.60333333333,1307.3966666666674
47347,49036.32,1689.3199999999997
30558,34790.37,4232.370000000003
118906,120678.58,1772.5800000000017
218059,212181.1,5877.899999999994
30403,34828.53,4425.529999999999
49571,38588.31333333333,10982.686666666668
94120,90934.69333333333,3185.306666666671
200000,136538.52333333335,63461.476666666655
81537,79166.67,2370.3300000000017
40244,42823.64333333333,2579.6433333333334
33587,33415.2,171.8000000000029
270436,268211.31,2224.6900000000023
17811,32396.68666666667,14585.686666666668
26972,26759.26,212.7400000000016
54262,46339.52333333333,7922.476666666669
38000,35868.8,2131.199999999997
62215,69383.12666666666,7168.126666666663
60780,75833.84,15053.839999999997
23267,25069.046666666665,1802.0466666666653
28645,28940.396666666667,295.39666666666744
12450,12244.273333333333,205.72666666666737
245353,226615.52666666667,18737.473333333328
193516,189097.78,4418.220000000001
90601,82049.24,8551.759999999995
29285,31781.386666666665,2496.3866666666654
101888,84990.45333333334,16897.54666666666
26005,26853.136666666665,848.1366666666654
116902,115186.78666666667,1715.2133333333331
18151,27522.246666666666,9371.246666666666
27765,33122.21333333333,5357.213333333333
24828,25827.403333333332,999.4033333333318
16111,18977.823333333334,2866.8233333333337
16458,35516.12,19058.120000000003
67187,61671.183333333334,5515.816666666666
5696,7002.673333333333,1306.6733333333332
30164,43128.676666666666,12964.676666666666
42552,42607.426666666666,55.42666666666628
205381,205002.78333333333,378.2166666666744
26228,27601.346666666668,1373.3466666666682
53311,52145.443333333336,1165.5566666666637
14148,14874.713333333333,726.7133333333331
25557,28029.116666666665,2472.116666666665
56668,56791.25,123.25
172591,211501.55333333334,38910.553333333344
2429,3390.1433333333334,961.1433333333334
17558,20183.74,2625.7400000000016
63200,58635.75,4564.25
94453,89934.27666666667,4518.723333333328
49985,48827.346666666665,1157.6533333333355
34739,42588.42333333333,7849.423333333332
9033,14223.43,5190.43
186443,185363.75666666665,1079.2433333333465
10857,11043.053333333333,186.05333333333328
26366,28634.616666666665,2268.616666666665
7786,8319.596666666666,533.5966666666664
92000,89654.50333333333,2345.4966666666733
256996,244305.58333333334,12690.416666666657
52044,49585.22,2458.779999999999
15000,13906.31,1093.6900000000005
96232,94074.74666666667,2157.2533333333267
27702,32222.783333333333,4520.783333333333
40766,39020.81,1745.1900000000023
37189,38569.52,1380.5199999999968
22580,25079.976666666666,2499.9766666666656
46792,45354.013333333336,1437.986666666664
26188,26388.483333333334,200.48333333333358
49985,49057.903333333335,927.0966666666645
91410,91317.44333333333,92.55666666667094
239523,235838.45666666667,3684.543333333335
43558,37874.443333333336,5683.556666666664
9028,14274.103333333333,5246.103333333333
20308,21284.05,976.0499999999993
10209,10797.193333333333,588.1933333333327
10934,13520.2,2586.2000000000007
333986,295080.55666666664,38905.44333333336
27105,34032.20333333333,6927.203333333331
16359,26135.66,9776.66
11001,10965.96,35.04000000000087
94450,92380.96333333333,2069.036666666667
168278,159451.46333333335,8826.536666666652
31169,30929.663333333334,239.33666666666613
33439,36142.276666666665,2703.276666666665
63359,62282.93,1076.0699999999997
20000,19070.25,929.75
200600,195904.29333333333,4695.706666666665
20348,26415.156666666666,6067.156666666666
90559,79829.48666666666,10729.513333333336
205381,206094.99333333335,713.9933333333465
72917,76773.73333333334,3856.733333333337
15384,29658.02,14274.02
180795,178566.99666666667,2228.0033333333267
48331,49667.15,1336.1500000000015
4000,4794.9366666666665,794.9366666666665
91837,90562.28666666667,1274.7133333333331
18756,17003.12,1752.880000000001
25675,17874.676666666666,7800.323333333334
34286,30956.456666666665,3329.543333333335
156673,156741.77666666667,68.7766666666721
30058,28297.496666666666,1760.503333333334
46272,50206.68,3934.6800000000003
7639,7724.593333333333,85.59333333333325
13722,18186.646666666667,4464.646666666667
54895,51604.23333333333,3290.76666666667
97421,95757.50666666667,1663.493333333332
16180,19315.906666666666,3135.906666666666
227606,224207.74666666667,3398.2533333333267
11393,12088.093333333334,695.0933333333342
195930,197480.54,1550.5400000000081
43023,46757.6,3734.5999999999985
276923,262406.37333333335,14516.626666666649
27785,27970.55,185.54999999999927
146020,146745.72333333333,725.7233333333279
342404,333470.64666666667,8933.353333333333
70010,63478.88,6531.120000000003
36396,46140.28666666667,9744.286666666667
37852,40557.35666666667,2705.3566666666666
159562,159422.27333333335,139.72666666665464
50999,48891.65666666667,2107.3433333333305
7660,11332.07,3672.0699999999997
258859,248480.98,10378.01999999999
23629,29041.616666666665,5412.616666666665
19963,18689.396666666667,1273.6033333333326
42077,51895.44666666666,9818.446666666663
28645,29112.51,467.5099999999984
35699,36504.153333333335,805.1533333333355
101804,118441.26333333334,16637.263333333336
17380,21511.11,4131.110000000001
113360,110657.74333333333,2702.256666666668
16168,25842.876666666667,9674.876666666667
65953,67548.80333333333,1595.8033333333296
24140,24137.373333333333,2.626666666667006
15727,13750.183333333332,1976.8166666666675
66571,71281.79,4710.789999999994
4480,11765.796666666667,7285.796666666667
100000,116833.25666666667,16833.256666666668
17768,20713.673333333332,2945.6733333333323
68514,66331.28333333334,2182.71666666666
88299,93465.09666666666,5166.0966666666645
20497,20595.816666666666,98.8166666666657
113463,107704.26666666666,5758.733333333337
85744,85606.68333333333,137.3166666666657
14800,12739.7,2060.2999999999993
12644,19493.626666666667,6849.626666666667
23378,24182.68,804.6800000000003
30368,30386.716666666667,18.71666666666715
38910,35110.33666666667,3799.6633333333302
209840,204172.26666666666,5667.733333333337
25901,25911.22,10.220000000001164
7692,11517.84,3825.84
195000,190191.33333333334,4808.666666666657
19073,29836.52,10763.52
124228,111672.49,12555.509999999995
51520,49887.97666666667,1632.0233333333308
199853,190160.09,9692.910000000003
276923,228443.52333333335,48479.476666666655
73748,72399.14666666667,1348.8533333333326
27447,26688.926666666666,758.0733333333337
152555,139679.42,12875.579999999987
26409,26382.76,26.2400000000016
21429,24048.193333333333,2619.1933333333327
19385,22874.636666666665,3489.6366666666654
37171,37886.41333333333,715.4133333333302
15344,18186.863333333335,2842.8633333333346
35629,37448.34333333333,1819.3433333333305
29167,32955.21333333333,3788.213333333333
46878,43380.193333333336,3497.8066666666637
33056,36140.49333333333,3084.493333333332
4423,5061.213333333333,638.2133333333331
10236,10367.836666666666,131.83666666666613
23641,19943.02666666667,3697.9733333333315
192973,191526.75,1446.25
10711,10413.376666666667,297.623333333333
13966,13954.273333333333,11.72666666666737
213756,125638.75333333333,88117.24666666667
17969,30038.216666666667,12069.216666666667
89385,77540.63666666667,11844.363333333327
166101,163522.07,2578.929999999993
17067,16383.37,683.6299999999992
211244,191704.64,19539.359999999986
20000,19474.12,525.880000000001
27103,36075.973333333335,8972.973333333335
61511,65539.02666666667,4028.026666666672
276077,271524.7233333333,4552.276666666672
32622,34876.00666666667,2254.006666666668
51114,51934.96,820.9599999999991
35872,35861.58666666667,10.413333333330229
68519,70347.23666666666,1828.236666666664
169487,161336.03666666665,8150.963333333348
23100,30864.243333333332,7764.243333333332
72459,65460.35333333333,6998.646666666667
30646,30976.796666666665,330.79666666666526
9568,10016.813333333334,448.8133333333335
99668,92648.15666666666,7019.843333333338
84268,84670.30333333333,402.30333333332965
24446,24394.513333333332,51.48666666666759
24173,31700.633333333335,7527.633333333335
27922,27365.89,556.1100000000006
4719,8183.32,3464.3199999999997
126164,123763.36333333333,2400.6366666666727
140432,140592.46666666667,160.46666666667443
5931,6187.913333333333,256.91333333333296
16598,17403.22333333333,805.2233333333315
19996,21599.023333333334,1603.0233333333344
343433,342142.0,1291.0
35000,50334.10666666667,15334.106666666667
179276,157497.81333333332,21778.186666666676
21697,26668.133333333335,4971.133333333335
8222,8277.093333333334,55.09333333333416
75716,73673.05333333333,2042.9466666666704
130776,139312.47333333333,8536.473333333328
36394,41379.136666666665,4985.136666666665
20000,25797.546666666665,5797.546666666665
118111,112506.29333333333,5604.706666666665
20000,25340.71,5340.709999999999
113496,108889.3,4606.699999999997
48725,46867.38,1857.6200000000026
25726,32438.65,6712.6500000000015
235174,197368.84666666668,37805.15333333332
7161,8157.286666666667,996.2866666666669
61430,56003.776666666665,5426.223333333335
35984,38634.35333333333,2650.3533333333326
29319,39383.56333333333,10064.563333333332
188160,185366.13666666666,2793.863333333342
162540,161149.06,1390.9400000000023
14615,13536.323333333334,1078.6766666666663
20000,30484.336666666666,10484.336666666666
51721,57295.12,5574.120000000003
28745,28545.883333333335,199.11666666666497
17791,27074.793333333335,9283.793333333335
3871,10573.143333333333,6702.143333333333
37000,34729.21666666667,2270.783333333333
4037,9946.563333333334,5909.5633333333335
16908,19319.173333333332,2411.1733333333323
18573,20290.023333333334,1717.0233333333344
28446,30195.293333333335,1749.2933333333349
6447,9527.4,3080.3999999999996
109501,112796.12333333334,3295.1233333333366
11339,12593.19,1254.1900000000005
244675,243190.65666666668,1484.3433333333232
90869,95734.39666666667,4865.396666666667
13821,15937.24,2116.24
28395,31539.31,3144.3100000000013
96078,93497.3,2580.699999999997
7018,15465.816666666668,8447.816666666668
221220,246188.69333333333,24968.69333333333
7059,24375.926666666666,17316.926666666666
16214,28811.603333333333,12597.603333333333
100000,104840.68666666666,4840.686666666661
140463,137973.46666666667,2489.5333333333256
11586,11850.096666666666,264.09666666666635
37145,52482.37666666666,15337.376666666663
78947,78723.46333333333,223.53666666666686
121926,118408.44666666667,3517.5533333333296
14614,16095.016666666666,1481.0166666666664
12562,37054.30333333334,24492.303333333337
62412,61010.86666666667,1401.1333333333314
7752,9766.61,2014.6100000000006
95857,105994.33,10137.330000000002
14761,29464.383333333335,14703.383333333335
41609,36181.11,5427.889999999999
27785,27950.92,165.91999999999825
36070,36551.67,481.66999999999825
28081,22131.466666666667,5949.533333333333
100000,99230.16,769.8399999999965
188103,187023.86333333334,1079.1366666666581
28930,29153.45,223.45000000000073
7968,10500.24,2532.24
34481,33868.73333333333,612.2666666666701
10857,10790.21,66.79000000000087
307549,305963.02,1585.9799999999814
52536,57684.03,5148.029999999999
31586,30673.81,912.1899999999987
351358,322950.07666666666,28407.92333333334
86907,85070.89333333333,1836.1066666666738
21211,21600.68,389.6800000000003
26125,25896.04,228.95999999999913
32366,32671.133333333335,305.13333333333503
7478,19064.956666666665,11586.956666666665
12942,12682.87,259.1299999999992
10000,9057.24,942.7600000000002
14269,28748.283333333333,14479.283333333333
25557,30546.7,4989.700000000001
386978,396091.6433333333,9113.643333333312
6094,8949.576666666666,2855.576666666666
248610,250084.87333333332,1474.873333333322
163870,160736.81666666668,3133.1833333333198
22426,27162.0,4736.0
25515,32670.54,7155.540000000001
24852,24822.52,29.479999999999563
14666,18441.406666666666,3775.406666666666
38750,33990.55333333334,4759.446666666663
391226,393869.86333333334,2643.863333333342
100000,179465.78666666665,79465.78666666665
7803,14859.483333333334,7056.483333333334
202174,192564.23333333334,9609.766666666663
32405,32093.923333333332,311.07666666666773
10789,10700.406666666666,88.59333333333416
27273,29669.43666666667,2396.4366666666683
311961,312090.68,129.67999999999302
75542,78155.00666666667,2613.006666666668
77723,92221.67333333334,14498.67333333334
8981,9158.183333333332,177.18333333333248
80054,77487.88,2566.1199999999953
24828,24818.933333333334,9.066666666665697
104452,114714.32333333333,10262.323333333334
188091,187028.33333333334,1062.666666666657
8011,7919.926666666666,91.07333333333372
170183,171797.09333333332,1614.0933333333232
2036,10907.876666666667,8871.876666666667
66624,64239.513333333336,2384.486666666664
38989,39393.54666666667,404.5466666666689
8803,9450.76,647.7600000000002
124794,119336.67333333334,5457.3266666666605
24390,24460.24,70.2400000000016
113496,107812.57,5683.429999999993
27117,41011.996666666666,13894.996666666666
18573,23120.616666666665,4547.616666666665
33152,32353.14,798.8600000000006
245277,238376.94,6900.059999999998
85108,85640.80666666667,532.8066666666709
280384,291665.87333333335,11281.873333333351
65901,60762.496666666666,5138.503333333334
84850,84444.8,405.1999999999971
42203,64843.503333333334,22640.503333333334
66587,66195.94666666667,391.05333333332965
3241,10610.276666666667,7369.276666666667
16296,17139.673333333332,843.6733333333323
381224,348636.64,32587.359999999986
261779,225226.70333333334,36552.29666666666
159224,158443.57,780.429999999993
23267,25260.676666666666,1993.6766666666663
3333,7695.336666666667,4362.336666666667
94268,94463.8,195.8000000000029
33152,31840.926666666666,1311.0733333333337
10121,10090.49,30.51000000000022
6677,9789.463333333333,3112.463333333333
8118,7340.3133333333335,777.6866666666665
30762,31195.353333333333,433.35333333333256
52222,63465.53,11243.529999999999
6099,6888.066666666667,789.0666666666666
174212,154314.10333333333,19897.896666666667
25726,31760.04,6034.040000000001
24554,23952.56,601.4399999999987
124583,102057.38,22525.619999999995
30385,30712.493333333332,327.493333333332
10000,12479.42,2479.42
81560,72111.77,9448.229999999996
152748,147915.33666666667,4832.66333333333
26188,26592.173333333332,404.17333333333227
101288,99813.46,1474.5399999999936
34804,33470.24333333333,1333.756666666668
85694,85109.74666666667,584.2533333333267
18118,19536.25,1418.25
19237,15473.036666666667,3763.963333333333
96637,101954.21333333333,5317.213333333333
30010,33456.21,3446.209999999999
19153,46469.526666666665,27316.526666666665
79880,104646.96,24766.960000000006
33660,37311.65,3651.6500000000015
105037,129586.71,24549.710000000006
261054,257126.16333333333,3927.8366666666698
158256,159894.29666666666,1638.2966666666616
51123,48743.85,2379.1500000000015
13983,17946.226666666666,3963.2266666666656
347368,273739.3466666667,73628.65333333332
28056,31606.516666666666,3550.5166666666664
72826,71122.27,1703.729999999996
96370,107661.47,11291.470000000001
6417,7114.5633333333335,697.5633333333335
8136,9898.203333333333,1762.203333333333
6045,6921.906666666667,876.9066666666668
209840,197146.57,12693.429999999993
8772,9873.92,1101.92
124266,121376.56,2889.4400000000023
88477,87809.52666666667,667.4733333333279
73683,67371.90666666666,6311.093333333338
24103,26135.586666666666,2032.5866666666661
7633,17224.5,9591.5
32680,27648.623333333333,5031.376666666667
61614,60641.763333333336,972.236666666664
230430,226493.97666666665,3936.0233333333454
21505,27570.4,6065.4000000000015
165123,158964.08333333334,6158.916666666657
74585,82356.11666666667,7771.116666666669
6953,12624.006666666666,5671.006666666666
250826,230640.04666666666,20185.95333333334
26366,28925.213333333333,2559.213333333333
12500,24632.456666666665,12132.456666666665
32527,28363.426666666666,4163.573333333334
13052,25761.71,12709.71
24852,25364.093333333334,512.0933333333342
26578,26385.47333333333,192.52666666666846
17111,20327.003333333334,3216.003333333334
51674,54843.79,3169.790000000001
109110,149245.38333333333,40135.38333333333
399759,397377.87,2381.1300000000047
110000,108510.82333333333,1489.1766666666663
5748,7969.326666666667,2221.326666666667
64654,80695.32333333333,16041.323333333334
80054,77729.62333333334,2324.3766666666634
46865,46290.18666666667,574.8133333333317
419798,405581.6666666667,14216.333333333314
28457,28836.33,379.33000000000175
41271,41083.02333333333,187.9766666666692
27712,41910.19666666666,14198.196666666663
22387,27808.63,5421.630000000001
45652,53342.83,7690.830000000002
21211,21800.863333333335,589.8633333333346
64151,62519.26666666667,1631.73333333333
100000,100983.86,983.8600000000006
27621,27519.403333333332,101.59666666666817
41026,41144.753333333334,118.75333333333401
29782,29557.513333333332,224.4866666666676
50272,49482.71666666667,789.2833333333328
40809,47732.44,6923.440000000002
7189,6574.516666666666,614.4833333333336
31342,36206.42,4864.419999999998
7786,8088.66,302.65999999999985
91489,88853.56666666667,2635.4333333333343
15964,27879.693333333333,11915.693333333333
50176,51192.763333333336,1016.763333333336
19125,24830.11,5705.110000000001
188103,183676.26333333334,4426.736666666664
58667,58788.566666666666,121.5666666666657
11477,12806.16,1329.1599999999999
10857,10721.876666666667,135.123333333333
189247,189964.53,717.5299999999988
8923,18996.6,10073.599999999999
13483,16400.943333333333,2917.9433333333327
165413,165559.33,146.3299999999872
19310,23361.643333333333,4051.6433333333334
27310,26826.713333333333,483.28666666666686
194173,193595.72,577.2799999999988
193516,185883.52666666667,7632.473333333328
171349,163080.23666666666,8268.763333333336
219196,213803.16666666666,5392.833333333343
38260,39487.113333333335,1227.1133333333346
20000,23067.31333333333,3067.3133333333317
16000,16756.43666666667,756.4366666666683
24514,25845.75,1331.75
15891,18918.483333333334,3027.4833333333336
139290,126837.51666666666,12452.483333333337
133760,119037.94666666667,14722.05333333333
66988,80471.65333333334,13483.653333333335
6484,8141.546666666667,1657.546666666667
27079,27645.13,566.130000000001
88943,87396.65333333334,1546.3466666666645
12000,11754.116666666667,245.8833333333332
21166,23498.736666666668,2332.7366666666676
29914,28850.383333333335,1063.616666666665
95441,92003.07666666666,3437.9233333333395
31991,31323.63,667.369999999999
10416,15564.95,5148.950000000001
103399,102061.01333333334,1337.986666666664
95726,92526.91333333333,3199.0866666666698
143848,146584.40333333332,2736.403333333321
13111,18646.423333333332,5535.423333333332
10000,14864.223333333333,4864.223333333333
32064,35935.293333333335,3871.293333333335
24401,25000.633333333335,599.633333333335
27921,47608.846666666665,19687.846666666665
38295,39306.013333333336,1011.013333333336
313645,307728.18,5916.820000000007
258859,255349.34,3509.6600000000035
120392,111683.68333333333,8708.316666666666
47517,52918.13333333333,5401.133333333331
17150,17070.736666666668,79.26333333333241
143440,142671.35666666666,768.6433333333407
242031,238483.46,3547.540000000008
106094,112375.18333333333,6281.183333333334
16908,16834.093333333334,73.90666666666584
30613,35950.683333333334,5337.683333333334
5627,8802.016666666666,3175.0166666666664
31915,35532.52333333333,3617.523333333331
14232,17773.463333333333,3541.463333333333
13197,14575.923333333334,1378.923333333334
15831,29964.826666666668,14133.826666666668
52934,53986.78333333333,1052.7833333333328
57761,49220.01,8540.989999999998
32216,32479.403333333332,263.40333333333183
16885,25284.03,8399.029999999999
11071,20340.236666666668,9269.236666666668
80769,72464.82,8304.179999999993
5730,5911.65,181.64999999999964
242315,233918.83,8396.170000000013
31604,31301.146666666667,302.85333333333256
46461,43597.76,2863.239999999998
22189,28887.646666666667,6698.646666666667
249684,246256.47,3427.529999999999
20652,21254.28,602.2799999999988
65968,65648.15666666666,319.8433333333378
5042,5874.406666666667,832.4066666666668
21218,20984.376666666667,233.623333333333
20000,23362.726666666666,3362.7266666666656
35714,31114.413333333334,4599.586666666666
11500,14861.743333333334,3361.743333333334
32339,30066.516666666666,2272.4833333333336
14066,20398.993333333332,6332.993333333332
216325,196884.03666666665,19440.963333333348
42519,42234.443333333336,284.55666666666366
17875,27805.396666666667,9930.396666666667
17150,17440.496666666666,290.496666666666
136634,115082.53333333334,21551.46666666666
52779,53807.88333333333,1028.8833333333314
364770,354099.2233333333,10670.776666666672
13800,19824.053333333333,6024.053333333333
321132,321024.30666666664,107.69333333335817
28481,25717.073333333334,2763.9266666666663
28133,27572.73,560.2700000000004
24907,29348.38,4441.380000000001
103928,100852.78,3075.220000000001
29515,29322.453333333335,192.54666666666526
40803,47158.85666666667,6355.856666666667
186335,169381.48666666666,16953.513333333336
7995,9084.576666666666,1089.576666666666
57115,56988.25666666667,126.74333333333198
5926,7030.81,1104.8100000000004
244444,224330.21666666667,20113.783333333326
11137,19874.736666666668,8737.736666666668
8679,10878.83,2199.83
37776,36948.46666666667,827.5333333333328
31537,31093.61,443.3899999999994
23876,24623.02666666667,747.0266666666685
23796,25556.453333333335,1760.4533333333347
20336,25664.963333333333,5328.963333333333
262734,252445.25333333333,10288.746666666673
15026,16721.02,1695.0200000000004
223519,215627.91666666666,7891.083333333343
26602,35687.18,9085.18
155792,150713.81333333332,5078.186666666676
15541,20688.923333333332,5147.923333333332
15318,19600.623333333333,4282.623333333333
75000,80036.71,5036.710000000006
55641,72699.38,17058.380000000005
111198,106733.87333333334,4464.126666666663
7639,8534.683333333332,895.6833333333325
44905,51549.82,6644.82
26005,26707.136666666665,702.1366666666654
84823,83878.09,944.9100000000035
18025,20973.29,2948.290000000001
17235,16812.08,422.91999999999825
20497,22157.283333333333,1660.2833333333328
34739,41341.37333333334,6602.373333333337
20652,22753.73,2101.7299999999996
21511,57168.43,35657.43
171349,162776.48333333334,8572.516666666663
151999,145919.05,6079.950000000012
98384,96079.95,2304.050000000003
97333,99890.91333333333,2557.9133333333302
11365,16528.62,5163.619999999999
23517,25747.993333333332,2230.993333333332
36490,36109.11,380.8899999999994
46667,50025.63333333333,3358.6333333333314
13582,16540.753333333334,2958.753333333334
84170,107512.56666666667,23342.566666666666
75231,80176.91666666667,4945.9166666666715
101088,93327.05333333333,7760.94666666667
29918,30504.256666666668,586.256666666668
9106,9492.643333333333,386.64333333333343
28508,28508.763333333332,0.7633333333324117
15729,46476.85,30747.85
88368,87523.87666666666,844.1233333333366
188091,188304.94333333333,213.94333333332906
32812,31901.226666666666,910.7733333333344
24514,24616.06,102.06000000000131
42107,46592.18,4485.18
28288,30583.523333333334,2295.5233333333344
113682,103848.68666666666,9833.313333333339
223715,312348.08,88633.08000000002
20184,20318.916666666668,134.91666666666788
18454,18335.913333333334,118.08666666666613
52954,56840.496666666666,3886.496666666666
22828,24809.553333333333,1981.5533333333333
8641,15381.876666666667,6740.876666666667
31619,32713.52666666667,1094.5266666666685
10145,9348.24,796.7600000000002
11181,11889.143333333333,708.1433333333334
81138,58406.6,22731.4
232893,228762.50333333333,4130.496666666673
5742,12077.76,6335.76
8011,7809.953333333333,201.04666666666708
61949,64452.36,2503.3600000000006
217455,194941.51666666666,22513.483333333337
74061,78794.55666666667,4733.556666666671
19344,23451.353333333333,4107.353333333333
41365,42008.24333333333,643.243333333332
252560,202563.57,49996.42999999999
148771,128651.78666666667,20119.213333333333
17969,19265.263333333332,1296.2633333333324
73748,72344.60333333333,1403.3966666666674
27617,23823.173333333332,3793.8266666666677
132173,130421.25666666667,1751.743333333332
27964,29789.193333333333,1825.1933333333327
126304,130904.5,4600.5
68432,76125.54333333333,7693.543333333335
17086,22813.26,5727.259999999998
14532,20208.163333333334,5676.163333333334
8333,14528.08,6195.08
34909,40728.426666666666,5819.426666666666
84823,84181.74,641.2599999999948
22828,25157.636666666665,2329.6366666666654
28563,44007.53333333333,15444.533333333333
9820,10472.75,652.75
10874,38345.54666666667,27471.54666666667
50026,76318.15333333334,26292.153333333335
13966,15516.766666666666,1550.7666666666664
83263,76633.79666666666,6629.203333333338
164550,170934.31333333332,6384.313333333324
166719,163881.21,2837.790000000008
32924,32157.17,766.8300000000017
42178,42007.333333333336,170.66666666666424
31537,31382.56333333333,154.43666666666832
104452,102805.95666666667,1646.0433333333349
132721,134726.53,2005.5299999999988
166275,156102.47666666665,10172.523333333345
81007,79899.41,1107.5899999999965
47162,40553.223333333335,6608.776666666665
99148,98690.78666666667,457.21333333333314
79663,78704.63666666667,958.3633333333273
35065,35597.93666666667,532.9366666666683
23356,47141.03333333333,23785.033333333333
54221,89423.18,35202.17999999999
19059,20279.33,1220.3300000000017
95441,89496.54666666666,5944.453333333338
20677,26484.476666666666,5807.476666666666
258859,256298.53,2560.470000000001
99022,89614.10666666667,9407.893333333326
194038,187447.41333333333,6590.58666666667
323303,295744.3933333333,27558.60666666669
56763,59576.94,2813.9400000000023
304978,292013.81333333335,12964.186666666646
95332,88828.35,6503.649999999994
79663,79496.58666666667,166.41333333333023
18173,17276.603333333333,896.3966666666674
25186,25262.866666666665,76.86666666666497
80643,80099.72666666667,543.2733333333308
10236,10798.496666666666,562.496666666666
175712,174889.11333333334,822.8866666666581
193913,189713.09,4199.9100000000035
17389,17777.736666666668,388.7366666666676
12825,23995.346666666668,11170.346666666668
70000,69929.10666666667,70.89333333332615
253729,250551.26,3177.7399999999907
12345,17304.573333333334,4959.573333333334
119284,121976.73,2692.729999999996
105190,152853.31333333332,47663.313333333324
21731,22429.73,698.7299999999996
10628,10628.203333333333,0.20333333333292103
5989,6411.793333333333,422.79333333333307
177576,158332.94,19243.059999999998
18750,23656.49,4906.490000000002
115776,106171.03333333334,9604.96666666666
285275,226516.68333333332,58758.31666666668
9161,11719.873333333333,2558.873333333333
29611,29064.78,546.2200000000012
52148,45050.776666666665,7097.223333333335
410056,374849.8233333333,35206.176666666695
30811,38700.276666666665,7889.276666666665
229051,223041.79333333333,6009.206666666665
60250,62912.55333333334,2662.553333333337
36336,44218.97666666667,7882.976666666669
100966,106462.72666666667,5496.726666666669
20238,41605.06,21367.059999999998
92000,85911.25333333333,6088.746666666673
181661,170530.08666666667,11130.91333333333
12982,21318.923333333332,8336.923333333332
101504,98390.92333333334,3113.0766666666605
12335,12898.873333333333,563.873333333333
17023,16340.856666666667,682.1433333333334
67786,69352.02666666667,1566.026666666672
10236,11543.566666666668,1307.5666666666675
137949,135290.67666666667,2658.3233333333337
46620,54150.03333333333,7530.033333333333
126495,140194.47333333333,13699.473333333328
26629,29029.133333333335,2400.133333333335
16503,19287.193333333333,2784.1933333333327
66559,68431.39333333333,1872.3933333333262
70610,65091.53,5518.470000000001
37202,38000.96666666667,798.9666666666672
1200,5570.64,4370.64
158631,159131.28,500.27999999999884
19113,23897.646666666667,4784.646666666667
37778,47050.26666666667,9272.26666666667
62734,64590.01,1856.010000000002
61214,49084.59333333333,12129.40666666667
13512,13502.93,9.069999999999709
8502,11173.89,2671.8899999999994
86899,84137.20333333334,2761.7966666666616
18740,20901.05,2161.0499999999993
23100,43795.65666666667,20695.65666666667
20238,22554.693333333333,2316.6933333333327
113496,107298.95333333334,6197.046666666662
5287,9046.456666666667,3759.456666666667
26228,27893.376666666667,1665.376666666667
22030,27605.65,5575.6500000000015
41272,45706.8,4434.800000000003
23187,23920.15,733.1500000000015
11482,13759.253333333334,2277.253333333334
23796,24072.216666666667,276.21666666666715
29475,29012.9,462.09999999999854
27381,26912.256666666668,468.743333333332
23554,35791.37666666666,12237.376666666663
14400,27765.61,13365.61
71895,81581.54,9686.539999999994
5918,6308.133333333333,390.1333333333332
59254,58347.056666666664,906.9433333333363
19866,20377.996666666666,511.996666666666
19488,28483.433333333334,8995.433333333334
26500,30511.076666666668,4011.0766666666677
111665,110756.01,908.9900000000052
20122,27123.64,7001.639999999999
165324,159362.49666666667,5961.503333333327
20174,21382.53,1208.5299999999988
40852,40965.16,113.16000000000349
16686,21563.516666666666,4877.516666666666
169913,168519.96,1393.0400000000081
28850,27809.096666666668,1040.9033333333318
46792,43840.44,2951.5599999999977
15568,17931.823333333334,2363.8233333333337
17899,28531.396666666667,10632.396666666667
365680,403891.8566666667,38211.85666666669
31831,33198.54666666667,1367.546666666669
5931,6527.886666666666,596.8866666666663
18209,39200.97666666667,20991.97666666667
301646,277714.36,23931.640000000014
28271,36504.79666666667,8233.796666666669
36392,38767.20333333333,2375.203333333331
23378,24245.073333333334,867.0733333333337
22883,24141.773333333334,1258.7733333333344
28645,28931.323333333334,286.3233333333337
64480,54991.503333333334,9488.496666666666
33604,31299.503333333334,2304.496666666666
152304,148931.70666666667,3372.293333333335
92139,97469.07,5330.070000000007
22091,24607.14,2516.1399999999994
94211,95373.08333333333,1162.0833333333285
11950,24761.66,12811.66
91543,82315.02333333333,9227.97666666667
19974,22941.853333333333,2967.8533333333326
365680,409120.0366666667,43440.03666666668
65135,64156.73,978.2699999999968
23267,24418.316666666666,1151.3166666666657
136703,138611.97666666665,1908.9766666666546
33823,36040.02,2217.019999999997
88943,87005.84666666666,1937.1533333333355
16758,20056.096666666668,3298.096666666668
23000,24773.623333333333,1773.623333333333
33200,20488.226666666666,12711.773333333334
28621,30793.146666666667,2172.1466666666674
16151,12998.473333333333,3152.5266666666666
100000,100347.08,347.08000000000175
7987,15422.183333333332,7435.1833333333325
21232,25197.783333333333,3965.783333333333
28771,35473.556666666664,6702.556666666664
41293,48661.64333333333,7368.643333333333
26125,25346.656666666666,778.3433333333342
34918,34126.066666666666,791.9333333333343
24033,24657.23,624.2299999999996
112323,113988.22333333333,1665.223333333328
100000,98182.87666666666,1817.1233333333366
27381,26987.58,393.41999999999825
272746,270508.93,2237.070000000007
21630,21934.44,304.4399999999987
47500,50133.113333333335,2633.1133333333346
79624,72938.09666666666,6685.9033333333355
224601,196719.87,27881.130000000005
394286,358066.4666666667,36219.533333333326
35809,34047.14666666667,1761.8533333333326
52536,58233.456666666665,5697.456666666665
144802,144827.91666666666,25.916666666656965
113035,110915.3,2119.699999999997
46448,34824.22,11623.779999999999
22104,23640.116666666665,1536.116666666665
15038,15317.33,279.3299999999999
18431,17895.143333333333,535.8566666666666
60568,72920.50333333333,12352.503333333327
29886,31871.996666666666,1985.996666666666
32888,32941.37333333334,53.37333333333663
8333,8719.603333333333,386.60333333333256
29859,28405.716666666667,1453.2833333333328
304978,304561.13666666666,416.86333333334187
27156,28172.35,1016.3499999999985
18750,24055.623333333333,5305.623333333333
30403,36012.81333333333,5609.813333333332
9274,12896.093333333334,3622.093333333334
19296,21265.66,1969.6599999999999
13750,12648.053333333333,1101.9466666666667
72244,80741.28,8497.279999999999
249910,177728.10666666666,72181.89333333334
85962,85290.47666666667,671.5233333333308
34608,43196.823333333334,8588.823333333334
229141,260020.24333333335,30879.243333333347
253729,246428.53666666665,7300.463333333348
17768,18756.556666666667,988.5566666666673
19182,10540.723333333333,8641.276666666667
24862,26660.49,1798.4900000000016
99815,91806.73666666666,8008.263333333336
23451,24002.683333333334,551.6833333333343
17111,17795.96,684.9599999999991
184236,170550.33333333334,13685.666666666657
20687,19472.996666666666,1214.003333333334
26923,25428.653333333332,1494.3466666666682
195328,266071.49,70743.48999999999
19483,26627.58,7144.580000000002
99148,98690.78666666667,457.21333333333314
116902,109183.79666666666,7718.203333333338
7946,15863.27,7917.27
60165,59873.973333333335,291.0266666666648
112295,117291.21666666666,4996.21666666666
252483,257880.95666666667,5397.956666666665
5808,8230.196666666667,2422.1966666666667
314369,200863.56333333332,113505.43666666668
23810,27219.01,3409.0099999999984
50771,40464.556666666664,10306.443333333336
59924,55998.87666666666,3925.1233333333366
16000,16756.16,756.1599999999999
7825,7890.233333333334,65.23333333333358
30708,29894.71,813.2900000000009
31759,32319.1,560.0999999999985
8443,9247.02,804.0200000000004
83920,93395.96,9475.960000000006
157136,154860.56333333332,2275.4366666666756
9820,10048.536666666667,228.53666666666686
9368,14081.24,4713.24
41272,44541.68,3269.6800000000003
17086,24018.906666666666,6932.906666666666
34730,34852.066666666666,122.0666666666657
13006,14596.446666666667,1590.4466666666667
88943,88936.44333333333,6.556666666670935
28457,28129.16,327.84000000000015
282947,287219.20666666667,4272.206666666665
95833,89747.53,6085.470000000001
23724,23100.413333333334,623.5866666666661
117785,117462.22666666667,322.7733333333308
27082,26574.423333333332,507.57666666666773
31775,32481.74,706.7400000000016
9400,9391.466666666667,8.533333333332848
379017,359382.13666666666,19634.863333333342
10996,14384.34,3388.34
22845,38813.886666666665,15968.886666666665
14495,23056.106666666667,8561.106666666667
19466,19752.12,286.119999999999
25406,26933.183333333334,1527.1833333333343
62000,59038.24,2961.760000000002
113363,106543.44,6819.559999999998
24123,24454.74,331.7400000000016
114162,111999.14,2162.8600000000006
52536,56127.79,3591.790000000001
20884,20340.446666666667,543.5533333333333
303275,303039.7,235.29999999998836
12125,12882.02,757.0200000000004
112006,115820.51666666666,3814.516666666663
73940,85066.38,11126.380000000005
103117,68465.38333333333,34651.61666666667
9400,9378.82,21.18000000000029
159364,146779.56666666668,12584.43333333332
13925,34601.223333333335,20676.223333333335
9757,10656.443333333333,899.4433333333327
1281,6925.506666666667,5644.506666666667
11905,38438.18,26533.18
30744,30685.763333333332,58.23666666666759
25468,25547.243333333332,79.24333333333198
37528,38965.253333333334,1437.253333333334
20145,22266.496666666666,2121.496666666666
229878,227973.93333333332,1904.0666666666802
42295,56015.25666666667,13720.256666666668
65567,93809.25,28242.25
28667,29807.173333333332,1140.1733333333323
10319,10418.423333333334,99.42333333333409
66005,66695.26333333334,690.263333333336
270565,267392.68,3172.320000000007
28645,28732.443333333333,87.4433333333327
131429,126649.89666666667,4779.103333333333
33800,34516.04666666667,716.0466666666689
28022,29418.353333333333,1396.3533333333326
168570,140278.8,28291.20000000001
2836,8344.156666666666,5508.156666666666
5797,8352.66,2555.66
19873,21953.756666666668,2080.756666666668
50000,58683.3,8683.300000000003
31158,30828.183333333334,329.8166666666657
46667,46886.37666666666,219.37666666666337
12600,14729.323333333334,2129.3233333333337
313056,296930.61333333334,16125.386666666658
42044,43245.583333333336,1201.5833333333358
12346,15569.606666666667,3223.6066666666666
79360,79601.68,241.67999999999302
30351,29481.753333333334,869.246666666666
111652,112188.69333333333,536.6933333333291
57346,65034.44666666666,7688.446666666663
32261,37771.27,5510.269999999997
16907,19424.873333333333,2517.873333333333
175712,174663.33666666667,1048.6633333333302
33176,32476.06,699.9399999999987
49963,54353.42333333333,4390.423333333332
64431,59445.556666666664,4985.443333333336
14014,15598.68,1584.6800000000003
40349,32028.573333333334,8320.426666666666
9582,11534.363333333333,1952.3633333333328
113065,116092.98333333334,3027.983333333337
27785,29060.833333333332,1275.8333333333321
102939,99025.14333333333,3913.856666666674
250797,258147.01666666666,7350.016666666663
280227,250147.36666666667,30079.63333333333
22387,31464.463333333333,9077.463333333333
40397,49755.27,9358.269999999997
55112,51340.166666666664,3771.8333333333358
8136,8539.3,403.2999999999993
6553,6570.996666666667,17.996666666666897
188103,183790.21,4312.790000000008
84670,80689.67666666667,3980.3233333333337
128834,79627.67333333334,49206.32666666666
8803,8964.13,161.1299999999992
78098,74859.29333333333,3238.706666666665
29735,25878.63,3856.369999999999
79053,95164.57333333333,16111.573333333334
6171,6792.556666666666,621.5566666666664
30498,44873.78666666667,14375.786666666667
6920,7676.383333333333,756.3833333333332
30010,30491.613333333335,481.6133333333346
44631,44859.31,228.30999999999767
19385,19930.39,545.3899999999994
49640,50502.63333333333,862.6333333333314
106667,103852.16,2814.8399999999965
53409,53152.54666666667,256.4533333333311
8276,13847.28,5571.280000000001
140432,139916.71666666667,515.2833333333256
245277,240434.03,4842.970000000001
152304,150848.47333333333,1455.526666666672
22883,29106.706666666665,6223.706666666665
135000,102188.06,32811.94
67857,67221.49666666667,635.5033333333267
12699,13736.11,1037.1100000000006
17170,15275.996666666666,1894.003333333334
107450,111495.01666666666,4045.016666666663
1320,3778.88,2458.88
15533,15718.713333333333,185.71333333333314
18803,19793.133333333335,990.133333333335
47517,55100.59333333333,7583.5933333333305
47544,55348.11666666667,7804.116666666669
7200,14722.063333333334,7522.0633333333335
68022,68171.46666666666,149.46666666665988
67703,67960.49333333333,257.493333333332
35111,62418.92333333333,27307.923333333332
35818,42511.16333333333,6693.16333333333
266276,242270.92666666667,24005.073333333334
38191,41751.66,3560.6600000000035
121763,117279.69666666667,4483.30333333333
73441,80092.64333333333,6651.643333333326
262966,261180.35333333333,1785.6466666666674
200786,184196.19,16589.809999999998
104326,85171.34333333334,19154.656666666662
2415,12853.086666666666,10438.086666666666
32333,30608.16,1724.8400000000001
23940,23865.993333333332,74.00666666666802
24824,19067.753333333334,5756.246666666666
333333,295717.38,37615.619999999995
218925,216793.95333333334,2131.0466666666616
16610,18724.82,2114.8199999999997
52250,50391.82666666667,1858.1733333333323
28805,28569.35,235.65000000000146
100000,95128.72,4871.279999999999
16168,17352.426666666666,1184.4266666666663
166681,149904.95,16776.04999999999
11540,20359.136666666665,8819.136666666665
47052,47613.99,561.989999999998
49571,41625.486666666664,7945.513333333336
164604,162269.36333333334,2334.636666666658
29789,29864.503333333334,75.50333333333401
22222,23191.883333333335,969.883333333335
162720,161058.3,1661.7000000000116
110413,101150.90666666666,9262.093333333338
141371,135815.89,5555.109999999986
27500,27457.81333333333,42.186666666668316
110445,116057.94,5612.940000000002
15000,13947.253333333334,1052.746666666666
176673,176651.75666666665,21.243333333346527
25901,26059.756666666668,158.75666666666802
45412,44718.64333333333,693.3566666666666
15286,17961.616666666665,2675.616666666665
58217,78518.42,20301.42
101661,97449.43333333333,4211.566666666666
34182,32366.4,1815.5999999999985
186165,176882.72,9282.279999999999
29281,33200.75666666667,3919.756666666668
277578,272857.31333333335,4720.6866666666465
218059,206690.18666666668,11368.813333333324
90907,88824.87666666666,2082.1233333333366
34669,37934.26666666667,3265.26666666667
165820,160133.09,5686.9100000000035
140432,140995.53333333333,563.5333333333256
20909,15809.86,5099.139999999999
30000,32428.103333333333,2428.1033333333326
120019,119787.88,231.11999999999534
79412,87624.53333333334,8212.53333333334
64130,58870.2,5259.800000000003
347368,268962.6666666667,78405.33333333331
84888,105222.57666666666,20334.57666666666
54776,56112.85666666667,1336.8566666666666
88000,81728.21,6271.789999999994
16359,28462.12,12103.119999999999
55067,111418.94666666667,56351.94666666667
26092,26112.823333333334,20.82333333333372
18534,18658.77,124.77000000000044
71298,75093.92333333334,3795.9233333333395
10734,10650.846666666666,83.15333333333365
9292,18666.75,9374.75
22000,25714.423333333332,3714.4233333333323
128177,123579.32333333333,4597.676666666666
16352,16381.136666666667,29.136666666667224
236013,237931.45666666667,1918.4566666666651
10209,10427.486666666666,218.48666666666577
34481,33199.49333333333,1281.506666666668
19488,28483.433333333334,8995.433333333334
162061,159864.37666666668,2196.623333333322
10000,11947.606666666667,1947.6066666666666
20802,24177.78,3375.779999999999
33246,29922.303333333333,3323.6966666666667
89767,62088.043333333335,27678.956666666665
13548,15568.436666666666,2020.4366666666665
8947,8966.943333333333,19.943333333332703
7197,7012.2266666666665,184.77333333333354
146090,144946.35,1143.6499999999942
192204,178202.72666666665,14001.273333333345
16994,37709.79666666667,20715.79666666667
36508,28582.23,7925.77
88943,87806.97333333333,1136.026666666672
134815,131561.26333333334,3253.736666666664
37525,43273.72666666667,5748.726666666669
88368,85660.36333333333,2707.6366666666727
29475,29260.893333333333,214.10666666666657
19811,25822.35,6011.3499999999985
36391,33902.85666666667,2488.1433333333334
146082,180923.65666666668,34841.65666666668
16366,16998.713333333333,632.7133333333331
190627,166581.18,24045.820000000007
110616,101410.3,9205.699999999997
64479,69984.39,5505.389999999999
26926,28720.623333333333,1794.623333333333
21899,23209.9,1310.9000000000015
60236,58294.09,1941.9100000000035
120628,117738.56666666667,2889.4333333333343
285425,249133.53333333333,36291.466666666674
83263,81219.96333333333,2043.0366666666669
23876,24623.02666666667,747.0266666666685
5000,8694.07,3694.0699999999997
7292,14149.543333333333,6857.543333333333
77137,69268.36333333333,7868.636666666673
15004,15033.14,29.139999999999418
97500,102511.12333333334,5011.123333333337
12949,15281.683333333332,2332.6833333333325
63580,94233.85333333333,30653.853333333333
131092,122634.09333333334,8457.906666666662
98387,96616.39,1770.6100000000006
83614,94763.08666666667,11149.08666666667
56077,52374.81,3702.1900000000023
21632,21487.55,144.45000000000073
62500,69028.46,6528.460000000006
306736,303389.52,3346.4799999999814
177016,170219.21333333335,6796.786666666652
288984,269009.18,19974.820000000007
263272,255055.15666666668,8216.843333333323
153532,148942.41666666666,4589.583333333343
36070,35817.793333333335,252.20666666666511
92593,87649.65333333334,4943.3466666666645
6513,12599.036666666667,6086.036666666667
8592,8825.68,233.6800000000003
114898,109777.41333333333,5120.58666666667
141084,140350.70666666667,733.2933333333349
15057,15079.736666666666,22.73666666666577
26921,31660.413333333334,4739.413333333334
159649,158501.25666666665,1147.7433333333465
100000,117383.78,17383.78
38181,41994.92,3813.9199999999983
101504,99502.07,2001.929999999993
13390,20785.036666666667,7395.036666666667
35182,38670.12333333334,3488.1233333333366
87665,82415.65666666666,5249.343333333338
160294,160664.37,370.36999999999534
20325,22444.796666666665,2119.7966666666653
113547,101292.84333333334,12254.156666666662
172414,164514.30333333334,7899.696666666656
24907,27818.986666666668,2911.9866666666676
77765,75213.44,2551.5599999999977
35111,61600.96,26489.96
112766,110488.7,2277.300000000003
36000,33210.443333333336,2789.5566666666637
45660,44996.69,663.3099999999977
10121,10082.323333333334,38.67666666666628
249602,229233.77666666667,20368.223333333328
113547,102101.20666666667,11445.793333333335
126010,129517.41666666667,3507.4166666666715
64163,64582.2,419.1999999999971
30762,30898.036666666667,136.03666666666686
82814,86085.06,3271.0599999999977
32129,31064.19,1064.8100000000013
58203,53477.496666666666,4725.503333333334
23378,24091.806666666667,713.8066666666673
68966,59456.25666666667,9509.743333333332
41706,52018.67,10312.669999999998
42121,43419.83,1298.8300000000017
19737,40983.53,21246.53
43520,50382.166666666664,6862.166666666664
54255,55268.753333333334,1013.753333333334
14854,14932.43,78.43000000000029
84609,84284.49333333333,324.506666666668
13206,11360.45,1845.5499999999993
18167,17906.153333333332,260.84666666666817
15764,17385.08,1621.0800000000017
67290,69018.95333333334,1728.9533333333384
346237,288004.58,58232.419999999984
31214,32257.95,1043.9500000000007
139290,127529.0,11761.0
199050,203236.07666666666,4186.0766666666605
50153,49762.206666666665,390.7933333333349
73539,77967.96666666666,4428.96666666666
100000,100511.21333333333,511.21333333333314
118514,113754.66666666667,4759.3333333333285
15013,16933.153333333332,1920.1533333333318
44042,46128.21333333333,2086.213333333333
110214,102557.43,7656.570000000007
115387,124811.95,9424.949999999997
343433,342142.0,1291.0
27606,39741.6,12135.599999999999
23724,23142.93,581.0699999999997
29712,31710.256666666668,1998.256666666668
133171,132474.31666666668,696.6833333333198
26817,28868.01,2051.0099999999984
321625,324506.54333333333,2881.543333333335
68850,76792.23666666666,7942.236666666664
38223,34178.333333333336,4044.6666666666642
12857,11786.426666666666,1070.5733333333337
242315,225914.43666666668,16400.563333333324
270526,171614.16,98911.84
187394,162000.10666666666,25393.89333333334
91413,88239.11,3173.8899999999994
80716,80207.67333333334,508.32666666666046
18489,15176.36,3312.6399999999994
169913,167407.90666666668,2505.0933333333232
340000,329905.79,10094.210000000021
8947,9345.11,398.1100000000006
90385,86490.83333333333,3894.1666666666715
210314,207558.92666666667,2755.0733333333337
4712,7732.456666666667,3020.456666666667
183335,165332.27,18002.73000000001
15884,16395.286666666667,511.28666666666686
20238,24316.076666666668,4078.0766666666677
25480,21028.02,4451.98
25000,26474.696666666667,1474.6966666666667
61474,60336.316666666666,1137.6833333333343
24000,21293.866666666665,2706.133333333335
28738,28720.66,17.340000000000146
47217,45492.34333333333,1724.6566666666695
25557,28115.47333333333,2558.4733333333315
99314,99949.87666666666,635.8766666666634
199299,197554.95333333334,1744.0466666666616
24852,25903.77,1051.7700000000004
91667,87417.79666666666,4249.203333333338
27333,35645.85666666667,8312.856666666667
22912,23003.093333333334,91.09333333333416
24033,24338.58,305.58000000000175
247725,230331.66,17393.339999999997
15711,16590.36,879.3600000000006
228648,234808.08,6160.079999999987
102177,91181.8,10995.199999999997
200600,207004.67666666667,6404.676666666666
236046,201105.73666666666,34940.263333333336
12868,12271.126666666667,596.873333333333
155252,140552.11333333334,14699.886666666658
7011,17223.523333333334,10212.523333333334
23497,22532.85,964.1500000000015
23796,25454.35,1658.3499999999985
6920,6979.95,59.94999999999982
80475,83627.36666666667,3152.3666666666686
217530,215425.93333333332,2104.0666666666802
5681,8004.26,2323.26
199165,202804.27666666667,3639.276666666672
96667,99096.68333333333,2429.6833333333343
67703,65073.63333333333,2629.3666666666686
92123,101252.56333333334,9129.563333333339
27273,28255.663333333334,982.6633333333339
14206,20632.61,6426.610000000001
7968,8068.876666666667,100.876666666667
109417,105344.84333333334,4072.156666666662
57885,66902.04333333333,9017.043333333335
10032,14270.02,4238.02
13310,10663.87,2646.129999999999
24140,30687.106666666667,6547.106666666667
56258,59954.62333333334,3696.6233333333366
302133,293369.94333333336,8763.056666666642
21998,21719.02666666667,278.97333333333154
54030,88056.17,34026.17
8149,11943.34,3794.34
25858,26309.16,451.15999999999985
23796,26012.616666666665,2216.616666666665
185676,179307.90333333332,6368.096666666679
28457,29004.333333333332,547.3333333333321
234388,241627.61666666667,7239.616666666669
103690,93995.58666666667,9694.41333333333
130913,122473.9,8439.100000000006
14013,22836.583333333332,8823.583333333332
325935,394863.7966666667,68928.79666666669
65876,55557.37333333334,10318.626666666663
8714,11293.17,2579.17
94939,93999.08666666667,939.9133333333302
33846,80692.79333333333,46846.793333333335
8235,8526.136666666667,291.1366666666672
437856,411440.98333333334,26415.016666666663
7624,7712.866666666667,88.86666666666679
21632,21496.873333333333,135.126666666667
25189,22715.19,2473.8100000000013
142029,117124.68,24904.320000000007
40590,40293.706666666665,296.2933333333349
287821,271387.01,16433.98999999999
15591,20976.59,5385.59
91427,83587.70666666667,7839.293333333335
94450,93216.15666666666,1233.8433333333378
28930,28210.573333333334,719.4266666666663
50719,68183.20333333334,17464.20333333334
145819,135887.99,9931.01000000001
120150,120788.44666666667,638.4466666666704
34544,33305.573333333334,1238.4266666666663
247137,192542.24666666667,54594.75333333333
31775,32864.193333333336,1089.1933333333363
39530,41883.916666666664,2353.9166666666642
198359,184550.93333333332,13808.06666666668
27103,38214.49333333333,11111.493333333332
16133,18648.27666666667,2515.2766666666685
9689,11149.94,1460.9400000000005
91471,88990.50666666667,2480.493333333332
61011,63998.44,2987.4400000000023
24111,29148.33,5037.330000000002
65841,68055.38,2214.3800000000047
42373,35649.68,6723.32
221117,223582.59666666668,2465.596666666679
25401,35201.06,9800.059999999998
25083,28974.68666666667,3891.6866666666683
221117,228788.19,7671.190000000002
83149,68435.34666666666,14713.653333333335
16348,45278.66,28930.660000000003
141084,138878.74,2205.2600000000093
45571,53885.80333333334,8314.803333333337
127453,128030.25666666667,577.256666666668
23020,22267.75,752.25
9406,18656.47333333333,9250.473333333332
33691,34414.543333333335,723.5433333333349
10209,10697.543333333333,488.54333333333307
21323,27778.416666666668,6455.416666666668
58268,64824.833333333336,6556.833333333336
94532,96342.40333333334,1810.4033333333355
15195,16203.163333333334,1008.1633333333339
15272,12847.596666666666,2424.4033333333336
175712,174818.7,893.2999999999884
31941,40346.083333333336,8405.083333333336
13330,13167.846666666666,162.15333333333365
1541,8733.916666666666,7192.916666666666
14854,16462.243333333332,1608.243333333332
38260,38238.596666666665,21.403333333335468
27132,27746.1,614.0999999999985
196487,199365.48333333334,2878.483333333337
7778,10410.673333333334,2632.673333333334
11818,17942.95,6124.950000000001
20547,29874.57,9327.57
41271,41083.02333333333,187.9766666666692
22831,17072.53,5758.470000000001
24140,30323.45,6183.450000000001
74000,69803.41666666667,4196.5833333333285
19452,20022.623333333333,570.623333333333
37084,33368.76,3715.239999999998
44691,43839.886666666665,851.1133333333346
20167,19752.27666666667,414.72333333333154
218925,219010.45333333334,85.45333333333838
16404,24266.52,7862.52
294691,292190.88333333336,2500.1166666666395
11915,12588.446666666667,673.4466666666667
11930,27745.0,15815.0
224601,204729.66,19871.339999999997
19575,32021.833333333332,12446.833333333332
318249,271716.14,46532.859999999986
182175,169513.9,12661.100000000006
41773,87892.79333333333,46119.793333333335
33823,35486.87,1663.8700000000026
22949,25430.44,2481.4399999999987
25456,31432.63,5976.630000000001
100750,90580.63333333333,10169.366666666669
111840,108514.39333333333,3325.606666666674
218597,201452.84666666668,17144.15333333332
55463,59911.956666666665,4448.956666666665
188160,186800.59666666668,1359.403333333321
15787,16081.993333333334,294.9933333333338
73667,66791.71666666666,6875.28333333334
149024,147091.93333333332,1932.0666666666802
69563,63626.59333333333,5936.4066666666695
29378,28376.04,1001.9599999999991
27922,42993.95,15071.949999999997
119046,142017.37333333332,22971.373333333322
270436,271599.00333333336,1163.0033333333558
23256,31636.283333333333,8380.283333333333
66667,63941.026666666665,2725.973333333335
43446,38773.69,4672.309999999998
106243,100207.68666666666,6035.313333333339
21975,24452.226666666666,2477.2266666666656
25901,26808.433333333334,907.4333333333343
4731,31271.77666666667,26540.77666666667
37900,24523.316666666666,13376.683333333334
50653,46134.293333333335,4518.706666666665
28226,28911.986666666668,685.9866666666676
121926,120631.53333333334,1294.4666666666599
25590,26240.85,650.8499999999985
58248,66121.25333333333,7873.253333333327
88003,78823.76333333334,9179.236666666664
21333,23385.203333333335,2052.2033333333347
63110,59603.073333333334,3506.9266666666663
47857,46983.13,873.8700000000026
14014,15120.173333333334,1106.173333333334
8667,8437.293333333333,229.70666666666693
9092,8677.65,414.35000000000036
24388,25256.953333333335,868.9533333333347
98663,108117.13,9454.130000000005
71630,71476.94666666667,153.05333333332965
138298,137724.02,573.9800000000105
7624,7805.723333333333,181.72333333333336
10445,10546.796666666667,101.79666666666708
17791,22626.56,4835.560000000001
44631,44172.07666666667,458.92333333333227
62188,61541.62,646.3799999999974
30142,28227.003333333334,1914.996666666666
171042,159608.53333333333,11433.466666666674
10000,9136.603333333333,863.3966666666674
175233,182545.76,7312.760000000009
27182,36406.91333333333,9224.91333333333
35822,32392.3,3429.7000000000007
17150,17121.3,28.700000000000728
147498,129275.55,18222.449999999997
133367,147677.7,14310.700000000012
12983,11975.713333333333,1007.2866666666669
38088,34402.846666666665,3685.1533333333355
153432,154048.94,616.9400000000023
65000,76655.56,11655.559999999998
36899,41927.11666666667,5028.116666666669
101411,102339.33666666667,928.3366666666698
304856,305686.1666666667,830.1666666666861
82609,81786.64333333333,822.3566666666738
21657,22257.79,600.7900000000009
21290,23433.81333333333,2143.8133333333317
51247,52477.78666666667,1230.7866666666669
64750,64278.79,471.2099999999991
113070,108624.58333333333,4445.4166666666715
16791,22460.496666666666,5669.496666666666
156474,156299.49,174.5100000000093
51316,50394.94,921.0599999999977
322204,321827.32,376.679999999993
10244,17851.493333333332,7607.493333333332
62000,56079.4,5920.5999999999985
17791,21440.383333333335,3649.383333333335
30228,31190.893333333333,962.8933333333334
124090,95301.78333333334,28788.21666666666
83453,81137.91333333333,2315.0866666666698
21429,17103.336666666666,4325.663333333334
6203,6602.633333333333,399.6333333333332
169913,168772.85333333333,1140.1466666666674
5972,9959.846666666666,3987.8466666666664
103053,103830.61,777.6100000000006
67718,62812.65666666667,4905.3433333333305
50069,49024.59,1044.4100000000035
17554,18998.06,1444.0600000000013
49802,48467.27333333333,1334.7266666666692
21520,19172.9,2347.0999999999985
23600,25490.496666666666,1890.496666666666
241843,246439.30333333334,4596.303333333344
180917,149123.60333333333,31793.396666666667
24344,46495.83666666667,22151.83666666667
20802,26926.26,6124.259999999998
51031,51131.60333333333,100.60333333333256
11765,16770.3,5005.299999999999
14614,18261.023333333334,3647.0233333333344
333333,305911.14666666667,27421.853333333333
8454,13187.103333333333,4733.103333333333
14218,15496.216666666667,1278.2166666666672
18000,22562.896666666667,4562.896666666667
153007,159370.51333333334,6363.513333333336
43487,43952.37666666666,465.37666666666337
217530,213332.82,4197.179999999993
14225,17849.266666666666,3624.2666666666664
91353,86779.00333333333,4573.996666666673
33800,33533.723333333335,266.2766666666648
162351,163442.54666666666,1091.5466666666616
112584,110533.66,2050.3399999999965
32924,32157.17,766.8300000000017
28303,28603.133333333335,300.13333333333503
173554,160890.54666666666,12663.453333333338
88943,86552.29333333333,2390.706666666665
183627,183382.18,244.82000000000698
12879,24096.263333333332,11217.263333333332
24852,25494.73,642.7299999999996
20195,29405.16,9210.16
7901,9311.433333333332,1410.4333333333325
32139,32740.54,601.5400000000009
94481,90423.11333333333,4057.8866666666727
17922,19196.976666666666,1274.9766666666656
89098,92507.16333333333,3409.1633333333302
152748,150473.14333333334,2274.8566666666593
390936,377930.9733333333,13005.026666666672
13204,19345.47333333333,6141.4733333333315
25539,29254.26,3715.2599999999984
230430,229606.83,823.1700000000128
212942,193024.75333333333,19917.246666666673
80028,82168.74666666667,2140.7466666666733
55127,54599.62333333334,527.3766666666634
248299,246554.48666666666,1744.513333333336
15927,20157.146666666667,4230.146666666667
12949,17215.573333333334,4266.573333333334
41271,41802.84,531.8399999999965
108079,131099.20666666667,23020.206666666665
13694,20104.823333333334,6410.823333333334
36909,36491.73,417.2699999999968
18510,18937.52666666667,427.52666666666846
5990,7235.6466666666665,1245.6466666666665
306736,292248.00333333336,14487.996666666644
29408,31341.89,1933.8899999999994
8011,7919.926666666666,91.07333333333372
57968,56440.2,1527.800000000003
66667,64172.693333333336,2494.3066666666637
23199,23159.583333333332,39.41666666666788
233257,214356.57666666666,18900.42333333334
227606,226899.48,706.5199999999895
40444,44777.426666666666,4333.426666666666
90909,102474.61666666667,11565.616666666669
29859,30673.763333333332,814.7633333333324
19073,20524.42,1451.4199999999983
172745,164351.77666666667,8393.223333333328
17111,17757.52,646.5200000000004
37352,53130.346666666665,15778.346666666665
15572,23388.153333333332,7816.153333333332
54145,77437.34666666666,23292.346666666665
42689,39907.83666666667,2781.1633333333302
31538,31559.846666666668,21.84666666666817
5681,5726.09,45.090000000000146
120628,120695.0,67.0
31169,31131.61,37.38999999999942
7671,17342.76,9671.759999999998
248610,249327.13333333333,717.1333333333314
36131,36021.57,109.43000000000029
6601,7793.016666666666,1192.0166666666664
14903,14524.69,378.3099999999995
16585,16078.3,506.7000000000007
162540,160222.44666666666,2317.553333333344
29317,29355.88,38.88000000000102
250797,241202.82,9594.179999999993
14319,20762.97333333333,6443.9733333333315
253007,135515.06,117491.94
43446,42319.88,1126.1200000000026
135853,178083.7,42230.70000000001
22881,25828.93,2947.9300000000003
32368,40396.94666666666,8028.946666666663
14563,14557.18,5.819999999999709
228356,210206.11,18149.890000000014
107337,101561.10333333333,5775.896666666667
164101,163342.09,758.9100000000035
36909,36840.653333333335,68.34666666666453
19450,19165.713333333333,284.28666666666686
33588,37899.503333333334,4311.503333333334
88477,88055.84,421.1600000000035
191018,188542.33666666667,2475.6633333333302
36651,35206.52333333333,1444.4766666666692
59138,50286.61,8851.39
32196,36611.026666666665,4415.026666666665
33691,33960.21333333333,269.21333333333314
199939,169668.44,30270.559999999998
83453,81326.72333333333,2126.276666666672
7203,10638.953333333333,3435.953333333333
40970,53469.43,12499.43
24828,25827.403333333332,999.4033333333318
90080,89406.32333333333,673.6766666666663
84823,84273.86,549.1399999999994
251652,185692.22666666665,65959.77333333335
8222,9518.773333333333,1296.7733333333326
29310,26731.506666666668,2578.493333333332
32599,38155.223333333335,5556.223333333335
18000,21743.093333333334,3743.093333333334
115000,108732.64,6267.360000000001
23020,23034.826666666668,14.826666666667734
30000,26676.966666666667,3323.033333333333
123473,123027.0,446.0
5730,7400.263333333333,1670.2633333333333
30164,42580.31333333333,12416.313333333332
8947,9646.22,699.2199999999993
241821,243367.22666666665,1546.2266666666546
125305,125447.93666666666,142.93666666666104
34472,31148.886666666665,3323.1133333333346
230430,226602.89,3827.109999999986
30559,42124.75666666667,11565.756666666668
25321,28487.616666666665,3166.616666666665
67712,63893.66333333333,3818.3366666666698
13456,21253.413333333334,7797.413333333334
22255,24890.14,2635.1399999999994
39321,29995.303333333333,9325.696666666667
10319,10319.526666666667,0.5266666666666424
28457,28175.826666666668,281.17333333333227
25901,26139.53,238.52999999999884
23187,22998.86,188.13999999999942
105267,105066.28,200.72000000000116
12361,13146.233333333334,785.2333333333336
6193,10000.36,3807.3600000000006
110000,123576.11,13576.11
23796,24201.73,405.72999999999956
21632,21804.303333333333,172.30333333333328
91471,89001.96,2469.0399999999936
31165,40561.323333333334,9396.323333333334
31329,36735.986666666664,5406.986666666664
251423,243274.51333333334,8148.486666666664
186443,185390.2,1052.7999999999884
15178,21669.81,6491.810000000001
262035,242678.59666666668,19356.40333333332
7642,18228.41,10586.41
22189,27117.9,4928.9000000000015
17190,17789.016666666666,599.0166666666664
122330,121520.55333333333,809.4466666666704
8947,9012.786666666667,65.78666666666686
70139,72197.06666666667,2058.0666666666657
30142,29460.56,681.4399999999987
16986,17711.43,725.4300000000003
212986,203247.36333333334,9738.636666666658
15013,15824.343333333334,811.3433333333342
346081,327132.33,18948.669999999984
9437,9834.24,397.2399999999998
36394,39877.13,3483.1299999999974
11681,19870.656666666666,8189.656666666666
23336,19316.546666666665,4019.4533333333347
146090,144206.85333333333,1883.1466666666674
29319,50796.56,21477.559999999998
57689,63135.75,5446.75
60833,51478.89,9354.11
104038,102970.25666666667,1067.743333333332
32368,36836.54,4468.540000000001
14708,26851.273333333334,12143.273333333334
50663,50770.24,107.23999999999796
66168,73139.59666666666,6971.5966666666645
27079,27262.376666666667,183.376666666667
15318,16809.403333333332,1491.4033333333318
200936,164047.82666666666,36888.17333333334
27897,27963.09,66.09000000000015
181048,176455.76333333334,4592.236666666664
61219,62964.87666666666,1745.8766666666634
78091,74019.14,4071.8600000000006
119102,137869.10333333333,18767.103333333333
14235,15587.486666666666,1352.4866666666658
25617,30367.27666666667,4750.2766666666685
21211,22569.54,1358.5400000000009
28133,27897.31,235.6899999999987
54288,54214.35,73.65000000000146
135418,127888.75333333333,7529.246666666673
30391,34613.666666666664,4222.666666666664
10209,11018.06,809.0599999999995
18063,18654.946666666667,591.9466666666667
93071,85140.7,7930.300000000003
43879,43817.263333333336,61.73666666666395
23533,22896.916666666668,636.0833333333321
159470,130056.42333333334,29413.57666666666
73838,75174.43666666666,1336.436666666661
385434,355588.51666666666,29845.483333333337
19316,24675.91,5359.91
25901,26130.676666666666,229.67666666666628
185891,185019.7,871.2999999999884
37852,45934.64333333333,8082.643333333333
167204,127069.08333333333,40134.91666666667
11202,17307.483333333334,6105.483333333334
38052,41993.71333333333,3941.713333333333
18334,19274.783333333333,940.7833333333328
118750,129391.11666666667,10641.116666666669
92141,92399.32,258.320000000007
344391,287769.67333333334,56621.32666666666
61673,62225.113333333335,552.1133333333346
153378,156451.48666666666,3073.486666666664
29181,31963.64,2782.6399999999994
136343,133843.62,2499.3800000000047
31028,26622.996666666666,4405.003333333334
109463,101411.25666666667,8051.743333333332
24852,26014.856666666667,1162.8566666666666
16015,18452.2,2437.2000000000007
93753,90723.54333333333,3029.456666666665
96703,112323.28333333334,15620.28333333334
85744,85434.70666666667,309.2933333333349
65505,65865.67666666667,360.6766666666663
37503,48813.68666666667,11310.686666666668
18118,18306.49,188.4900000000016
194038,187893.71666666667,6144.283333333326
31873,36462.09,4589.0899999999965
20238,24200.7,3962.7000000000007
258890,257093.38666666666,1796.6133333333419
11889,20316.446666666667,8427.446666666667
12914,30473.153333333332,17559.153333333332
16191,19689.993333333332,3498.993333333332
40056,34507.21333333333,5548.786666666667
174848,170944.58333333334,3903.416666666657
55287,55359.03666666667,72.03666666666686
91084,91559.88,475.88000000000466
26155,27021.756666666668,866.756666666668
29071,29071.0,0.0
12342,38168.19,25826.190000000002
168178,167106.93,1071.070000000007
23940,24300.363333333335,360.3633333333346
49864,54128.38333333333,4264.383333333331
15156,23116.553333333333,7960.553333333333
4159,11984.55,7825.549999999999
134815,132247.72333333333,2567.276666666672
12968,21387.983333333334,8419.983333333334
28453,53295.50666666667,24842.506666666668
385434,353510.87333333335,31923.12666666665
83453,81019.72666666667,2433.273333333331
42989,48120.65,5131.6500000000015
74208,84144.67666666667,9936.676666666666
277258,276023.62333333335,1234.3766666666488
31538,33086.253333333334,1548.253333333334
17975,20466.853333333333,2491.8533333333326
14235,14539.38,304.3799999999992
17136,24745.513333333332,7609.513333333332
7639,8672.703333333333,1033.703333333333
4512,23847.586666666666,19335.586666666666
20469,36439.573333333334,15970.573333333334
47145,75240.22,28095.22
31759,32327.283333333333,568.2833333333328
12627,12495.116666666667,131.8833333333332
12351,12083.45,267.5499999999993
134795,134123.43,671.570000000007
116500,102738.04666666666,13761.953333333338
141176,137115.88333333333,4060.1166666666686
21731,22957.323333333334,1226.3233333333337
186443,184879.51,1563.4899999999907
96078,92253.17333333334,3824.8266666666605
90024,98222.86333333333,8198.863333333327
70170,69321.65333333334,848.3466666666645
192973,188231.79,4741.209999999992
30081,30187.406666666666,106.40666666666584
241020,221947.1,19072.899999999994
23429,27067.226666666666,3638.2266666666656
15927,25606.17,9679.169999999998
35965,36608.236666666664,643.236666666664
20997,22575.546666666665,1578.5466666666653
117588,118714.56666666667,1126.5666666666657
330734,319277.37666666665,11456.623333333351
26195,27518.833333333332,1323.8333333333321
435194,418707.37,16486.630000000005
116314,115427.58,886.4199999999983
26088,34814.14,8726.14
28116,34478.20333333333,6362.203333333331
385434,358315.9166666667,27118.083333333314
27522,26780.596666666668,741.4033333333318
11998,12414.41,416.40999999999985
30987,37080.39666666667,6093.396666666667
28645,28120.873333333333,524.126666666667
27501,31449.416666666668,3948.416666666668
96634,100757.95666666667,4123.956666666665
75795,69195.40333333334,6599.5966666666645
44619,47843.74,3224.739999999998
7602,7746.803333333333,144.80333333333328
331543,302784.42,28758.580000000016
483955,417849.68,66105.32
27273,27973.73,700.7299999999996
84850,84620.64333333333,229.35666666667385
35023,33982.79,1040.2099999999991
220116,206481.15333333332,13634.846666666679
122955,123501.25666666667,546.256666666668
109463,104241.34333333334,5221.656666666662
8088,15311.013333333334,7223.013333333334
15178,17695.35,2517.3499999999985
47704,43374.39,4329.610000000001
15000,16947.64,1947.6399999999994
33864,50194.16333333333,16330.16333333333
241020,227121.07,13898.929999999993
220000,198133.40666666668,21866.593333333323
38763,37228.32666666667,1534.6733333333323
335407,329413.5466666667,5993.453333333309
477612,453990.1,23621.900000000023
13681,15418.923333333334,1737.923333333334
31169,30472.233333333334,696.7666666666664
188103,184547.32,3555.679999999993
15156,21446.706666666665,6290.706666666665
277576,281001.07666666666,3425.0766666666605
16412,17559.46,1147.4599999999991
9054,10287.4,1233.3999999999996
69712,74536.2,4824.199999999997
19380,22720.33,3340.3300000000017
192204,177041.56666666668,15162.43333333332
16322,19298.126666666667,2976.126666666667
107832,98629.32666666666,9202.67333333334
101000,100171.37,828.6300000000047
39830,39706.136666666665,123.8633333333346
15420,19013.11,3593.1100000000006
121174,118112.71333333333,3061.286666666667
91823,89118.16666666667,2704.8333333333285
15013,18386.64,3373.6399999999994
21275,21845.976666666666,570.9766666666656
3343,7173.9,3830.8999999999996
49592,48337.18666666667,1254.8133333333317
30000,30156.46,156.45999999999913
8592,9026.94,434.9400000000005
90966,95627.12666666666,4661.126666666663
11852,13110.25,1258.25
25328,26224.676666666666,896.6766666666663
78479,69204.7,9274.300000000003
59403,65480.55,6077.550000000003
10416,16672.576666666668,6256.576666666668
31538,31694.076666666668,156.07666666666773
27882,26809.836666666666,1072.1633333333339
252815,244923.91333333333,7891.08666666667
7825,7966.066666666667,141.0666666666666
6264,7000.21,736.21
37418,40178.58,2760.5800000000017
19487,25001.633333333335,5514.633333333335
21511,56086.37,34575.37
8432,11145.85,2713.8500000000004
28850,28015.43666666667,834.5633333333317
192973,189855.96,3117.040000000008
190845,187558.72333333333,3286.276666666672
36993,34254.003333333334,2738.996666666666
45223,53439.68,8216.68
183333,149628.12666666668,33704.87333333332
100819,120774.23333333334,19955.233333333337
134109,122786.78,11322.220000000001
27591,35303.70333333333,7712.703333333331
90909,95728.15333333334,4819.1533333333355
10734,11110.83,376.8299999999999
5924,8384.976666666667,2460.9766666666674
24615,29588.113333333335,4973.113333333335
21193,31015.126666666667,9822.126666666667
57983,61681.863333333335,3698.8633333333346
269087,268480.2966666667,606.7033333333093
22199,26054.02666666667,3855.0266666666685
13980,13190.153333333334,789.8466666666664
7647,12460.513333333334,4813.513333333334
17922,20918.673333333332,2996.6733333333323
11027,12592.603333333333,1565.6033333333326
118000,113099.54,4900.460000000006
51163,74664.13666666667,23501.136666666673
91667,88488.09,3178.9100000000035
142405,132621.06666666668,9783.93333333332
84821,112585.10333333333,27764.103333333333
91615,85894.35,5720.649999999994
26098,30075.84,3977.84
30914,55487.72,24573.72
312107,302681.2233333333,9425.776666666672
10000,9346.676666666666,653.3233333333337
70897,60473.09333333333,10423.90666666667
33671,36568.65666666667,2897.6566666666695
55543,48174.9,7368.0999999999985
31873,17866.37,14006.630000000001
13390,20346.076666666668,6956.076666666668
59924,55163.56,4760.440000000002
18084,22713.65,4629.6500000000015
68194,69978.34666666666,1784.3466666666645
13530,13464.253333333334,65.74666666666599
6587,10359.65,3772.6499999999996
7602,9111.726666666667,1509.7266666666674
3998,8990.816666666668,4992.8166666666675
30385,31289.78,904.7799999999988
45652,47780.863333333335,2128.8633333333346
107672,100627.82333333333,7044.176666666666
166159,160565.09666666668,5593.903333333321
22091,23777.28,1686.2799999999988
48502,48898.45333333333,396.4533333333311
94599,91186.46666666666,3412.53333333334
15989,19602.213333333333,3613.213333333333
162540,161255.50666666665,1284.4933333333465
7825,7808.04,16.960000000000036
109231,98466.62333333334,10764.376666666663
16807,16844.133333333335,37.13333333333503
60459,57114.16333333333,3344.8366666666698
14916,15314.57,398.5699999999997
24514,26863.816666666666,2349.8166666666657
5789,14997.543333333333,9208.543333333333
40000,56095.12666666666,16095.126666666663
9000,10961.93,1961.9300000000003
32771,33454.49,683.489999999998
19855,27135.713333333333,7280.713333333333
6051,6000.0,51.0
188091,187885.32,205.67999999999302
48788,77672.23,28884.229999999996
93985,88003.89,5981.110000000001
8717,9531.356666666667,814.3566666666666
39716,61850.33,22134.33
24784,30656.72,5872.720000000001
5952,8224.87,2272.870000000001
272746,271912.19666666666,833.8033333333442
94599,92915.08,1683.9199999999983
36909,36462.443333333336,446.55666666666366
164101,163651.34333333332,449.65666666667676
25334,28040.766666666666,2706.7666666666664
36909,36270.456666666665,638.5433333333349
63540,73086.33333333333,9546.333333333328
335407,323456.81,11950.190000000002
46805,57267.66,10462.660000000003
26972,26725.03,246.97000000000116
218059,182550.05666666667,35508.94333333333
36099,31357.35,4741.6500000000015
44322,43775.88,546.1200000000026
22222,28756.913333333334,6534.913333333334
57983,71328.01666666666,13345.016666666663
29412,30942.403333333332,1530.4033333333318
22977,22906.12,70.88000000000102
20156,21549.983333333334,1393.9833333333336
20195,29405.16,9210.16
9082,9012.87,69.1299999999992
16366,17448.91,1082.9099999999999
4810,7878.633333333333,3068.633333333333
22223,22382.326666666668,159.32666666666773
202929,192894.04666666666,10034.953333333338
188091,187572.39,518.609999999986
21698,26192.086666666666,4494.086666666666
9016,9682.11,666.1100000000006
17613,18094.92,481.91999999999825
22199,27914.05,5715.049999999999
63432,67320.09666666666,3888.0966666666645
52231,48196.25666666667,4034.743333333332
23010,25221.746666666666,2211.746666666666
114454,113733.69333333333,720.3066666666709
175168,179673.90333333332,4505.903333333321
137500,136482.33666666667,1017.6633333333302
15057,17111.22333333333,2054.2233333333315
17768,19160.703333333335,1392.7033333333347
5845,8726.686666666666,2881.6866666666665
35500,41292.22666666667,5792.226666666669
10179,16156.976666666667,5977.976666666667
39602,44258.0,4656.0
106800,94466.18666666666,12333.813333333339
200,3714.6666666666665,3514.6666666666665
85694,86420.78333333334,726.7833333333401
7421,18302.27666666667,10881.276666666668
24492,31262.476666666666,6770.476666666666
15520,21580.05,6060.049999999999
162270,192876.41666666666,30606.416666666657
162720,159165.76333333334,3554.236666666664
21857,24034.816666666666,2177.8166666666657
102743,107709.11666666667,4966.116666666669
101288,97564.03333333334,3723.96666666666
80541,62541.39333333333,17999.606666666667
7968,8145.246666666667,177.2466666666669
6099,6663.53,564.5299999999997
20000,19289.906666666666,710.0933333333342
17301,18495.013333333332,1194.0133333333324
88212,80477.84333333334,7734.156666666662
82835,81266.63,1568.3699999999953
143194,148742.01,5548.010000000009
98182,99526.39,1344.3899999999994
51231,46214.933333333334,5016.066666666666
233257,225807.59,7449.4100000000035
8986,8723.796666666667,262.2033333333329
126498,125866.72,631.2799999999988
188103,182443.57666666666,5659.4233333333395
43018,41914.333333333336,1103.6666666666642
149024,147283.21333333335,1740.7866666666523
14480,18836.953333333335,4356.953333333335
205381,206051.32333333333,670.3233333333337
23796,24072.216666666667,276.21666666666715
41681,38471.363333333335,3209.6366666666654
17400,13332.213333333333,4067.786666666667
8803,9190.286666666667,387.28666666666686
20587,23596.243333333332,3009.243333333332
24140,41669.90666666667,17529.90666666667
162731,165016.17666666667,2285.1766666666663
24790,25196.87,406.869999999999
70972,56304.78333333333,14667.216666666667
31463,35546.293333333335,4083.293333333335
97619,92329.18,5289.820000000007
22091,26577.296666666665,4486.296666666665
25837,25234.873333333333,602.126666666667
38798,37624.78333333333,1173.2166666666672
27138,27956.3,818.2999999999993
11803,13705.413333333334,1902.4133333333339
132702,132504.39333333334,197.6066666666593
41609,37587.473333333335,4021.526666666665
47661,47231.51666666667,429.48333333332994
6920,7265.15,345.14999999999964
21053,25075.933333333334,4022.9333333333343
83723,86640.62333333334,2917.6233333333366
63467,89229.65333333334,25762.653333333335
14482,15271.376666666667,789.376666666667
29408,30656.58,1248.5800000000017
109610,93494.07333333333,16115.926666666666
18410,20531.07,2121.0699999999997
95878,95310.96,567.0399999999936
21896,24144.79,2248.790000000001
23359,32191.443333333333,8832.443333333333
10297,10467.22,170.21999999999935
83078,77135.79,5942.210000000006
88201,111994.60666666667,23793.606666666674
21044,21949.22,905.2200000000012
7967,8635.783333333333,668.7833333333328
262878,231792.26666666666,31085.733333333337
139418,135820.88333333333,3597.1166666666686
66201,70224.37666666666,4023.3766666666634
22199,28114.606666666667,5915.606666666667
13548,17102.22333333333,3554.2233333333315
40618,38965.21333333333,1652.7866666666669
6964,16201.733333333334,9237.733333333334
188269,180062.66333333333,8206.33666666667
6315,12514.31,6199.3099999999995
26789,26923.866666666665,134.86666666666497
101288,97361.12666666666,3926.8733333333366
15703,11349.683333333332,4353.3166666666675
45365,44546.95333333333,818.0466666666689
48725,43875.60333333333,4849.396666666667
24883,28715.22333333333,3832.2233333333315
56935,58575.846666666665,1640.8466666666645
20319,19469.616666666665,849.383333333335
157136,155265.27666666667,1870.723333333328
25858,24527.28,1330.7200000000012
19969,22470.863333333335,2501.8633333333346
108696,108106.71666666666,589.2833333333401
243751,205779.94666666666,37971.053333333344
208131,198359.38333333333,9771.616666666669
88711,78231.93333333333,10479.066666666666
56615,53596.346666666665,3018.6533333333355
131100,124135.44666666667,6964.55333333333
9799,10889.813333333334,1090.8133333333335
15946,18948.786666666667,3002.786666666667
157136,155988.85,1147.1499999999942
49724,52759.96333333333,3035.963333333333
119444,106467.82666666666,12976.17333333334
171877,140840.4,31036.600000000006
156439,153391.87666666668,3047.123333333322
66187,66833.82666666666,646.8266666666605
32385,33794.863333333335,1409.8633333333346
30312,29453.45,858.5499999999993
7353,14198.956666666667,6845.956666666667
23043,21935.156666666666,1107.8433333333342
25797,30302.963333333333,4505.963333333333
14178,14041.173333333334,136.82666666666591
184149,162418.95666666667,21730.043333333335
30000,25347.296666666665,4652.703333333335
109771,107996.04,1774.9600000000064
8502,8832.226666666667,330.22666666666737
21211,22038.37,827.369999999999
45107,41236.02333333333,3870.976666666669
120680,116088.21333333333,4591.786666666667
200786,198066.19,2719.8099999999977
280384,295282.09,14898.090000000026
7660,9354.646666666667,1694.6466666666674
40000,41934.24,1934.239999999998
80643,79698.75666666667,944.243333333332
12698,15161.953333333333,2463.953333333333
26972,27026.28,54.279999999998836
374989,366147.56,8841.440000000002
54145,56577.58666666667,2432.5866666666698
9679,10509.203333333333,830.2033333333329
31195,33049.17333333333,1854.1733333333323
57599,55190.76666666667,2408.23333333333
162351,160465.98666666666,1885.013333333336
21643,22569.716666666667,926.7166666666672
3230,6931.7266666666665,3701.7266666666665
21882,48223.78333333333,26341.783333333333
37202,37013.81333333333,188.18666666666832
157998,161170.11666666667,3172.1166666666686
34539,39221.28333333333,4682.283333333333
10734,11157.143333333333,423.14333333333343
19426,40441.01,21015.010000000002
24600,17987.086666666666,6612.913333333334
26357,33145.12,6788.120000000003
21710,23276.51,1566.5099999999984
67429,63112.833333333336,4316.166666666664
50893,46397.40666666667,4495.5933333333305
252775,249149.72,3625.279999999999
37205,41194.28666666667,3989.286666666667
25267,36644.38333333333,11377.383333333331
98171,95778.18333333333,2392.8166666666657
12857,12833.983333333334,23.016666666666424
33823,36101.26666666667,2278.26666666667
9487,10378.68,891.6800000000003
27522,26780.596666666668,741.4033333333318
11208,13588.656666666666,2380.656666666666
26271,25733.426666666666,537.5733333333337
323558,318805.4633333333,4752.536666666681
228877,244405.05,15528.049999999988
15852,25773.87,9921.869999999999
164604,161302.25666666665,3301.7433333333465
227240,222312.92,4927.079999999987
8502,9338.013333333334,836.0133333333342
13001,18295.213333333333,5294.213333333333
16918,16822.536666666667,95.46333333333314
45333,44255.486666666664,1077.513333333336
213115,198506.97333333333,14608.026666666672
29000,31610.076666666668,2610.0766666666677
24784,29258.08,4474.080000000002
92456,90962.75666666667,1493.243333333332
26234,36462.136666666665,10228.136666666665
19658,20981.95,1323.9500000000007
68702,69774.17,1072.1699999999983
43044,43578.416666666664,534.4166666666642
299709,302974.29333333333,3265.293333333335
177016,173162.33,3853.670000000013
37596,36869.59333333333,726.4066666666695
27621,27774.893333333333,153.89333333333343
51901,50855.706666666665,1045.2933333333349
140961,128597.83666666667,12363.16333333333
9627,10542.87,915.8700000000008
18130,18073.843333333334,56.15666666666584
19735,24197.716666666667,4462.716666666667
116902,113569.05666666667,3332.943333333329
217455,196907.34666666668,20547.65333333332
91837,88602.38333333333,3234.6166666666686
6883,4779.996666666667,2103.003333333333
29859,29119.753333333334,739.246666666666
25557,29182.406666666666,3625.406666666666
19073,21040.88,1967.880000000001
132132,128449.76333333334,3682.236666666664
26409,26120.273333333334,288.72666666666555
18724,13451.896666666667,5272.103333333333
188103,182443.57666666666,5659.4233333333395
16254,18722.55,2468.5499999999993
32139,32740.54,601.5400000000009
19466,19861.266666666666,395.2666666666664
80771,72531.50333333333,8239.496666666673
108378,96954.15,11423.850000000006
25395,27942.616666666665,2547.616666666665
79747,79347.62,399.38000000000466
18000,24654.083333333332,6654.083333333332
27397,27229.286666666667,167.71333333333314
307608,286914.7233333333,20693.276666666672
78520,74689.36666666667,3830.6333333333314
59896,74511.60666666667,14615.606666666674
12160,12038.173333333334,121.82666666666591
110808,106159.23,4648.770000000004
6087,13797.4,7710.4
185676,187500.51,1824.5100000000093
52773,45725.06333333333,7047.936666666668
335407,334369.44333333336,1037.5566666666418
120019,119137.82666666666,881.1733333333395
8617,9063.003333333334,446.003333333334
25342,37661.236666666664,12319.236666666664
211519,206093.65333333332,5425.346666666679
46154,50231.49333333333,4077.493333333332
143579,139991.48333333334,3587.516666666663
30403,33448.96,3045.959999999999
61736,63826.16333333333,2090.1633333333302
30780,26105.52666666667,4674.4733333333315
13304,15408.846666666666,2104.8466666666664
110516,106252.32,4263.679999999993
114254,113676.55,577.4499999999971
23105,23484.06333333333,379.0633333333317
88416,88877.16,461.1600000000035
70000,67670.2,2329.800000000003
25726,27454.02,1728.0200000000004
141042,118024.55333333333,23017.44666666667
16015,17630.203333333335,1615.2033333333347
92456,90497.38333333333,1958.6166666666686
95959,96526.10333333333,567.1033333333326
27964,30969.366666666665,3005.366666666665
56250,59447.916666666664,3197.9166666666642
22493,23371.846666666668,878.8466666666682
457565,425272.91,32292.090000000026
128571,110777.24666666667,17793.753333333327
185920,182265.51666666666,3654.483333333337
339011,308976.92333333334,30034.07666666666
128431,164993.22666666665,36562.226666666655
200263,195235.8,5027.200000000012
16758,19092.393333333333,2334.3933333333334
18935,19793.75,858.75
132921,126833.60666666667,6087.393333333326
56231,52808.25666666667,3422.743333333332
21121,33772.8,12651.800000000003
4947,8189.7733333333335,3242.7733333333335
27000,45547.57666666667,18547.576666666668
9621,9621.0,0.0
86976,86830.49666666667,145.50333333332674
26016,26419.596666666668,403.59666666666817
199299,199172.58333333334,126.41666666665697
392539,352475.87333333335,40063.12666666665
7774,8695.926666666666,921.9266666666663
125357,102528.72,22828.28
40153,41933.306666666664,1780.3066666666637
15238,16033.82,795.8199999999997
188091,186868.76,1222.2399999999907
30266,46270.42,16004.419999999998
289832,275900.95666666667,13931.043333333335
24090,40246.41333333333,16156.41333333333
11371,12386.193333333333,1015.1933333333327
15711,17372.753333333334,1661.753333333334
335407,333567.46,1839.539999999979
73139,72450.4,688.6000000000058
19215,17124.406666666666,2090.593333333334
27132,28138.583333333332,1006.5833333333321
53777,64712.003333333334,10935.003333333334
110676,107389.14,3286.8600000000006
15196,22855.85,7659.8499999999985
12878,13827.94,949.9400000000005
50134,53878.41,3744.4100000000035
43667,51533.76,7866.760000000002
40970,51856.683333333334,10886.683333333334
19222,18203.713333333333,1018.2866666666669
43671,54643.12333333334,10972.123333333337
274457,266771.12333333335,7685.876666666649
13325,21399.763333333332,8074.763333333332
1111,2781.056666666667,1670.0566666666668
6417,6526.37,109.36999999999989
37322,42553.37666666666,5231.376666666663
27522,27520.36,1.639999999999418
30614,31557.826666666668,943.8266666666677
9568,9747.823333333334,179.82333333333372
29078,27418.103333333333,1659.8966666666674
7624,7883.753333333333,259.7533333333331
14701,16572.386666666665,1871.3866666666654
122330,118084.63,4245.369999999995
140000,131256.85333333333,8743.146666666667
97046,107973.02,10927.020000000004
31214,32257.95,1043.9500000000007
97108,104838.11,7730.110000000001
140961,127903.27,13057.729999999996
55076,57749.176666666666,2673.1766666666663
19996,21855.546666666665,1859.5466666666653
7619,15890.196666666667,8271.196666666667
16873,13149.923333333334,3723.076666666666
88003,77336.55,10666.449999999997
226823,198571.90666666668,28251.093333333323
13587,14132.936666666666,545.9366666666665
27113,37383.36666666667,10270.366666666669
13129,24367.406666666666,11238.406666666666
113496,107914.54666666666,5581.453333333338
10319,10319.526666666667,0.5266666666666424
11134,11378.453333333333,244.45333333333292
204955,204854.61666666667,100.3833333333314
97174,96771.65,402.3500000000058
127573,130751.94,3178.9400000000023
60135,64943.68,4808.68
17190,17905.836666666666,715.8366666666661
110808,105001.35666666667,5806.643333333326
60192,59283.50666666667,908.493333333332
100688,99003.65333333334,1684.3466666666645
14853,22673.513333333332,7820.513333333332
21278,21097.16,180.84000000000015
28645,28326.426666666666,318.5733333333337
98583,89540.95666666667,9042.043333333335
37182,43967.83,6785.830000000002
144957,152313.21,7356.209999999992
161620,146353.74666666667,15266.253333333327
23940,24178.193333333333,238.1933333333327
241821,233360.73333333334,8460.266666666663
11810,25028.536666666667,13218.536666666667
10959,15138.356666666667,4179.356666666667
98884,94403.79666666666,4480.203333333338
227139,205896.07666666666,21242.92333333334
136250,123924.48,12325.520000000004
20961,20661.87,299.130000000001
78783,78760.59666666666,22.403333333335468
66168,77865.07666666666,11697.07666666666
5092,7442.846666666666,2350.8466666666664
15032,15014.573333333334,17.42666666666628
38797,43069.57,4272.57
71031,70598.89333333333,432.10666666667385
91522,86894.18,4627.820000000007
415887,406086.06,9800.940000000002
22814,22834.833333333332,20.83333333333212
85694,84217.90666666666,1476.0933333333378
4758,13783.16,9025.16
13375,39576.76666666667,26201.76666666667
119975,113275.22,6699.779999999999
14397,12973.78,1423.2199999999993
168000,154500.81666666668,13499.18333333332
29058,33734.723333333335,4676.723333333335
10914,12617.723333333333,1703.7233333333334
298183,289580.58666666667,8602.41333333333
21642,21239.35,402.65000000000146
28062,32627.183333333334,4565.183333333334
16810,20816.706666666665,4006.706666666665
24755,28940.51,4185.509999999998
124706,120397.08333333333,4308.9166666666715
193913,191200.23666666666,2712.763333333336
89909,113383.18666666666,23474.18666666666
25590,25543.543333333335,46.456666666665114
166101,163335.82,2765.179999999993
45123,41497.78666666667,3625.213333333333
27397,27128.43666666667,268.5633333333317
27785,27981.076666666668,196.07666666666773
139418,138070.02333333335,1347.9766666666546
321265,302624.88333333336,18640.11666666664
14201,31534.23,17333.23
39897,43726.91,3829.9100000000035
240356,237522.71666666667,2833.2833333333256
18735,23791.133333333335,5056.133333333335
69056,70850.21666666666,1794.2166666666599
175712,173271.77333333335,2440.2266666666546
7851,5628.91,2222.09
137949,137706.38,242.61999999999534
45027,42140.29,2886.709999999999
51901,49759.72666666667,2141.273333333331
193913,189359.61,4553.390000000014
24828,25249.273333333334,421.27333333333445
213525,211020.44666666666,2504.553333333344
31158,30672.15,485.84999999999854
85460,85987.05,527.0500000000029
29901,32814.77,2913.769999999997
17322,17717.036666666667,395.03666666666686
38975,36676.653333333335,2298.3466666666645
87123,90261.65333333334,3138.6533333333355
14626,19795.546666666665,5169.546666666665
28328,29175.89,847.8899999999994
188160,187506.04333333333,653.9566666666651
76655,76080.64333333333,574.3566666666738
166805,161593.11666666667,5211.883333333331
25371,26564.096666666668,1193.0966666666682
7968,8606.53,638.5300000000007
25385,26166.113333333335,781.1133333333346
73089,67848.68333333333,5240.316666666666
27156,27462.79,306.7900000000009
132721,132775.46666666667,54.46666666667443
103033,90879.48,12153.520000000004
29096,27910.52,1185.4799999999996
12160,14685.496666666666,2525.496666666666
30192,29988.293333333335,203.70666666666511
210838,198605.59333333332,12232.406666666677
34154,34748.003333333334,594.003333333334
79861,80402.34,541.3399999999965
193516,168225.14333333334,25290.85666666666
223802,219435.90333333332,4366.096666666679
8799,16718.006666666668,7919.006666666668
64286,61692.44666666666,2593.553333333337
27522,27453.26,68.7400000000016
465002,394057.81333333335,70944.18666666665
27081,27746.116666666665,665.116666666665
6832,8144.373333333333,1312.373333333333
96021,92986.93333333333,3034.0666666666657
16293,24189.26,7896.259999999998
11791,13776.73,1985.7299999999996
55099,50724.306666666664,4374.693333333336
385818,363018.19333333336,22799.806666666642
132558,135507.43333333332,2949.4333333333198
62251,62219.39666666667,31.603333333332557
38704,38368.293333333335,335.7066666666651
156439,153517.11666666667,2921.8833333333314
197704,185215.04666666666,12488.953333333338
144509,161905.15333333332,17396.15333333332
71587,82998.98333333334,11411.983333333337
32405,33646.60333333333,1241.6033333333326
37145,52396.75666666667,15251.756666666668
126164,123231.08,2932.9199999999983
22442,23407.073333333334,965.0733333333337
53743,54047.23333333333,304.23333333332994
25777,30743.746666666666,4966.746666666666
16168,19492.616666666665,3324.616666666665
294270,283460.3566666667,10809.643333333312
52616,37050.503333333334,15565.496666666666
24907,25526.346666666668,619.3466666666682
128462,127092.07,1369.929999999993
6078,7079.966666666666,1001.9666666666662
169078,167440.62666666668,1637.373333333322
100000,100964.32333333333,964.3233333333337
149024,146054.48333333334,2969.516666666663
21564,14983.03,6580.969999999999
73539,77421.93666666666,3882.936666666661
277517,248501.38666666666,29015.613333333342
10000,9482.763333333334,517.2366666666658
51360,49468.83666666667,1891.1633333333302
26365,26789.656666666666,424.65666666666584
20000,22769.57,2769.5699999999997
25334,26077.386666666665,743.3866666666654
37808,27432.47,10375.529999999999
23876,23842.94,33.06000000000131
95186,96955.49666666667,1769.4966666666733
23450,23993.373333333333,543.373333333333
23088,30469.336666666666,7381.336666666666
317647,282043.43333333335,35603.56666666665
384055,367320.03,16734.969999999972
16015,17174.47,1159.4700000000012
23363,24318.143333333333,955.1433333333334
64673,95013.94,30340.940000000002
8696,12313.136666666667,3617.136666666667
218925,216579.70666666667,2345.293333333335
127560,112040.27666666667,15519.723333333328
223802,219119.29333333333,4682.706666666665
41989,34890.933333333334,7098.066666666666
8136,8415.42,279.4200000000001
77752,82708.07333333333,4956.073333333334
42500,46328.15666666667,3828.1566666666695
250228,189971.00333333333,60256.99666666667
107514,162917.29,55403.29000000001
174848,172555.67666666667,2292.3233333333337
62703,73654.03666666667,10951.036666666667
312107,291143.87333333335,20963.12666666665
174581,177793.97333333333,3212.973333333328
23321,25621.523333333334,2300.5233333333344
67685,71075.48,3390.479999999996
336000,287519.0266666667,48480.97333333333
40870,39393.096666666665,1476.9033333333355
69231,52913.943333333336,16317.056666666664
32677,28854.113333333335,3822.8866666666654
109463,103331.16666666667,6131.8333333333285
122745,122833.07666666666,88.07666666666046
10788,18084.023333333334,7296.023333333334
35965,36236.89666666667,271.89666666666744
113035,110585.87333333334,2449.1266666666634
162829,161763.81,1065.1900000000023
27475,14180.533333333333,13294.466666666667
22883,26764.18,3881.1800000000003
29071,29031.81,39.18999999999869
232463,229327.23,3135.7699999999895
86907,85810.92666666667,1096.0733333333337
49419,42562.833333333336,6856.166666666664
55593,68933.73,13340.729999999996
25401,29678.09,4277.09
8602,10924.573333333334,2322.5733333333337
32368,34319.4,1951.4000000000015
41004,59283.176666666666,18279.176666666666
19455,27231.3,7776.299999999999
138900,147743.88333333333,8843.883333333331
125670,112090.74666666667,13579.253333333327
286098,239256.82,46841.17999999999
124776,127629.23666666666,2853.236666666664
319429,287669.97,31759.030000000028
346237,285722.7233333333,60514.27666666667
78493,46916.956666666665,31576.043333333335
44770,53002.74333333333,8232.743333333332
61003,59984.33666666667,1018.6633333333302
160256,115545.78666666667,44710.21333333333
189330,158201.76666666666,31128.233333333337
31775,31793.51,18.5099999999984
14323,12251.803333333333,2071.1966666666667
4395,9093.006666666666,4698.006666666666
262966,260028.35,2937.649999999994
37814,36278.79,1535.2099999999991
13971,22038.403333333332,8067.403333333332
122818,112163.65666666666,10654.343333333338
97208,94289.51666666666,2918.483333333337
115053,117762.20666666667,2709.206666666665
322809,307702.0366666667,15106.963333333319
26366,28925.213333333333,2559.213333333333
7968,8229.71,261.7099999999991
11419,12618.063333333334,1199.0633333333335
16111,23208.506666666668,7097.506666666668
212986,214651.55333333334,1665.5533333333442
11510,19090.053333333333,7580.053333333333
15884,18060.41,2176.41
23267,23733.203333333335,466.20333333333474
35878,35869.556666666664,8.44333333333634
27105,25977.583333333332,1127.4166666666679
28738,29225.366666666665,487.36666666666497
21996,17197.123333333333,4798.876666666667
8786,9973.46,1187.4599999999991
109610,101958.3,7651.699999999997
18471,20494.396666666667,2023.3966666666674
8591,10102.676666666666,1511.6766666666663
93532,87068.37666666666,6463.623333333337
26845,46773.47666666667,19928.47666666667
22814,22790.86,23.139999999999418
205631,193853.13,11777.869999999995
7500,9587.666666666666,2087.666666666666
40629,77204.92333333334,36575.92333333334
240356,238449.01666666666,1906.9833333333372
307549,307057.07,491.929999999993
33649,60755.04666666667,27106.04666666667
43841,48751.34333333333,4910.3433333333305
116198,97618.92333333334,18579.07666666666
31759,31399.35,359.65000000000146
17322,17615.05,293.0499999999993
198359,187545.83666666667,10813.16333333333
17150,17039.77,110.22999999999956
29927,29227.226666666666,699.7733333333344
354068,352981.8566666667,1086.1433333333116
34739,41130.76,6391.760000000002
128302,139203.02,10901.01999999999
40719,42925.943333333336,2206.9433333333363
200000,163740.30666666667,36259.69333333333
80000,96509.31333333334,16509.31333333334
100000,97342.36333333333,2657.6366666666727
221117,225162.35,4045.350000000006
146090,144367.29333333333,1722.7066666666651
4950,20178.53,15228.529999999999
82835,82196.5,638.5
18454,19653.066666666666,1199.0666666666657
7639,8221.993333333334,582.9933333333338
15010,20613.183333333334,5603.183333333334
107920,106619.08333333333,1300.9166666666715
19113,30656.956666666665,11543.956666666665
15533,16484.496666666666,951.496666666666
277517,274039.2833333333,3477.7166666666744
8939,11014.17,2075.17
32924,32821.573333333334,102.42666666666628
190627,166581.18,24045.820000000007
135841,124481.72666666667,11359.27333333333
45783,50437.82,4654.82
13763,24003.47333333333,10240.473333333332
34419,37298.416666666664,2879.4166666666642
21505,19218.4,2286.5999999999985
432192,431189.0733333333,1002.9266666666954
10526,23367.793333333335,12841.793333333335
108554,103415.67666666667,5138.323333333334
10145,9914.48,230.52000000000044
66603,56560.846666666665,10042.153333333335
10000,9990.493333333334,9.506666666666206
27957,28962.21,1005.2099999999991
305974,276861.56666666665,29112.43333333335
26789,27158.036666666667,369.03666666666686
20032,18424.793333333335,1607.2066666666651
23011,22997.643333333333,13.35666666666657
8502,9728.67,1226.67
29211,34095.85,4884.8499999999985
8093,25879.03,17786.03
23363,24734.683333333334,1371.6833333333343
28732,50673.75,21941.75
7715,7922.53,207.52999999999975
169913,169894.24666666667,18.753333333326736
398758,400456.31,1698.3099999999977
164486,166315.13666666666,1829.1366666666581
30243,32353.96,2110.959999999999
9568,10713.66,1145.6599999999999
29812,32072.52,2260.5200000000004
83453,81022.99333333333,2430.006666666668
113661,155274.57666666666,41613.57666666666
90080,89406.32333333333,673.6766666666663
110676,104320.91666666667,6355.0833333333285
65823,63943.31,1879.6900000000023
6167,8429.3,2262.2999999999993
43155,72308.59,29153.589999999997
16792,23718.33,6926.330000000002
22387,29612.446666666667,7225.446666666667
24567,19909.743333333332,4657.256666666668
39589,45187.35333333333,5598.353333333333
31511,30428.706666666665,1082.2933333333349
40954,40078.74,875.260000000002
6193,8096.17,1903.17
92479,89969.95333333334,2509.0466666666616
7715,8089.54,374.53999999999996
23199,23019.943333333333,179.0566666666673
21333,24999.676666666666,3666.6766666666663
20394,22899.11,2505.1100000000006
459091,443045.74666666664,16045.253333333356
57869,55306.16,2562.8399999999965
62045,60279.02333333333,1765.9766666666692
155000,148959.28666666665,6040.713333333348
32509,32083.353333333333,425.64666666666744
27873,27838.983333333334,34.016666666666424
57661,60329.85,2668.8499999999985
59412,58883.083333333336,528.9166666666642
24250,30511.773333333334,6261.773333333334
64762,59807.23333333333,4954.76666666667
227242,245752.99666666667,18510.996666666673
110857,99116.68,11740.320000000007
36698,27784.836666666666,8913.163333333334
107692,92109.43666666666,15582.563333333339
22313,24993.29,2680.290000000001
54622,61807.68,7185.68
22727,22367.36,359.6399999999994
20213,32775.363333333335,12562.363333333335
243418,240672.39,2745.609999999986
167798,129429.47333333333,38368.52666666667
115790,92175.70333333334,23614.29666666666
31604,30819.986666666668,784.0133333333324
33960,44686.84333333333,10726.84333333333
10000,11526.896666666667,1526.8966666666674
113360,111459.3,1900.699999999997
25260,26228.07,968.0699999999997
200958,175134.87666666668,25823.123333333322
169416,101544.21333333333,67871.78666666667
6553,6773.403333333334,220.40333333333365
26053,31815.766666666666,5762.766666666666
13681,14625.02,944.0200000000004
47347,51751.473333333335,4404.473333333335
30380,30512.31333333333,132.31333333333168
121901,129002.69333333333,7101.693333333329
8602,9432.206666666667,830.2066666666669
226592,216669.88333333333,9922.116666666669
10121,10024.386666666667,96.61333333333278
12780,13272.36,492.3600000000006
421316,378235.12333333335,43080.87666666665
23917,23518.41,398.59000000000015
18630,25082.566666666666,6452.566666666666
131963,123434.98333333334,8528.016666666663
26666,26709.35,43.349999999998545
18735,19484.533333333333,749.5333333333328
24862,26520.873333333333,1658.873333333333
199803,195503.55333333334,4299.446666666656
13171,12442.966666666667,728.0333333333328
146020,146583.09,563.0899999999965
39219,39365.85666666667,146.85666666666657
26789,27169.833333333332,380.8333333333321
9028,13640.57,4612.57
21858,22066.42,208.41999999999825
11998,13127.356666666667,1129.3566666666666
120000,124254.21333333333,4254.213333333333
146090,139604.67333333334,6485.3266666666605
23267,24318.233333333334,1051.2333333333336
8223,10244.266666666666,2021.2666666666664
136343,131786.28666666665,4556.713333333348
214260,189881.57666666666,24378.42333333334
65610,77015.83666666667,11405.83666666667
78125,117371.52666666667,39246.52666666667
259662,255520.44333333333,4141.556666666671
78040,75020.77,3019.229999999996
9568,9766.28,198.28000000000065
40010,49819.613333333335,9809.613333333335
252483,256181.26333333334,3698.263333333336
121175,126085.46,4910.460000000006
70808,78993.18666666666,8185.186666666661
29071,30526.0,1455.0
133353,136154.20333333334,2801.2033333333384
166719,164208.29333333333,2510.706666666665
256262,260737.14333333334,4475.143333333341
12002,11111.373333333333,890.626666666667
27290,12793.03,14496.97
24013,23901.386666666665,111.6133333333346
18173,18437.52666666667,264.52666666666846
89385,77580.23666666666,11804.763333333336
24000,30204.52,6204.52
41805,42241.33666666667,436.33666666666977
21344,20094.97333333333,1249.0266666666685
10857,10646.153333333334,210.84666666666635
26005,26031.116666666665,26.11666666666497
126820,119750.04666666666,7069.953333333338
19597,20499.113333333335,902.1133333333346
4448,21813.046666666665,17365.046666666665
72118,55928.31,16189.690000000002
62064,57439.27,4624.730000000003
34193,33800.496666666666,392.503333333334
72459,69471.64666666667,2987.3533333333326
22136,24785.646666666667,2649.6466666666674
10415,12545.906666666666,2130.906666666666
79198,78795.79333333333,402.2066666666651
10000,13219.516666666666,3219.5166666666664
21211,22569.54,1358.5400000000009
27899,28439.886666666665,540.8866666666654
185920,184147.39333333334,1772.6066666666593
56674,59824.35666666667,3150.3566666666666
77902,76696.73666666666,1205.263333333336
52321,55809.18,3488.1800000000003
21218,21077.423333333332,140.57666666666773
92184,92937.46666666666,753.4666666666599
69763,67933.52333333333,1829.4766666666692
312107,291371.91333333333,20735.08666666667
27921,47608.846666666665,19687.846666666665
43559,48929.71,5370.709999999999
112822,110423.84666666666,2398.1533333333355
192104,194539.62,2435.6199999999953
22828,23806.943333333333,978.9433333333327
104167,103535.33,631.6699999999983
10415,10418.49,3.4899999999997817
28421,29683.536666666667,1262.5366666666669
268306,266144.74333333335,2161.2566666666535
285897,301782.75333333336,15885.753333333356
183405,178124.01333333334,5280.986666666664
232463,223417.94666666666,9045.053333333344
136768,118501.52333333333,18266.47666666667
20386,25558.42,5172.419999999998
22008,24068.05,2060.0499999999993
55593,69910.30333333333,14317.30333333333
10789,10665.94,123.05999999999949
40466,76412.16333333333,35946.16333333333
104002,104374.37,372.36999999999534
104962,108667.13333333333,3705.1333333333314
57692,56644.17,1047.8300000000017
13726,15498.843333333334,1772.8433333333342
28457,29014.46,557.4599999999991
35878,36730.88333333333,852.8833333333314
19073,26996.696666666667,7923.696666666667
39830,36433.61,3396.3899999999994
13596,61568.68,47972.68
15521,15584.046666666667,63.04666666666708
104528,66048.25333333333,38479.74666666667
224367,217139.99666666667,7227.003333333327
232463,231343.43,1119.570000000007
25000,26907.2,1907.2000000000007
204599,199787.45333333334,4811.546666666662
26163,26373.69,210.6899999999987
112323,113075.25,752.25
179569,161956.57,17612.429999999993
192973,191615.77333333335,1357.2266666666546
195328,264614.88666666666,69286.88666666666
35939,34544.986666666664,1394.013333333336
43273,52038.83,8765.830000000002
17543,17156.953333333335,386.04666666666526
103053,102758.92,294.08000000000175
10565,12558.003333333334,1993.003333333334
102044,100099.17,1944.8300000000017
342609,336298.19333333336,6310.806666666642
90347,79185.94666666667,11161.05333333333
28918,30694.32,1776.3199999999997
63076,59547.33666666667,3528.6633333333302
80873,70464.31,10408.690000000002
101288,99032.20333333334,2255.7966666666616
135039,125901.64333333333,9137.356666666674
9400,9666.34,266.34000000000015
17969,19265.263333333332,1296.2633333333324
18114,19463.623333333333,1349.623333333333
11200,12117.363333333333,917.3633333333328
31775,32403.78,628.7799999999988
44619,44437.55333333334,181.44666666666308
35943,35134.19666666666,808.8033333333369
433437,398836.5933333333,34600.40666666668
109463,103915.32666666666,5547.6733333333395
192339,197658.17666666667,5319.176666666666
76713,71237.54666666666,5475.453333333338
142016,150602.72666666665,8586.726666666655
395507,363710.89,31796.109999999986
35111,43616.916666666664,8505.916666666664
12500,10503.093333333334,1996.9066666666658
21211,22140.823333333334,929.8233333333337
19042,25772.266666666666,6730.266666666666
3333,8128.09,4795.09
120000,119506.71333333333,493.28666666666686
50435,53982.46666666667,3547.466666666667
32013,54362.63333333333,22349.63333333333
95000,97198.26,2198.2599999999948
123323,120275.96333333333,3047.036666666667
23533,25747.956666666665,2214.956666666665
34588,36779.12666666666,2191.1266666666634
90080,87791.47,2288.529999999999
54185,62666.41333333333,8481.41333333333
415887,393954.5133333333,21932.486666666693
134795,134552.73,242.26999999998952
18216,21059.173333333332,2843.1733333333323
37145,40499.496666666666,3354.496666666666
165123,158535.01666666666,6587.983333333337
85744,85520.99,223.00999999999476
27612,51052.096666666665,23440.096666666665
166699,135829.85,30869.149999999994
8846,11327.063333333334,2481.0633333333335
12317,12873.59,556.5900000000001
41622,45201.58666666667,3579.5866666666698
19852,21342.013333333332,1490.0133333333324
30343,21828.47333333333,8514.526666666668
45317,45184.996666666666,132.003333333334
20145,22364.48,2219.4799999999996
9487,10954.7,1467.7000000000007
44359,50620.363333333335,6261.363333333335
100000,115431.27666666667,15431.276666666672
23758,23372.9,385.09999999999854
10706,10550.943333333333,155.0566666666673
66187,69346.68666666666,3159.686666666661
110445,116327.08333333333,5882.0833333333285
22883,26096.746666666666,3213.746666666666
305986,300131.5833333333,5854.416666666686
80495,85476.84,4981.8399999999965
16344,19924.18666666667,3580.1866666666683
28508,27795.353333333333,712.6466666666674
23940,24154.18666666667,214.18666666666832
24452,25330.426666666666,878.4266666666663
28395,30503.33,2108.3300000000017
243011,234827.19333333333,8183.806666666671
27906,27293.126666666667,612.873333333333
23533,23762.246666666666,229.246666666666
20515,21946.193333333333,1431.1933333333327
57983,70105.04666666666,12122.046666666662
9593,9620.803333333333,27.803333333333285
130776,149861.07,19085.070000000007
229189,231882.21333333335,2693.2133333333477
41805,42241.33666666667,436.33666666666977
24862,26443.906666666666,1581.9066666666658
17922,20236.46,2314.459999999999
15759,24992.163333333334,9233.163333333334
8136,8526.883333333333,390.8833333333332
22374,25652.23,3278.2299999999996
11707,11197.186666666666,509.8133333333335
8085,18763.636666666665,10678.636666666665
6177,14393.143333333333,8216.143333333333
85938,99237.98,13299.979999999996
66985,59094.71666666667,7890.283333333333
60149,57902.71333333333,2246.286666666667
16072,14315.773333333333,1756.2266666666674
55893,56958.14666666667,1065.1466666666674
65428,68792.07333333333,3364.0733333333337
85962,83228.75666666667,2733.243333333332
19244,21727.06,2483.0600000000013
7143,8740.476666666667,1597.4766666666674
156000,149503.46666666667,6496.533333333326
12511,26207.706666666665,13696.706666666665
10000,16720.726666666666,6720.726666666666
11369,12514.523333333333,1145.5233333333326
40000,48805.24333333333,8805.243333333332
299709,299895.20666666667,186.20666666666511
52256,58322.71,6066.709999999999
41706,48399.24333333333,6693.243333333332
37145,48616.916666666664,11471.916666666664
100688,98994.82,1693.179999999993
24308,28098.183333333334,3790.1833333333343
17061,16940.986666666668,120.01333333333241
8136,9080.576666666666,944.5766666666659
13750,22154.07,8404.07
99940,98260.58666666667,1679.4133333333302
50111,44436.096666666665,5674.9033333333355
65222,64627.636666666665,594.3633333333346
56286,63570.34,7284.3399999999965
20864,17789.54,3074.459999999999
96414,91059.66,5354.3399999999965
200188,203204.33333333334,3016.333333333343
151411,158933.81666666668,7522.81666666668
26441,27934.166666666668,1493.1666666666679
61879,59376.63,2502.3700000000026
323303,317725.95,5577.049999999988
22559,24140.246666666666,1581.246666666666
21237,23139.46,1902.4599999999991
62500,63223.50666666667,723.506666666668
28133,27306.08,826.9199999999983
115357,139296.66,23939.660000000003
23429,27067.226666666666,3638.2266666666656
12054,13181.003333333334,1127.003333333334
7607,13465.313333333334,5858.3133333333335
16158,21870.493333333332,5712.493333333332
18573,19434.533333333333,861.5333333333328
28328,29785.43,1457.4300000000003
205631,200816.33666666667,4814.66333333333
11149,13331.466666666667,2182.466666666667
8222,8853.303333333333,631.3033333333333
83723,87190.23333333334,3467.233333333337
10145,9348.24,796.7600000000002
307428,185866.74666666667,121561.25333333333
25334,25389.386666666665,55.386666666665406
23353,16133.286666666667,7219.713333333333
107920,93929.49666666667,13990.503333333327
157136,154884.37333333332,2251.626666666678
30000,31487.74,1487.7400000000016
163654,150264.30666666667,13389.693333333329
16111,18655.13,2544.130000000001
183965,180738.07666666666,3226.9233333333395
188091,184939.13,3151.8699999999953
86899,81252.35,5646.649999999994
44871,56987.943333333336,12116.943333333336
52546,84122.12333333334,31576.123333333337
62339,60532.973333333335,1806.0266666666648
24427,50764.63,26337.629999999997
28492,31307.253333333334,2815.253333333334
90261,101215.74333333333,10954.743333333332
18795,18950.636666666665,155.6366666666654
23168,21784.076666666668,1383.9233333333323
128000,83585.92666666667,44414.073333333334
17152,29825.646666666667,12673.646666666667
39870,29303.19,10566.810000000001
21076,49689.87333333334,28613.873333333337
304978,303256.07666666666,1721.9233333333395
55983,60148.51666666667,4165.51666666667
16667,19216.703333333335,2549.7033333333347
187461,183019.31,4441.690000000002
60000,72464.68,12464.679999999993
166966,159488.49333333335,7477.5066666666535
162540,160222.44666666666,2317.553333333344
21429,31392.236666666668,9963.236666666668
27789,28737.37,948.369999999999
344117,335599.76,8517.23999999999
18000,20476.31333333333,2476.3133333333317
35584,42382.10333333333,6798.103333333333
73470,95262.71,21792.710000000006
27621,27768.433333333334,147.4333333333343
226963,214291.4,12671.600000000006
206243,206360.83666666667,117.83666666666977
10121,10092.386666666667,28.613333333332776
42187,40307.11,1879.8899999999994
230430,229816.87333333332,613.1266666666779
175133,148813.19666666666,26319.803333333344
19466,23314.92,3848.9199999999983
55076,55904.176666666666,828.1766666666663
79036,60117.43666666667,18918.56333333333
22573,22818.58,245.58000000000175
41937,41910.543333333335,26.456666666665114
167820,137887.31,29932.690000000002
35286,56137.65666666667,20851.65666666667
4042,6926.58,2884.58
27542,27755.403333333332,213.40333333333183
9695,17936.743333333332,8241.743333333332
46766,49190.87666666666,2424.8766666666634
50749,51783.71,1034.7099999999991
54550,73123.38333333333,18573.38333333333
129974,104731.29333333333,25242.706666666665
23333,21516.603333333333,1816.3966666666674
37418,39707.79,2289.790000000001
7825,7821.83,3.1700000000000728
113522,117418.52666666667,3896.526666666672
88971,102932.47333333333,13961.473333333328
25642,28892.016666666666,3250.0166666666664
6310,10180.07,3870.0699999999997
102843,99184.35333333333,3658.6466666666674
25845,33249.683333333334,7404.683333333334
68278,64613.246666666666,3664.753333333334
18976,21075.993333333332,2099.993333333332
188160,181244.13333333333,6915.866666666669
204487,192961.06333333332,11525.936666666676
5091,10283.776666666667,5192.776666666667
37528,39458.27,1930.2699999999968
129865,121872.87333333334,7992.126666666663
73282,74201.85333333333,919.8533333333326
49688,53043.763333333336,3355.763333333336
18048,29021.703333333335,10973.703333333335
31604,32029.06,425.0600000000013
210286,186682.26,23603.73999999999
12351,12153.983333333334,197.01666666666642
343433,339149.87666666665,4283.123333333351
140517,117285.03333333334,23231.96666666666
19872,18968.21,903.7900000000009
163362,145523.62666666668,17838.373333333322
11641,17039.123333333333,5398.123333333333
169935,158282.54333333333,11652.456666666665
56927,60280.64333333333,3353.6433333333334
303275,300935.24,2339.7600000000093
5679,6934.016666666666,1255.0166666666664
207982,196972.47666666665,11009.523333333345
18974,22466.37,3492.369999999999
52998,54209.223333333335,1211.2233333333352
2415,6027.483333333334,3612.4833333333336
146230,140138.06,6091.940000000002
268531,247756.54333333333,20774.456666666665
31008,22621.09,8386.91
21218,21635.53,417.52999999999884
24667,29244.976666666666,4577.976666666666
26125,27569.036666666667,1444.0366666666669
27028,26025.396666666667,1002.6033333333326
26816,17005.47333333333,9810.526666666668
255556,131767.51333333334,123788.48666666666
19073,19642.763333333332,569.7633333333324
13275,18656.21,5381.209999999999
14825,18020.93666666667,3195.9366666666683
12000,12635.54,635.5400000000009
26629,31094.646666666667,4465.646666666667
96200,98962.48666666666,2762.486666666664
93583,93485.01666666666,97.98333333333721
58833,58584.986666666664,248.01333333333605
37476,35788.64333333333,1687.3566666666666
77020,85429.31,8409.309999999998
112448,111414.81666666667,1033.1833333333343
28476,27450.493333333332,1025.506666666668
111215,111793.72333333333,578.7233333333279
2980,6328.02,3348.0200000000004
125000,117355.64333333333,7644.356666666674
100385,100374.68,10.320000000006985
63724,46367.846666666665,17356.153333333335
14847,20584.423333333332,5737.423333333332
35878,35203.87666666666,674.1233333333366
7161,7642.003333333333,481.0033333333331
59989,54323.90666666667,5665.0933333333305
45000,49712.62333333334,4712.623333333337
50824,56696.05,5872.050000000003
61890,71952.27,10062.270000000004
266530,217238.20666666667,49291.793333333335
61429,60915.62,513.3799999999974
44609,39333.2,5275.800000000003
88368,88149.53,218.47000000000116
18216,20410.866666666665,2194.866666666665
242211,208460.05333333334,33750.946666666656
155229,139620.81666666668,15608.18333333332
175168,167719.6,7448.399999999994
37607,62604.06333333333,24997.06333333333
5730,7385.486666666667,1655.4866666666667
25668,25385.663333333334,282.33666666666613
20052,35565.64333333333,15513.643333333333
27785,29719.786666666667,1934.7866666666669
8500,12351.986666666666,3851.9866666666658
77812,88598.32666666666,10786.32666666666
50000,54232.636666666665,4232.636666666665
16551,31156.32,14605.32
18712,39145.16,20433.160000000003
122814,118958.36666666667,3855.6333333333314
72244,81024.12,8780.119999999995
110638,109791.05666666667,846.9433333333291
44261,46949.81,2688.8099999999977
7742,9783.473333333333,2041.4733333333334
10789,11074.64,285.6399999999994
19113,33717.31333333333,14604.313333333332
53066,54272.566666666666,1206.5666666666657
6203,6549.0233333333335,346.02333333333354
90241,89465.25666666667,775.743333333332
113035,112003.20333333334,1031.7966666666616
244119,214628.17666666667,29490.823333333334
28703,27235.483333333334,1467.5166666666664
80716,79764.67,951.3300000000017
8231,12458.58,4227.58
133168,63146.73333333333,70021.26666666666
123289,123462.9,173.89999999999418
14700,15669.576666666666,969.5766666666659
26271,25634.35,636.6500000000015
93946,90219.56333333334,3726.436666666661
101383,96105.82666666666,5277.1733333333395
19056,19462.403333333332,406.40333333333183
34836,35292.65666666667,456.6566666666695
23312,28382.853333333333,5070.853333333333
30655,31512.613333333335,857.6133333333346
217531,206890.40333333332,10640.596666666679
290981,285378.16333333333,5602.83666666667
68566,68673.29,107.2899999999936
125220,114419.20666666667,10800.793333333335
10145,10884.08,739.0799999999999
77656,86646.92666666667,8990.926666666666
17994,24771.58,6777.580000000002
65435,61963.76,3471.239999999998
27964,32983.61666666667,5019.616666666669
36387,54558.25,18171.25
319252,263265.5266666667,55986.47333333333
249332,238177.66,11154.339999999997
266530,251852.76333333334,14677.236666666664
91410,93996.84,2586.8399999999965
45412,45385.71666666667,26.28333333333285
112000,108132.63333333333,3867.3666666666686
15533,15824.276666666667,291.27666666666664
120680,115865.32333333333,4814.676666666666
188908,187284.86666666667,1623.1333333333314
266998,266196.11666666664,801.8833333333605
56231,55027.2,1203.800000000003
183778,166898.99666666667,16879.003333333327
137949,133523.72,4425.279999999999
22027,22098.463333333333,71.46333333333314
22598,40629.823333333334,18031.823333333334
9820,9837.036666666667,17.03666666666686
45027,42138.34333333333,2888.6566666666695
9500,11151.643333333333,1651.6433333333334
323086,318104.79333333333,4981.206666666665
181522,175059.78333333333,6462.216666666674
110676,105820.60666666667,4855.393333333326
23859,27866.226666666666,4007.2266666666656
222125,200820.42333333334,21304.57666666666
28784,29329.763333333332,545.7633333333324
216815,217861.72666666665,1046.7266666666546
69231,54581.46666666667,14649.533333333333
230430,230677.89333333334,247.8933333333407
193913,192431.31,1481.6900000000023
91501,85792.83666666667,5708.16333333333
50999,52538.23,1539.2300000000032
18025,21480.886666666665,3455.8866666666654
148495,141947.87,6547.130000000005
22902,25121.84,2219.84
9591,9586.48,4.520000000000437
191099,166090.06333333332,25008.936666666676
22977,23220.216666666667,243.21666666666715
12351,12244.163333333334,106.83666666666613
321132,316829.9033333333,4302.096666666679
164486,164728.12666666668,242.12666666667792
34615,31087.22,3527.779999999999
112317,90493.67333333334,21823.32666666666
25846,27428.83,1582.8300000000017
18216,18795.853333333333,579.8533333333326
38247,47878.693333333336,9631.693333333336
24286,25174.883333333335,888.883333333335
7995,9120.96,1125.9599999999991
578,2863.31,2285.31
36698,41043.17333333333,4345.173333333332
26163,26222.493333333332,59.493333333331975
80357,93808.47333333333,13451.473333333328
173596,180012.38333333333,6416.383333333331
9187,9754.68,567.6800000000003
6731,21100.493333333332,14369.493333333332
165000,143365.28333333333,21634.716666666674
115946,117144.45666666667,1198.4566666666651
63112,62694.96666666667,417.03333333333285
17625,18256.78,631.7799999999988
124894,129947.2,5053.199999999997
2814,4491.9366666666665,1677.9366666666665
20301,49041.13,28740.129999999997
16000,17105.92,1105.9199999999983
14121,16001.033333333333,1880.0333333333328
84440,109372.38666666667,24932.386666666673
209796,113685.19,96110.81
57646,63870.34,6224.3399999999965
15198,16197.78,999.7800000000007
335407,333287.87666666665,2119.123333333351
170789,174574.95666666667,3785.956666666665
10628,10903.596666666666,275.59666666666635
185053,141335.35666666666,43717.64333333334
25357,23863.93666666667,1493.0633333333317
37500,38874.47666666667,1374.4766666666692
6320,8426.846666666666,2106.8466666666664
93194,85629.79666666666,7564.203333333338
50514,50790.363333333335,276.3633333333346
140432,137389.88666666666,3042.113333333342
34137,48856.47666666667,14719.47666666667
38000,43635.00666666667,5635.006666666668
17079,27603.696666666667,10524.696666666667
56912,70482.58666666667,13570.58666666667
141869,136960.65666666668,4908.343333333323
11182,18856.036666666667,7674.036666666667
15533,16503.08,970.0800000000017
12752,15717.27,2965.2700000000004
105177,106037.18,860.179999999993
171349,164593.33666666667,6755.66333333333
225747,212348.03333333333,13398.966666666674
188091,186001.23,2089.7699999999895
14184,14702.433333333332,518.4333333333325
407441,402363.99666666664,5077.003333333356
35500,36127.7,627.6999999999971
23940,24812.263333333332,872.2633333333324
10926,11369.833333333334,443.83333333333394
72182,69107.12,3074.8800000000047
64143,64851.31333333333,708.3133333333317
2382,6500.95,4118.95
339378,337433.55666666664,1944.4433333333582
18323,20888.756666666668,2565.756666666668
101288,97934.82,3353.179999999993
398785,371747.4633333333,27037.53666666668
139499,138509.34,989.6600000000035
78646,75252.17333333334,3393.8266666666605
31020,25277.666666666668,5742.333333333332
123949,152867.64,28918.640000000014
76000,51208.05333333334,24791.946666666663
18780,18426.336666666666,353.66333333333387
28810,29117.043333333335,307.0433333333349
12450,30592.413333333334,18142.413333333334
28133,28531.653333333332,398.65333333333183
16971,19014.11,2043.1100000000006
66354,65794.76666666666,559.2333333333372
137949,134449.26666666666,3499.733333333337
27306,25632.496666666666,1673.503333333334
40000,48794.67,8794.669999999998
50962,53265.83666666667,2303.8366666666698
23702,24110.97,408.97000000000116
86976,86838.99,137.00999999999476
31709,33198.25666666667,1489.256666666668
162540,161352.02333333335,1187.9766666666546
27324,26807.67,516.3300000000017
28516,34165.503333333334,5649.503333333334
60125,80420.56333333334,20295.56333333334
86035,84323.60666666667,1711.3933333333262
202833,150022.35666666666,52810.64333333334
101504,98661.78333333334,2842.21666666666
30334,38800.53666666667,8466.536666666667
6062,7451.256666666667,1389.2566666666671
23020,22270.96,749.0400000000009
19998,30058.81333333333,10060.813333333332
75260,77742.56666666667,2482.5666666666657
40349,32028.573333333334,8320.426666666666
1617,3952.97,2335.97
27621,28378.096666666668,757.0966666666682
7336,9861.206666666667,2525.206666666667
384055,366821.29,17233.71000000002
17619,16838.3,780.7000000000007
118679,127824.28666666667,9145.286666666667
9652,14835.476666666667,5183.476666666667
88346,84540.08333333333,3805.9166666666715
21232,23309.326666666668,2077.3266666666677
294691,294730.55666666664,39.55666666664183
46265,42569.89,3695.1100000000006
260575,249975.48666666666,10599.513333333336
15156,19744.48,4588.48
96698,95602.69,1095.3099999999977
10870,17859.933333333334,6989.933333333334
31537,31385.17,151.83000000000175
307406,294195.2633333333,13210.736666666693
36501,48400.68,11899.68
202848,203316.43666666668,468.4366666666756
9820,9888.39,68.38999999999942
36131,36625.34333333333,494.3433333333305
27138,33964.14666666667,6826.146666666667
14232,18570.38,4338.380000000001
159367,171807.99666666667,12440.996666666673
17061,17433.96,372.9599999999991
93194,90209.01666666666,2984.983333333337
48956,48240.98333333333,715.0166666666701
88356,77017.64,11338.36
27138,30728.06333333333,3590.0633333333317
26372,27990.68,1618.6800000000003
39965,40841.073333333334,876.0733333333337
17008,38397.84333333333,21389.84333333333
10261,16223.713333333333,5962.713333333333
36394,39693.96333333333,3299.963333333333
27310,26817.426666666666,492.5733333333337
15078,14718.01,359.9899999999998
186040,202783.04333333333,16743.043333333335
76593,74021.45666666667,2571.543333333335
36705,34433.72666666667,2271.273333333331
73171,73062.53333333334,108.46666666665988
92069,90836.28,1232.7200000000012
167924,150127.84,17796.160000000003
81368,79024.14333333333,2343.856666666674
401926,408765.33666666667,6839.33666666667
11043,12781.863333333333,1738.8633333333328
20508,20385.746666666666,122.25333333333401
19704,23546.653333333332,3842.653333333332
10734,10981.94,247.9400000000005
50000,43699.61666666667,6300.383333333331
37202,38493.39666666667,1291.3966666666674
22912,23682.623333333333,770.623333333333
186443,185121.08333333334,1321.916666666657
26789,27158.036666666667,369.03666666666686
205381,203152.10333333333,2228.8966666666674
16359,19865.513333333332,3506.5133333333324
179410,157038.92,22371.079999999987
283917,275164.95,8752.049999999988
133171,133054.16,116.83999999999651
42857,45428.50666666667,2571.506666666668
8126,15560.86,7434.860000000001
342609,330762.00666666665,11846.993333333347
135000,113292.17666666667,21707.823333333334
285359,273831.12666666665,11527.873333333351
12222,14710.71,2488.709999999999
146076,143113.74,2962.2600000000093
70657,69019.7,1637.300000000003
8265,9690.803333333333,1425.8033333333333
7841,10085.31,2244.3099999999995
30000,51078.86,21078.86
24896,29887.963333333333,4991.963333333333
44691,43983.61,707.3899999999994
22442,23961.983333333334,1519.9833333333336
142018,122638.85,19379.149999999994
104452,100300.6,4151.399999999994
28692,28130.75,561.25
230430,230015.79,414.20999999999185
110524,118514.52666666667,7990.526666666672
13334,40259.35666666667,26925.356666666667
226607,217731.54333333333,8875.456666666665
21710,22490.846666666668,780.8466666666682
116046,123360.12,7314.119999999995
13726,16718.816666666666,2992.8166666666657
27785,27981.076666666668,196.07666666666773
232625,223172.98666666666,9452.013333333336
100000,100343.11,343.1100000000006
5882,9856.953333333333,3974.953333333333
25507,26395.326666666668,888.3266666666677
28476,29133.39,657.3899999999994
8592,8774.62,182.6200000000008
95765,94398.26,1366.7400000000052
19125,23919.356666666667,4794.356666666667
16081,38950.816666666666,22869.816666666666
48956,48111.636666666665,844.3633333333346
169913,121539.32666666666,48373.67333333334
76928,78179.96,1251.9600000000064
18904,17172.773333333334,1731.2266666666656
34154,34515.37,361.3700000000026
107470,94261.89333333333,13208.106666666674
22769,22841.506666666668,72.50666666666802
49551,34527.3,15023.699999999997
134815,131561.26333333334,3253.736666666664
169764,135563.11333333334,34200.88666666666
8011,12179.65,4168.65
52998,54209.223333333335,1211.2233333333352
49360,57543.24,8183.239999999998
51520,49454.17,2065.8300000000017
23151,22909.51,241.4900000000016
38338,35704.27333333333,2633.726666666669
3914,7949.473333333333,4035.4733333333334
21642,22114.756666666668,472.756666666668
92345,88701.95333333334,3643.0466666666616
3473,3414.28,58.7199999999998
21875,33759.19,11884.190000000002
28395,28634.463333333333,239.46333333333314
316341,313108.75666666665,3232.2433333333465
89000,58489.62666666666,30510.373333333337
38052,38268.02,216.0199999999968
202500,181577.12,20922.880000000005
88711,86577.15,2133.850000000006
14761,28671.976666666666,13910.976666666666
6078,6254.573333333334,176.57333333333372
22223,22534.806666666667,311.8066666666673
4118,7493.276666666667,3375.2766666666666
24509,28596.503333333334,4087.503333333334
57689,61857.72,4168.720000000001
23847,29870.046666666665,6023.046666666665
25321,29821.68,4500.68
95150,93712.90333333334,1437.0966666666645
272746,271016.64,1729.359999999986
20515,21603.256666666668,1088.256666666668
164486,164426.73666666666,59.26333333333605
15023,24530.89,9507.89
15718,18778.28,3060.279999999999
28395,28818.233333333334,423.2333333333336
15318,17665.29,2347.290000000001
13053,10496.073333333334,2556.9266666666663
24452,27257.18,2805.1800000000003
11380,11331.963333333333,48.03666666666686
8722,9296.86,574.8600000000006
8947,9036.0,89.0
16955,16247.48,707.5200000000004
25668,25729.69,61.68999999999869
159364,149058.10666666666,10305.89333333334
12878,13715.143333333333,837.1433333333334
26792,24004.68666666667,2787.3133333333317
39241,39829.62,588.6200000000026
41590,39602.36,1987.6399999999994
8758,15769.34,7011.34
88943,87338.65,1604.3500000000058
11301,16210.99,4909.99
140795,136076.53333333333,4718.466666666674
41974,42166.903333333335,192.90333333333547
25401,28003.18,2602.1800000000003
20000,17737.116666666665,2262.883333333335
254321,234846.97,19474.03
385434,357400.94,28033.059999999998
115008,139046.03,24038.03
46000,57411.043333333335,11411.043333333335
75141,76617.89333333333,1476.8933333333262
11222,11134.633333333333,87.36666666666679
323086,320197.84,2888.1599999999744
40000,67434.84333333334,27434.843333333338
77632,69738.41333333333,7893.58666666667
104452,105557.66,1105.6600000000035
245277,244458.09,818.9100000000035
41388,53875.35333333333,12487.353333333333
30649,41941.28,11292.279999999999
42555,43959.323333333334,1404.3233333333337
192946,176288.12333333332,16657.876666666678
8368,10423.703333333333,2055.703333333333
38616,57751.32,19135.32
27209,25735.993333333332,1473.006666666668
36709,46218.426666666666,9509.426666666666
7624,7978.94,354.9399999999996
99459,96338.06666666667,3120.9333333333343
117201,109008.02666666667,8192.973333333328
88953,85716.2,3236.800000000003
50847,46395.01666666667,4451.98333333333
79130,74895.52666666667,4234.473333333328
222609,235086.24,12477.23999999999
13189,19629.486666666668,6440.486666666668
13486,14282.613333333333,796.6133333333328
152304,149314.18,2989.820000000007
22376,23395.766666666666,1019.7666666666664
8387,15593.666666666666,7206.666666666666
55168,61172.636666666665,6004.636666666665
33823,43146.32666666667,9323.326666666668
9249,9739.79,490.7900000000009
22814,24261.65,1447.6500000000015
70664,70273.25333333333,390.74666666667326
38889,41219.34,2330.3399999999965
37301,46532.33666666667,9231.33666666667
88588,88378.33666666667,209.66333333333023
28805,29021.43666666667,216.43666666666832
35966,35399.02333333333,566.9766666666692
21241,20984.32,256.6800000000003
137770,120911.55666666667,16858.44333333333
98884,90665.42666666667,8218.573333333334
148126,131832.13333333333,16293.866666666669
96414,91268.03,5145.970000000001
71625,65984.92,5640.080000000002
44007,42116.223333333335,1890.7766666666648
30811,37282.996666666666,6471.996666666666
131439,142387.80666666667,10948.806666666671
67280,62095.32666666667,5184.673333333332
97385,94053.93333333333,3331.0666666666657
200000,170958.57,29041.429999999993
24304,24018.986666666668,285.0133333333324
28685,29456.493333333332,771.493333333332
12000,11518.43,481.5699999999997
26005,25501.58,503.41999999999825
69523,79117.48666666666,9594.486666666664
49985,49150.42,834.5800000000017
22222,24659.756666666668,2437.756666666668
25401,27003.07,1602.0699999999997
106556,121988.44333333333,15432.443333333329
169825,151988.92333333334,17836.07666666666
1500,11670.876666666667,10170.876666666667
20000,18559.933333333334,1440.0666666666657
329512,331761.53,2249.530000000028
10121,10171.626666666667,50.626666666667006
39400,55111.71,15711.71
82461,77203.89666666667,5257.103333333333
69141,69602.84,461.8399999999965
17094,20051.123333333333,2957.123333333333
16598,16750.626666666667,152.626666666667
11216,9391.066666666668,1824.9333333333325
35228,33326.34,1901.6600000000035
11123,13878.323333333334,2755.3233333333337
112339,110184.37666666666,2154.6233333333366
40630,37909.556666666664,2720.4433333333363
104452,101384.61666666667,3067.3833333333314
159224,159148.98,75.01999999998952
48502,48675.18666666667,173.18666666666832
21349,21447.76,98.7599999999984
68693,70011.46,1318.4600000000064
20535,25105.72,4570.720000000001
11538,3563.96,7974.04
8451,10764.276666666667,2313.2766666666666
10433,9278.61,1154.3899999999994
96270,93332.48333333334,2937.516666666663
64241,62893.21,1347.7900000000009
75174,89631.86333333333,14457.863333333327
62660,62355.95,304.0500000000029
35277,40574.816666666666,5297.816666666666
28220,30407.31333333333,2187.3133333333317
14138,14413.383333333333,275.3833333333332
86976,85782.40666666666,1193.5933333333378
164604,161686.52,2917.4800000000105
31538,32692.27666666667,1154.2766666666685
43577,45111.57,1534.5699999999997
120628,121164.56666666667,536.5666666666657
41558,56767.97,15209.970000000001
29782,29515.333333333332,266.6666666666679
25777,30156.183333333334,4379.183333333334
140463,138898.57,1564.429999999993
20652,23053.78,2401.779999999999
50000,47623.51,2376.489999999998
30423,30560.9,137.90000000000146
18058,18022.49,35.5099999999984
106667,104272.87666666666,2394.1233333333366
25321,25630.386666666665,309.3866666666654
42526,44087.27333333333,1561.2733333333308
301218,305567.00666666665,4349.0066666666535
289220,276579.66,12640.340000000026
62852,61389.20333333333,1462.796666666669
331853,224900.60333333333,106952.39666666667
11998,12008.366666666667,10.366666666666788
22475,33789.23,11314.230000000003
27785,28599.873333333333,814.873333333333
311070,280775.01666666666,30294.983333333337
4642,11358.71,6716.709999999999
137949,131858.94333333333,6090.056666666671
31033,56038.66,25005.660000000003
9667,11025.196666666667,1358.1966666666667
63209,62353.723333333335,855.2766666666648
24893,28361.81,3468.8100000000013
22769,25107.633333333335,2338.633333333335
27105,32271.763333333332,5166.763333333332
57296,59800.20333333333,2504.203333333331
143742,142596.01333333334,1145.986666666664
159025,194492.24666666667,35467.24666666667
8894,8163.8966666666665,730.1033333333335
60677,62327.10333333333,1650.1033333333326
17050,17836.913333333334,786.9133333333339
56499,54262.10333333333,2236.8966666666674
63907,51410.753333333334,12496.246666666666
74144,79393.05333333333,5249.05333333333
7161,7259.9766666666665,98.97666666666646
164101,163539.32333333333,561.6766666666663
401926,408765.33666666667,6839.33666666667
14209,19788.41,5579.41
92069,91043.00333333333,1025.9966666666733
65000,47254.503333333334,17745.496666666666
78333,78172.59333333334,160.4066666666622
35362,38414.75666666667,3052.756666666668
407758,394703.31333333335,13054.686666666646
42077,43888.056666666664,1811.0566666666637
51967,89531.32,37564.32000000001
32888,32120.48,767.5200000000004
21917,21920.833333333332,3.8333333333321207
165915,160148.94333333333,5766.056666666671
16412,17547.763333333332,1135.7633333333324
385818,384166.56333333335,1651.4366666666465
9781,11878.376666666667,2097.376666666667
24852,24852.946666666667,0.9466666666667152
6446,9642.316666666668,3196.3166666666675
16807,18114.213333333333,1307.2133333333331
28188,37861.87333333334,9673.873333333337
11633,13199.543333333333,1566.543333333333
32063,33929.596666666665,1866.5966666666645
136059,135813.77333333335,245.22666666665464
322292,315263.62,7028.380000000005
7450,8068.933333333333,618.9333333333334
64137,143917.84333333332,79780.84333333332
18740,24291.14,5551.139999999999
52019,51999.77333333333,19.22666666666919
113100,147657.59,34557.59
120150,119916.03,233.97000000000116
14286,16652.42,2366.4199999999983
88943,87718.02333333333,1224.9766666666692
105177,104635.52333333333,541.4766666666692
118459,113294.77333333333,5164.226666666669
97421,96300.02,1120.979999999996
190454,178964.01666666666,11489.983333333337
109375,109563.37333333334,188.37333333333663
75306,79598.36333333333,4292.363333333327
49688,50892.97,1204.9700000000012
85694,84217.90666666666,1476.0933333333378
45027,44027.95,999.0500000000029
25497,29586.576666666668,4089.5766666666677
9820,10373.763333333334,553.7633333333342
811,2456.1033333333335,1645.1033333333335
86907,82756.82,4150.179999999993
170818,167578.03,3239.970000000001
20587,23356.486666666668,2769.4866666666676
92345,85781.3,6563.699999999997
21632,21567.116666666665,64.88333333333503
101504,100744.53666666667,759.4633333333331
18500,19489.616666666665,989.616666666665
267729,240338.51666666666,27390.483333333337
36516,33881.013333333336,2634.986666666664
24140,28956.13,4816.130000000001
16868,15982.246666666666,885.753333333334
27815,29773.553333333333,1958.5533333333333
262528,249873.43333333332,12654.56666666668
109992,94480.32,15511.679999999993
132500,147648.62333333332,15148.623333333322
82835,82144.67666666667,690.3233333333337
160184,155648.45333333334,4535.546666666662
98387,97850.95333333334,536.0466666666616
17992,23658.286666666667,5666.286666666667
95000,97577.18333333333,2577.1833333333343
25783,33573.87,7790.870000000003
19296,20281.62,985.619999999999
62698,78854.29,16156.289999999994
82580,77901.03666666667,4678.963333333333
217455,198588.54,18866.459999999992
215028,204532.37,10495.630000000005
351358,315371.1433333333,35986.85666666669
249854,245405.29333333333,4448.706666666665
75633,70373.59333333334,5259.406666666662
55741,106650.69,50909.69
29286,27931.073333333334,1354.9266666666663
30142,27728.253333333334,2413.746666666666
140000,113695.76,26304.240000000005
252775,249028.40333333332,3746.596666666679
24615,27959.88,3344.880000000001
23187,23374.59,187.59000000000015
